road_id,hazard_id,hazard_category
osm_243325994_2407565891_0,199,Low
osm_243325994_2407565892_0,199,Low
osm_243325994_2407565892_1,199,Low
osm_243326004_338406860_0,2063,Low
osm_243326004_4450473918_0,2063,Low
osm_243326004_338461410_0,2063,Low
osm_243326004_338461410_0,199,Low
osm_249112798_7111954110_0,199,Low
osm_249112798_325206177_0,199,Low
osm_277911472_338440189_0,199,Low
osm_277911472_300195623_0,199,Low
osm_277911472_2442518721_0,199,Low
osm_277911472_3493019110_0,199,Low
osm_277911475_325206636_0,2065,Low
osm_277911475_325206636_0,199,Low
osm_277911475_11050686281_0,199,Low
osm_277911475_11770224848_0,199,Low
osm_277911476_11050686281_0,199,Low
osm_277911482_338440271_0,2064,Low
osm_277911482_338440292_0,2064,Low
osm_277911482_300313031_0,911,Very Low
osm_277911482_300313031_0,2064,Low
osm_277912040_277912866_0,199,Low
osm_277912040_299382813_0,199,Low
osm_277912040_6305009113_0,199,Low
osm_277912042_300165093_0,2124,Low
osm_277912042_300165585_0,2124,Low
osm_277912042_11622343188_0,898,Very Low
osm_277912042_11622343188_0,2124,Low
osm_277912042_2167149075_0,2124,Low
osm_277912046_300367530_0,3995,High
osm_277912046_277912047_0,3995,High
osm_277912046_338249925_0,3995,High
osm_277912046_338249939_0,3995,High
osm_277912047_2166938806_0,3995,High
osm_277912047_277912046_0,3995,High
osm_277912047_338249935_0,3995,High
osm_277912048_338249926_0,1344,Very Low
osm_277912048_338249926_0,3995,High
osm_277912048_338249919_0,1344,Very Low
osm_277912048_338249919_0,3995,High
osm_277912048_338249924_0,3995,High
osm_277912049_338249921_0,1344,Very Low
osm_277912049_2167027598_0,1344,Very Low
osm_277912049_2167027598_0,1342,Low
osm_277912050_300367953_0,3993,Very High
osm_277912050_300367953_0,1342,Low
osm_277912050_338250107_0,3993,Very High
osm_277912050_2167027598_0,3993,Very High
osm_277912050_2167027598_0,1342,Low
osm_277912051_6305098300_0,1344,Very Low
osm_277912051_6305098300_0,1342,Low
osm_277912051_2167027576_0,1342,Low
osm_277912051_299883153_0,3993,Very High
osm_277912051_299883153_0,1342,Low
osm_277912052_12030565394_0,3998,High
osm_277912052_277912053_0,3998,High
osm_277912052_338238791_0,3998,High
osm_277912053_277912052_0,3998,High
osm_277912053_299883134_0,3997,Very High
osm_277912053_299883134_0,3998,High
osm_277912053_299883134_0,3666,Very High
osm_277912053_299883167_0,3998,High
osm_277912054_299883118_0,3997,Very High
osm_277912054_299883118_0,3998,High
osm_277912054_299883118_0,3666,Very High
osm_277912054_11059229589_0,3998,High
osm_277912054_299883121_0,3998,High
osm_277912054_299883136_0,3998,High
osm_277912055_14091487575_0,3998,High
osm_277912055_1878169816_0,3998,High
osm_277912055_2166791406_0,3998,High
osm_277912692_300196324_0,2120,Low
osm_277912692_300196324_0,210,Low
osm_277912692_277912693_0,210,Low
osm_277912692_2116367796_0,210,Low
osm_277912693_300183397_0,210,Low
osm_277912693_2168960108_0,210,Low
osm_277912693_277912692_0,210,Low
osm_277912703_277912704_0,199,Low
osm_277912704_2168960127_0,199,Low
osm_277912704_277912703_0,199,Low
osm_277912704_313444432_0,199,Low
osm_277912863_300159531_0,199,Low
osm_277912863_300159832_0,199,Low
osm_277912863_1197468491_0,199,Low
osm_277912863_300159529_0,199,Low
osm_277912865_300159065_0,199,Low
osm_277912865_277912948_0,210,Low
osm_277912866_277912040_0,199,Low
osm_277912913_7825039600_0,210,Low
osm_277912913_2116367796_0,210,Low
osm_277912916_11626222040_0,210,Low
osm_277912916_300372147_0,210,Low
osm_277912916_277912948_0,210,Low
osm_277912948_300164843_0,210,Low
osm_277912948_277912865_0,210,Low
osm_277912948_277912916_0,210,Low
osm_280086367_338249943_0,3995,High
osm_280086367_338249946_0,3995,High
osm_280086367_2166938853_0,3995,High
osm_280086988_339282334_0,354,Low
osm_280086988_303451155_0,354,Low
osm_280086988_339287121_0,354,Low
osm_280086989_300462991_0,354,Low
osm_280086989_300198098_0,354,Low
osm_280086989_280086990_0,354,Low
osm_280086989_299382073_0,354,Low
osm_280086990_280086989_0,354,Low
osm_280087141_339287183_0,354,Low
osm_280087141_2168960227_0,354,Low
osm_280520945_300465145_0,212,Low
osm_280520945_6590245066_0,212,Low
osm_280520945_338250433_0,212,Low
osm_291018468_299879508_0,3989,Moderate
osm_299382061_299385497_0,210,Low
osm_299382061_299385414_0,210,Low
osm_299382061_300183383_0,210,Low
osm_299382073_280086989_0,354,Low
osm_299382574_299382591_0,199,Low
osm_299382591_299382574_0,199,Low
osm_299382591_6318051102_0,199,Low
osm_299382591_299383030_0,199,Low
osm_299382591_300469152_0,199,Low
osm_299382594_6318051102_0,2063,Low
osm_299382594_6318051102_0,199,Low
osm_299382594_299383020_0,2063,Low
osm_299382594_299382713_0,2063,Low
osm_299382594_299382713_0,199,Low
osm_299382713_299382594_0,2063,Low
osm_299382713_299382594_0,199,Low
osm_299382713_299886616_0,199,Low
osm_299382713_338440049_0,2063,Low
osm_299382713_338440049_0,199,Low
osm_299382713_6304943208_0,199,Low
osm_299382716_2167149210_0,2063,Low
osm_299382716_338223169_0,2063,Low
osm_299382716_338440049_0,2063,Low
osm_299382730_338223280_0,3989,Moderate
osm_299382813_277912040_0,199,Low
osm_299382813_300301437_0,199,Low
osm_299382813_6304943212_0,199,Low
osm_299382813_300469152_0,199,Low
osm_299382923_6497689887_0,2063,Low
osm_299382923_6497689887_0,5053,Low
osm_299382923_6497689887_0,5052,Low
osm_299382923_299383040_0,2063,Low
osm_299382923_299383040_0,5053,Low
osm_299382923_299383040_0,5052,Low
osm_299382923_299881750_0,2124,Low
osm_299382923_299881750_0,5053,Low
osm_299382923_299881750_0,5052,Low
osm_299382923_299880831_0,2124,Low
osm_299382923_299880831_0,3996,Moderate
osm_299382923_299880831_0,5053,Low
osm_299382923_299880831_0,5052,Low
osm_299383020_299383040_0,2063,Low
osm_299383020_299382594_0,2063,Low
osm_299383020_300303930_0,2063,Low
osm_299383020_300303930_0,199,Low
osm_299383030_300303930_0,199,Low
osm_299383030_299382591_0,199,Low
osm_299383040_299886460_0,2063,Low
osm_299383040_299383020_0,2063,Low
osm_299383040_338440049_0,2063,Low
osm_299383040_299382923_0,2063,Low
osm_299383040_299382923_0,5053,Low
osm_299383040_299382923_0,5052,Low
osm_299383048_299383049_0,2063,Low
osm_299383048_6445046253_0,2063,Low
osm_299383048_338223162_0,2063,Low
osm_299383049_299383048_0,2063,Low
osm_299383049_300305184_0,2063,Low
osm_299383049_300305184_0,3989,Moderate
osm_299383049_300165130_0,2063,Low
osm_299383101_299385851_0,211,Low
osm_299383101_300303099_0,898,Very Low
osm_299383101_300303099_0,211,Low
osm_299383101_299384649_0,2124,Low
osm_299383101_299384649_0,211,Low
osm_299383101_299385739_0,211,Low
osm_299383104_6304903884_0,2124,Low
osm_299383104_6304903884_0,211,Low
osm_299383104_299385851_0,211,Low
osm_299383104_299385745_0,211,Low
osm_299383124_299383231_0,2124,Low
osm_299383124_6307234631_0,2124,Low
osm_299383124_6304903884_0,2124,Low
osm_299383231_299383124_0,2124,Low
osm_299383231_300165083_0,2124,Low
osm_299383231_2167149106_0,2124,Low
osm_299383238_2167149106_0,2124,Low
osm_299383238_300165085_0,2124,Low
osm_299383238_300164882_0,2124,Low
osm_299383250_299881867_0,3995,High
osm_299383250_299881867_0,2123,Moderate
osm_299383250_300304364_0,3995,High
osm_299383250_6445033946_0,3995,High
osm_299383250_6445033946_0,2123,Moderate
osm_299383250_6445033946_0,2124,Low
osm_299383331_300165087_0,2124,Low
osm_299383331_300164884_0,2124,Low
osm_299383331_299385837_0,2124,Low
osm_299383331_300164881_0,2124,Low
osm_299383975_299384037_0,898,Very Low
osm_299384037_299385733_0,898,Very Low
osm_299384037_299383975_0,898,Very Low
osm_299384190_299384193_0,898,Very Low
osm_299384190_7806670154_0,898,Very Low
osm_299384190_7806670154_0,1410,Very Low
osm_299384190_300374492_0,898,Very Low
osm_299384193_299384190_0,898,Very Low
osm_299384193_11372653335_0,898,Very Low
osm_299384193_338223181_0,898,Very Low
osm_299384193_300372306_0,898,Very Low
osm_299384193_300372306_0,1410,Very Low
osm_299384637_299384640_0,1410,Very Low
osm_299384637_2167149131_0,1410,Very Low
osm_299384637_300165527_0,1410,Very Low
osm_299384640_299384642_0,1410,Very Low
osm_299384640_299384637_0,1410,Very Low
osm_299384640_300374423_0,1410,Very Low
osm_299384642_299384649_0,898,Very Low
osm_299384642_299384649_0,2124,Low
osm_299384642_299384649_0,1410,Very Low
osm_299384642_299384640_0,1410,Very Low
osm_299384642_299886893_0,1410,Very Low
osm_299384642_299881731_0,1410,Very Low
osm_299384649_299384642_0,898,Very Low
osm_299384649_299384642_0,2124,Low
osm_299384649_299384642_0,1410,Very Low
osm_299384649_300165255_0,2124,Low
osm_299384649_299383101_0,2124,Low
osm_299384649_299383101_0,211,Low
osm_299384688_300303409_0,898,Very Low
osm_299384688_300303400_0,898,Very Low
osm_299384688_299881177_0,898,Very Low
osm_299384833_299384927_0,898,Very Low
osm_299384833_299385391_0,898,Very Low
osm_299384833_11372653335_0,898,Very Low
osm_299384927_299384833_0,898,Very Low
osm_299384927_338223181_0,898,Very Low
osm_299384927_300136290_0,898,Very Low
osm_299385380_300165468_0,210,Low
osm_299385380_300372147_0,210,Low
osm_299385380_6305116562_0,210,Low
osm_299385391_299384833_0,898,Very Low
osm_299385414_299382061_0,210,Low
osm_299385414_11064859586_0,210,Low
osm_299385414_300133844_0,210,Low
osm_299385416_299385422_0,210,Low
osm_299385416_338223198_0,210,Low
osm_299385416_300133975_0,898,Very Low
osm_299385416_300133975_0,1410,Very Low
osm_299385416_300133975_0,4063,Moderate
osm_299385416_300133975_0,2118,Low
osm_299385416_300133975_0,210,Low
osm_299385422_300136290_0,898,Very Low
osm_299385422_299385416_0,210,Low
osm_299385497_300157970_0,210,Low
osm_299385497_299382061_0,210,Low
osm_299385497_299385520_0,210,Low
osm_299385520_299385497_0,210,Low
osm_299385520_11626091359_0,210,Low
osm_299385733_299385739_0,898,Very Low
osm_299385733_299384037_0,898,Very Low
osm_299385733_300303099_0,898,Very Low
osm_299385739_299385733_0,898,Very Low
osm_299385739_299385745_0,211,Low
osm_299385739_299383101_0,211,Low
osm_299385745_299385739_0,211,Low
osm_299385745_300165074_0,211,Low
osm_299385745_299383104_0,211,Low
osm_299385745_11329022596_0,211,Low
osm_299385806_338440041_0,2063,Low
osm_299385806_299879508_0,2063,Low
osm_299385806_299879508_0,3989,Moderate
osm_299385806_6305009114_0,2063,Low
osm_299385806_6305009114_0,199,Low
osm_299385811_300165130_0,2063,Low
osm_299385811_338440038_0,2063,Low
osm_299385811_338223162_0,2063,Low
osm_299385811_300165127_0,2063,Low
osm_299385811_300165127_0,3989,Moderate
osm_299385830_299881747_0,2124,Low
osm_299385830_2167149106_0,2124,Low
osm_299385830_299385851_0,2124,Low
osm_299385830_299385851_0,211,Low
osm_299385837_2167149073_0,2124,Low
osm_299385837_299383331_0,2124,Low
osm_299385837_300165584_0,2124,Low
osm_299385851_299383104_0,211,Low
osm_299385851_299383101_0,211,Low
osm_299385851_299385830_0,2124,Low
osm_299385851_299385830_0,211,Low
osm_299385934_313444563_0,199,Low
osm_299385934_6801270882_0,199,Low
osm_299385934_330410529_0,199,Low
osm_299386096_11770278953_0,2064,Low
osm_299386096_11770278953_0,4061,Moderate
osm_299386096_11770278961_0,4061,Moderate
osm_299386096_11770278969_0,4061,Moderate
osm_299386190_300192508_0,199,Low
osm_299386190_6795313110_0,199,Low
osm_299386190_6795313110_0,2064,Low
osm_299386190_299386209_0,199,Low
osm_299386209_338440263_0,199,Low
osm_299386209_338440292_0,199,Low
osm_299386209_338440292_0,2064,Low
osm_299386209_299386190_0,199,Low
osm_299875402_299875403_0,3666,Very High
osm_299875402_299876860_0,3666,Very High
osm_299875402_299876858_0,3666,Very High
osm_299875403_299875402_0,3666,Very High
osm_299875403_299883118_0,3666,Very High
osm_299875403_299883119_0,3666,Very High
osm_299875423_299875471_0,3666,Very High
osm_299875423_2166791415_0,3666,Very High
osm_299875423_2166791414_0,3666,Very High
osm_299875468_299875469_0,3666,Very High
osm_299875468_299875469_0,1161,Low
osm_299875468_299875541_0,1161,Low
osm_299875468_2166791415_0,3666,Very High
osm_299875468_2166791415_0,1161,Low
osm_299875469_299875468_0,3666,Very High
osm_299875469_299875468_0,1161,Low
osm_299875469_299883122_0,3666,Very High
osm_299875469_299883134_0,3666,Very High
osm_299875471_299875423_0,3666,Very High
osm_299875471_299883119_0,3666,Very High
osm_299875471_299883122_0,3666,Very High
osm_299875476_299875584_0,3666,Very High
osm_299875476_299876858_0,3666,Very High
osm_299875476_299877035_0,3666,Very High
osm_299875495_299876133_0,5003,Very High
osm_299875495_299876133_0,3666,Very High
osm_299875495_299883116_0,3666,Very High
osm_299875495_338238785_0,3666,Very High
osm_299875541_299875543_0,1161,Low
osm_299875541_299875468_0,1161,Low
osm_299875541_2166739402_0,3529,Low
osm_299875541_2166739402_0,3528,Low
osm_299875541_2166739402_0,6015,Very High
osm_299875541_2166739402_0,6014,Low
osm_299875541_2166739402_0,1161,Low
osm_299875543_11640529889_0,3666,Very High
osm_299875543_11640529889_0,1161,Low
osm_299875543_299875541_0,1161,Low
osm_299875543_2166791416_0,1161,Low
osm_299875544_11640529889_0,3666,Very High
osm_299875544_299883134_0,3666,Very High
osm_299875544_338238795_0,3666,Very High
osm_299875581_299875582_0,3666,Very High
osm_299875581_299875582_0,1161,Low
osm_299875581_2166791416_0,1161,Low
osm_299875581_2166791417_0,1161,Low
osm_299875582_299875581_0,3666,Very High
osm_299875582_299875581_0,1161,Low
osm_299875582_338238795_0,3666,Very High
osm_299875582_299883139_0,3666,Very High
osm_299875582_299883139_0,1161,Low
osm_299875584_299875476_0,3666,Very High
osm_299875584_299883116_0,3666,Very High
osm_299875584_299883118_0,3666,Very High
osm_299875618_299876185_0,1161,Low
osm_299875618_299883139_0,1161,Low
osm_299875618_299883166_0,1161,Low
osm_299875694_299876185_0,1161,Low
osm_299875694_7817675903_0,1161,Low
osm_299875694_299876270_0,1161,Low
osm_299876133_299875495_0,5003,Very High
osm_299876133_299875495_0,3666,Very High
osm_299876133_299877035_0,5003,Very High
osm_299876133_299877035_0,3666,Very High
osm_299876133_11414467597_0,5003,Very High
osm_299876133_6588360701_0,5003,Very High
osm_299876185_299875618_0,1161,Low
osm_299876185_2166791417_0,1161,Low
osm_299876185_299875694_0,1161,Low
osm_299876270_299883148_0,1161,Low
osm_299876270_299875694_0,1161,Low
osm_299876270_2166791422_0,3664,Very High
osm_299876270_2166791422_0,1161,Low
osm_299876302_7817675846_0,3664,Very High
osm_299876302_299883148_0,3664,Very High
osm_299876302_299883148_0,1161,Low
osm_299876302_299876354_0,3664,Very High
osm_299876302_2166791422_0,3664,Very High
osm_299876354_299876302_0,3664,Very High
osm_299876354_338238799_0,3664,Very High
osm_299876354_2669699417_0,3664,Very High
osm_299876354_2166791425_0,3664,Very High
osm_299876545_338250169_0,3664,Very High
osm_299876545_338238799_0,3664,Very High
osm_299876545_2166791427_0,3664,Very High
osm_299876545_338250166_0,3664,Very High
osm_299876628_299877250_0,1161,Low
osm_299876628_6799854479_0,3664,Very High
osm_299876628_6799854479_0,1161,Low
osm_299876628_6799854482_0,3664,Very High
osm_299876628_6799854482_0,1161,Low
osm_299876667_299877250_0,3664,Very High
osm_299876667_299877250_0,1161,Low
osm_299876858_299875402_0,3666,Very High
osm_299876858_299875476_0,3666,Very High
osm_299876858_11041690055_0,3666,Very High
osm_299876860_2166791414_0,3666,Very High
osm_299876860_299875402_0,3666,Very High
osm_299876860_11041690054_0,3666,Very High
osm_299876860_11041690054_0,1161,Low
osm_299877035_299875476_0,3666,Very High
osm_299877035_299876133_0,5003,Very High
osm_299877035_299876133_0,3666,Very High
osm_299877035_6588360700_0,3666,Very High
osm_299877250_7817675903_0,1161,Low
osm_299877250_299876628_0,1161,Low
osm_299877250_299876667_0,3664,Very High
osm_299877250_299876667_0,1161,Low
osm_299877683_300165032_0,3993,Very High
osm_299877683_2166938864_0,3993,Very High
osm_299877683_299878048_0,3993,Very High
osm_299877683_299878048_0,3995,High
osm_299877788_330401247_0,3993,Very High
osm_299877788_330401247_0,1344,Very Low
osm_299877788_330401247_0,1342,Low
osm_299877788_299877897_0,3993,Very High
osm_299877788_299877816_0,3993,Very High
osm_299877804_330401247_0,1344,Very Low
osm_299877804_330401247_0,1163,Low
osm_299877804_330401247_0,1342,Low
osm_299877804_330401247_0,3669,Very High
osm_299877804_300186162_0,3993,Very High
osm_299877804_300186162_0,3669,Very High
osm_299877804_2167027634_0,1163,Low
osm_299877804_2167027634_0,3669,Very High
osm_299877805_330401247_0,1344,Very Low
osm_299877805_330401245_0,1344,Very Low
osm_299877805_299878326_0,1344,Very Low
osm_299877816_300186162_0,3993,Very High
osm_299877816_299877788_0,3993,Very High
osm_299877816_299877896_0,3993,Very High
osm_299877816_299877896_0,3669,Very High
osm_299877829_330401247_0,1344,Very Low
osm_299877858_330401245_0,1344,Very Low
osm_299877896_299877816_0,3993,Very High
osm_299877896_299877816_0,3669,Very High
osm_299877896_299877917_0,3669,Very High
osm_299877896_2167027689_0,3669,Very High
osm_299877897_299877788_0,3993,Very High
osm_299877917_299877896_0,3669,Very High
osm_299877917_300376603_0,3993,Very High
osm_299877917_300376603_0,3669,Very High
osm_299877917_338341070_0,3669,Very High
osm_299878024_2167027803_0,3995,High
osm_299878024_299878109_0,3995,High
osm_299878024_299878227_0,3995,High
osm_299878024_11622305335_0,1344,Very Low
osm_299878024_11622305335_0,3995,High
osm_299878047_299878048_0,1344,Very Low
osm_299878047_299878048_0,3995,High
osm_299878048_299878483_0,3993,Very High
osm_299878048_299878483_0,3995,High
osm_299878048_299877683_0,3993,Very High
osm_299878048_299877683_0,3995,High
osm_299878048_2166938846_0,3995,High
osm_299878048_299878047_0,1344,Very Low
osm_299878048_299878047_0,3995,High
osm_299878107_1789988690_0,1344,Very Low
osm_299878107_299878109_0,1344,Very Low
osm_299878107_299878109_0,3995,High
osm_299878107_2166938864_0,3993,Very High
osm_299878107_2166938864_0,1344,Very Low
osm_299878107_2166938864_0,3995,High
osm_299878109_299878024_0,3995,High
osm_299878109_2166938864_0,3993,Very High
osm_299878109_2166938864_0,3995,High
osm_299878109_330401242_0,3995,High
osm_299878109_299878107_0,1344,Very Low
osm_299878109_299878107_0,3995,High
osm_299878131_330401238_0,3995,High
osm_299878131_7169838473_0,3995,High
osm_299878131_300165042_0,3995,High
osm_299878196_330401242_0,1344,Very Low
osm_299878196_330401242_0,3995,High
osm_299878196_300165044_0,3993,Very High
osm_299878196_300165044_0,1344,Very Low
osm_299878196_300165044_0,1342,Low
osm_299878196_2167027772_0,1344,Very Low
osm_299878196_299878252_0,1344,Very Low
osm_299878227_299878024_0,3995,High
osm_299878227_299878252_0,1344,Very Low
osm_299878227_299878252_0,3995,High
osm_299878227_299878272_0,3995,High
osm_299878227_330401242_0,3995,High
osm_299878252_299878227_0,1344,Very Low
osm_299878252_299878227_0,3995,High
osm_299878252_2167027781_0,1344,Very Low
osm_299878252_299878196_0,1344,Very Low
osm_299878272_299878370_0,1344,Very Low
osm_299878272_299878370_0,3995,High
osm_299878272_2167027811_0,3995,High
osm_299878272_299878227_0,3995,High
osm_299878326_2167027772_0,1344,Very Low
osm_299878326_299877805_0,1344,Very Low
osm_299878326_300165044_0,3993,Very High
osm_299878326_300165044_0,1344,Very Low
osm_299878326_300165044_0,1342,Low
osm_299878327_2167027772_0,1344,Very Low
osm_299878327_2167027785_0,1344,Very Low
osm_299878327_2167027781_0,1344,Very Low
osm_299878329_330401245_0,1344,Very Low
osm_299878329_299880900_0,1344,Very Low
osm_299878329_299878744_0,898,Very Low
osm_299878329_299878744_0,1344,Very Low
osm_299878329_299878744_0,37,Very Low
osm_299878329_299878744_0,1345,Very Low
osm_299878370_299878272_0,1344,Very Low
osm_299878370_299878272_0,3995,High
osm_299878370_299878409_0,1344,Very Low
osm_299878370_6305258154_0,1344,Very Low
osm_299878370_6305258154_0,3995,High
osm_299878391_7806740576_0,3995,High
osm_299878391_300184940_0,3995,High
osm_299878391_6305258154_0,3995,High
osm_299878409_2167027827_0,1344,Very Low
osm_299878409_2167027781_0,1344,Very Low
osm_299878409_299878370_0,1344,Very Low
osm_299878409_11768865837_0,1344,Very Low
osm_299878483_299878048_0,3993,Very High
osm_299878483_299878048_0,3995,High
osm_299878483_330401235_0,3993,Very High
osm_299878483_2167027717_0,3993,Very High
osm_299878486_330401238_0,3995,High
osm_299878486_11626076949_0,3995,High
osm_299878486_3284810761_0,3995,High
osm_299878550_300165244_0,2123,Moderate
osm_299878550_300165244_0,2124,Low
osm_299878550_300164903_0,2123,Moderate
osm_299878550_300164903_0,2124,Low
osm_299878550_6498272044_0,3995,High
osm_299878550_6498272044_0,2123,Moderate
osm_299878655_11612617051_0,3995,High
osm_299878655_299883310_0,3995,High
osm_299878655_299883310_0,2124,Low
osm_299878655_299883310_0,211,Low
osm_299878655_299883310_0,3996,Moderate
osm_299878655_300304363_0,3995,High
osm_299878685_300463595_0,3995,High
osm_299878685_299881938_0,3995,High
osm_299878685_299881938_0,3996,Moderate
osm_299878685_6307239351_0,3995,High
osm_299878686_299881938_0,3996,Moderate
osm_299878697_300184998_0,2124,Low
osm_299878697_300184998_0,211,Low
osm_299878738_2167148972_0,3996,Moderate
osm_299878738_2167148972_0,1345,Very Low
osm_299878738_299883766_0,3996,Moderate
osm_299878738_299883747_0,2124,Low
osm_299878738_299883747_0,3996,Moderate
osm_299878744_338222942_0,898,Very Low
osm_299878744_11768865791_0,898,Very Low
osm_299878744_299878329_0,898,Very Low
osm_299878744_299878329_0,1344,Very Low
osm_299878744_299878329_0,37,Very Low
osm_299878744_299878329_0,1345,Very Low
osm_299878818_1889993394_0,2124,Low
osm_299878818_1889993380_0,2124,Low
osm_299878818_299878915_0,3995,High
osm_299878818_299878915_0,2124,Low
osm_299878818_299878915_0,3996,Moderate
osm_299878821_299878915_0,3995,High
osm_299878821_1889993394_0,3995,High
osm_299878821_1889993394_0,2124,Low
osm_299878821_1889993394_0,3996,Moderate
osm_299878821_299883862_0,3995,High
osm_299878850_313857711_0,3995,High
osm_299878850_299878915_0,3995,High
osm_299878850_299878883_0,3995,High
osm_299878883_299878850_0,3995,High
osm_299878883_313857700_0,3995,High
osm_299878883_7806670135_0,3995,High
osm_299878915_299878821_0,3995,High
osm_299878915_299878850_0,3995,High
osm_299878915_299878818_0,3995,High
osm_299878915_299878818_0,2124,Low
osm_299878915_299878818_0,3996,Moderate
osm_299878960_313857696_0,3993,Very High
osm_299878960_299883996_0,3993,Very High
osm_299878960_299883993_0,3664,Very High
osm_299878960_299883993_0,3993,Very High
osm_299878983_313857687_0,3993,Very High
osm_299878983_299879030_0,3993,Very High
osm_299878983_299879030_0,3995,High
osm_299878983_313857708_0,3993,Very High
osm_299879028_299879177_0,1344,Very Low
osm_299879028_299879177_0,3995,High
osm_299879028_313857696_0,3993,Very High
osm_299879028_313857696_0,3995,High
osm_299879028_313857709_0,3995,High
osm_299879028_313857698_0,3993,Very High
osm_299879028_313857698_0,3995,High
osm_299879030_299879097_0,3995,High
osm_299879030_313857691_0,3995,High
osm_299879030_299878983_0,3993,Very High
osm_299879030_299878983_0,3995,High
osm_299879097_299879114_0,3995,High
osm_299879097_313857709_0,3995,High
osm_299879097_299879030_0,3995,High
osm_299879114_299879097_0,3995,High
osm_299879114_299879128_0,3995,High
osm_299879114_299879154_0,3995,High
osm_299879128_299879114_0,3995,High
osm_299879128_313857700_0,3995,High
osm_299879128_11059186577_0,3995,High
osm_299879154_299879114_0,3995,High
osm_299879154_313857691_0,3995,High
osm_299879154_338282639_0,3995,High
osm_299879174_313857697_0,3664,Very High
osm_299879174_313857697_0,3993,Very High
osm_299879174_6451660876_0,3993,Very High
osm_299879174_6451660876_0,1342,Low
osm_299879174_313857698_0,3993,Very High
osm_299879177_299879028_0,1344,Very Low
osm_299879177_299879028_0,3995,High
osm_299879177_1241211260_0,1344,Very Low
osm_299879215_299879280_0,3985,Very High
osm_299879215_299879280_0,3571,Low
osm_299879215_299879312_0,3571,Low
osm_299879215_11171763005_0,3571,Low
osm_299879241_338406414_0,3985,Very High
osm_299879241_338223258_0,3985,Very High
osm_299879241_338223258_0,3571,Low
osm_299879241_4239226795_0,3985,Very High
osm_299879241_4239226795_0,3987,High
osm_299879259_299879280_0,3985,Very High
osm_299879259_338223258_0,3985,Very High
osm_299879259_338223258_0,3571,Low
osm_299879259_4294274188_0,3985,Very High
osm_299879272_6245918932_0,3673,Very High
osm_299879272_6245918932_0,3985,Very High
osm_299879272_1457503217_0,3673,Very High
osm_299879272_338406416_0,3673,Very High
osm_299879280_338282605_0,3985,Very High
osm_299879280_338282605_0,1344,Very Low
osm_299879280_338282605_0,3988,High
osm_299879280_299879215_0,3985,Very High
osm_299879280_299879215_0,3571,Low
osm_299879280_299879259_0,3985,Very High
osm_299879312_338223258_0,3571,Low
osm_299879312_299879215_0,3571,Low
osm_299879312_1768289876_0,3985,Very High
osm_299879312_1768289876_0,3571,Low
osm_299879312_1768289876_0,3988,High
osm_299879508_291018468_0,3989,Moderate
osm_299879508_300165125_0,3989,Moderate
osm_299879508_299385806_0,2063,Low
osm_299879508_299385806_0,3989,Moderate
osm_299879549_2167149180_0,1345,Very Low
osm_299879549_299882980_0,1345,Very Low
osm_299879549_6307339499_0,1345,Very Low
osm_299879549_2230781452_0,1344,Very Low
osm_299879549_2230781452_0,3995,High
osm_299879549_2230781452_0,1345,Very Low
osm_299880374_300193495_0,199,Low
osm_299880374_2168960212_0,199,Low
osm_299880374_330410528_0,199,Low
osm_299880376_339291907_0,2066,Low
osm_299880376_339291912_0,2066,Low
osm_299880376_339291913_0,2066,Low
osm_299880378_300184118_0,199,Low
osm_299880408_366081912_0,911,Very Low
osm_299880408_366081912_0,2064,Low
osm_299880408_366081910_0,911,Very Low
osm_299880408_366081910_0,2064,Low
osm_299880408_366081918_0,911,Very Low
osm_299880408_366081918_0,1407,Very Low
osm_299880454_330410500_0,199,Low
osm_299880454_330410500_0,2064,Low
osm_299880454_7826160025_0,2064,Low
osm_299880454_313444565_0,199,Low
osm_299880454_313444565_0,2064,Low
osm_299880454_11190075837_0,2064,Low
osm_299880477_330410527_0,2064,Low
osm_299880477_6445038355_0,2064,Low
osm_299880477_11626010093_0,2064,Low
osm_299880477_11626010095_0,2064,Low
osm_299880479_313444567_0,2064,Low
osm_299880479_300159776_0,199,Low
osm_299880479_300159776_0,2064,Low
osm_299880479_313444569_0,2064,Low
osm_299880497_7826394719_0,2064,Low
osm_299880497_330410527_0,2064,Low
osm_299880497_11190038634_0,2064,Low
osm_299880505_300159776_0,199,Low
osm_299880505_6245847122_0,199,Low
osm_299880505_299880546_0,199,Low
osm_299880546_299880505_0,199,Low
osm_299880546_299880563_0,199,Low
osm_299880546_299880562_0,199,Low
osm_299880546_11043431556_0,199,Low
osm_299880547_300159828_0,199,Low
osm_299880562_299880546_0,199,Low
osm_299880563_299880546_0,199,Low
osm_299880563_6245847123_0,199,Low
osm_299880563_2168960201_0,199,Low
osm_299880590_2168960212_0,199,Low
osm_299880707_339280277_0,354,Low
osm_299880713_303451155_0,354,Low
osm_299880726_299880734_0,210,Low
osm_299880734_300164843_0,210,Low
osm_299880734_2167149321_0,210,Low
osm_299880734_299880726_0,210,Low
osm_299880823_299880839_0,2124,Low
osm_299880823_299880839_0,3996,Moderate
osm_299880831_300304088_0,2124,Low
osm_299880831_300304088_0,3996,Moderate
osm_299880831_338440047_0,3995,High
osm_299880831_338440047_0,3996,Moderate
osm_299880831_299382923_0,2124,Low
osm_299880831_299382923_0,3996,Moderate
osm_299880831_299382923_0,5053,Low
osm_299880831_299382923_0,5052,Low
osm_299880833_6497689886_0,2124,Low
osm_299880833_300165074_0,2124,Low
osm_299880833_300165074_0,211,Low
osm_299880833_299880835_0,2124,Low
osm_299880835_6307234631_0,2124,Low
osm_299880835_6304903884_0,2124,Low
osm_299880835_299880833_0,2124,Low
osm_299880839_300304089_0,2124,Low
osm_299880839_299880823_0,2124,Low
osm_299880839_299880823_0,3996,Moderate
osm_299880839_3238555683_0,2124,Low
osm_299880839_3238555683_0,3996,Moderate
osm_299880845_300164885_0,2124,Low
osm_299880845_300164884_0,2124,Low
osm_299880845_2167027860_0,2124,Low
osm_299880851_299880853_0,1344,Very Low
osm_299880853_338222927_0,1344,Very Low
osm_299880853_338222927_0,3995,High
osm_299880853_299880851_0,1344,Very Low
osm_299880853_299880900_0,1344,Very Low
osm_299880855_299883712_0,898,Very Low
osm_299880855_299883712_0,2124,Low
osm_299880855_299883712_0,211,Low
osm_299880900_299883719_0,898,Very Low
osm_299880900_299883719_0,1344,Very Low
osm_299880900_299883719_0,37,Very Low
osm_299880900_299883719_0,1345,Very Low
osm_299880900_299880853_0,1344,Very Low
osm_299880900_299878329_0,1344,Very Low
osm_299880913_338222927_0,3995,High
osm_299881054_299881935_0,2124,Low
osm_299881054_299881935_0,211,Low
osm_299881054_299881935_0,3996,Moderate
osm_299881054_3875133338_0,211,Low
osm_299881054_299881932_0,211,Low
osm_299881056_11618453820_0,3995,High
osm_299881056_11618453820_0,3996,Moderate
osm_299881056_299881935_0,3996,Moderate
osm_299881056_299883311_0,3995,High
osm_299881056_299883311_0,3996,Moderate
osm_299881092_3874187459_0,898,Very Low
osm_299881092_300303173_0,898,Very Low
osm_299881092_300303173_0,1410,Very Low
osm_299881092_11622307851_0,898,Very Low
osm_299881096_299881097_0,1344,Very Low
osm_299881096_299881097_0,1345,Very Low
osm_299881096_299881118_0,1345,Very Low
osm_299881096_300164921_0,898,Very Low
osm_299881096_300164921_0,1345,Very Low
osm_299881096_3895061137_0,1344,Very Low
osm_299881096_3895061137_0,1345,Very Low
osm_299881097_299881956_0,898,Very Low
osm_299881097_299881956_0,1344,Very Low
osm_299881097_299881956_0,1345,Very Low
osm_299881097_299881096_0,1344,Very Low
osm_299881097_299881096_0,1345,Very Low
osm_299881097_6305102364_0,1344,Very Low
osm_299881118_6305102364_0,1344,Very Low
osm_299881118_6305102364_0,1345,Very Low
osm_299881118_299881096_0,1345,Very Low
osm_299881118_338223148_0,1345,Very Low
osm_299881118_1789988690_0,1344,Very Low
osm_299881118_1789988690_0,1345,Very Low
osm_299881120_300373049_0,1344,Very Low
osm_299881120_299881121_0,1344,Very Low
osm_299881120_2166938938_0,898,Very Low
osm_299881120_2166938938_0,1344,Very Low
osm_299881120_2166938938_0,1345,Very Low
osm_299881121_299881120_0,1344,Very Low
osm_299881121_338223148_0,1344,Very Low
osm_299881121_338223148_0,1345,Very Low
osm_299881121_12272541598_0,1344,Very Low
osm_299881121_300165248_0,1344,Very Low
osm_299881175_300303466_0,898,Very Low
osm_299881177_300374821_0,898,Very Low
osm_299881177_338223155_0,898,Very Low
osm_299881177_299384688_0,898,Very Low
osm_299881312_300165254_0,898,Very Low
osm_299881312_300165254_0,1410,Very Low
osm_299881312_11189869567_0,898,Very Low
osm_299881312_11189869567_0,1410,Very Low
osm_299881312_300165255_0,898,Very Low
osm_299881312_300165255_0,2124,Low
osm_299881313_3874187460_0,898,Very Low
osm_299881313_3874187460_0,1410,Very Low
osm_299881313_300165254_0,898,Very Low
osm_299881313_300165254_0,1410,Very Low
osm_299881313_11189869568_0,898,Very Low
osm_299881659_300374763_0,4063,Moderate
osm_299881659_2167149172_0,4063,Moderate
osm_299881659_300136155_0,4063,Moderate
osm_299881659_300136155_0,2118,Low
osm_299881731_6444948939_0,1410,Very Low
osm_299881731_300303173_0,1410,Very Low
osm_299881731_300165254_0,1410,Very Low
osm_299881731_299384642_0,1410,Very Low
osm_299881747_299385830_0,2124,Low
osm_299881747_2167149073_0,2124,Low
osm_299881747_299881748_0,2124,Low
osm_299881748_2167149075_0,2124,Low
osm_299881748_300165255_0,2124,Low
osm_299881748_299881747_0,2124,Low
osm_299881750_6497689886_0,2124,Low
osm_299881750_300304088_0,2124,Low
osm_299881750_299382923_0,2124,Low
osm_299881750_299382923_0,5053,Low
osm_299881750_299382923_0,5052,Low
osm_299881772_300304364_0,3995,High
osm_299881789_2166938872_0,1344,Very Low
osm_299881789_11372787922_0,838,Very Low
osm_299881789_11372787922_0,898,Very Low
osm_299881789_11372787922_0,1344,Very Low
osm_299881789_11372787922_0,2117,Low
osm_299881789_2166938861_0,1344,Very Low
osm_299881789_11419669134_0,838,Very Low
osm_299881789_11419669134_0,898,Very Low
osm_299881789_11419669134_0,1344,Very Low
osm_299881800_11042309809_0,3992,Moderate
osm_299881800_338222978_0,3992,Moderate
osm_299881827_6585493710_0,209,Low
osm_299881827_6585493710_0,2117,Low
osm_299881827_6451745662_0,898,Very Low
osm_299881827_6451745662_0,2117,Low
osm_299881827_6307335816_0,2117,Low
osm_299881828_6585493710_0,209,Low
osm_299881828_6585911002_0,209,Low
osm_299881828_7806670128_0,209,Low
osm_299881832_2230781364_0,898,Very Low
osm_299881832_2230781364_0,1345,Very Low
osm_299881845_11827561034_0,899,Very Low
osm_299881867_6445046904_0,3995,High
osm_299881867_299383250_0,3995,High
osm_299881867_299383250_0,2123,Moderate
osm_299881867_2167149162_0,1344,Very Low
osm_299881867_2167149162_0,3995,High
osm_299881932_299883577_0,2124,Low
osm_299881932_299883577_0,211,Low
osm_299881932_299881054_0,211,Low
osm_299881935_299881056_0,3996,Moderate
osm_299881935_299883577_0,2124,Low
osm_299881935_299883577_0,3996,Moderate
osm_299881935_299881054_0,2124,Low
osm_299881935_299881054_0,211,Low
osm_299881935_299881054_0,3996,Moderate
osm_299881938_299878686_0,3996,Moderate
osm_299881938_299878685_0,3995,High
osm_299881938_299878685_0,3996,Moderate
osm_299881938_3875696357_0,2124,Low
osm_299881938_3875696357_0,211,Low
osm_299881938_3875696357_0,3996,Moderate
osm_299881944_300464009_0,3995,High
osm_299881944_11794953392_0,3995,High
osm_299881944_6307239350_0,3995,High
osm_299881945_6498321179_0,2124,Low
osm_299881956_3874187459_0,898,Very Low
osm_299881956_299881097_0,898,Very Low
osm_299881956_299881097_0,1344,Very Low
osm_299881956_299881097_0,1345,Very Low
osm_299881956_11622343188_0,898,Very Low
osm_299881958_6305239490_0,898,Very Low
osm_299881958_2167149131_0,898,Very Low
osm_299881958_2167149131_0,1410,Very Low
osm_299881958_6444948939_0,898,Very Low
osm_299881958_6444948939_0,1410,Very Low
osm_299881959_338223155_0,898,Very Low
osm_299881959_11622307851_0,898,Very Low
osm_299881959_2167149056_0,898,Very Low
osm_299881960_1403766607_0,898,Very Low
osm_299881960_300373859_0,898,Very Low
osm_299881960_300372984_0,898,Very Low
osm_299881960_300372984_0,1345,Very Low
osm_299881963_300373049_0,1344,Very Low
osm_299881964_6305102364_0,838,Very Low
osm_299881964_6305102364_0,898,Very Low
osm_299881964_6305102364_0,1344,Very Low
osm_299882961_299882962_0,1344,Very Low
osm_299882961_338250044_0,1344,Very Low
osm_299882961_2230781395_0,1344,Very Low
osm_299882961_2230781395_0,3992,Moderate
osm_299882961_2230781395_0,3991,High
osm_299882962_2166938857_0,1344,Very Low
osm_299882962_338250040_0,1344,Very Low
osm_299882962_2166938868_0,1344,Very Low
osm_299882962_299882961_0,1344,Very Low
osm_299882980_299879549_0,1345,Very Low
osm_299882980_300304363_0,3995,High
osm_299882980_300304363_0,3996,Moderate
osm_299882980_300304363_0,1345,Very Low
osm_299882980_299883595_0,898,Very Low
osm_299882980_299883595_0,1345,Very Low
osm_299883029_338249907_0,2124,Low
osm_299883029_338239207_0,2124,Low
osm_299883029_300367502_0,2124,Low
osm_299883031_2166938830_0,3995,High
osm_299883031_338249944_0,3995,High
osm_299883031_338249943_0,3995,High
osm_299883031_2166938859_0,3995,High
osm_299883099_6451777326_0,898,Very Low
osm_299883113_338223137_0,898,Very Low
osm_299883113_338239045_0,898,Very Low
osm_299883113_6451777326_0,898,Very Low
osm_299883115_338239046_0,1344,Very Low
osm_299883115_338239046_0,1342,Low
osm_299883115_299883148_0,1342,Low
osm_299883115_299883148_0,1161,Low
osm_299883115_2167027576_0,1342,Low
osm_299883115_299883147_0,1342,Low
osm_299883116_6590123062_0,3666,Very High
osm_299883116_299875495_0,3666,Very High
osm_299883116_299875584_0,3666,Very High
osm_299883118_277912054_0,3997,Very High
osm_299883118_277912054_0,3998,High
osm_299883118_277912054_0,3666,Very High
osm_299883118_299875584_0,3666,Very High
osm_299883118_299875403_0,3666,Very High
osm_299883119_299883136_0,3997,Very High
osm_299883119_299883136_0,3998,High
osm_299883119_299883136_0,3666,Very High
osm_299883119_299875403_0,3666,Very High
osm_299883119_299875471_0,3666,Very High
osm_299883121_2166791411_0,3998,High
osm_299883121_300368904_0,3998,High
osm_299883121_277912054_0,3998,High
osm_299883122_299883167_0,3997,Very High
osm_299883122_299883167_0,3998,High
osm_299883122_299883167_0,3666,Very High
osm_299883122_299875471_0,3666,Very High
osm_299883122_299875469_0,3666,Very High
osm_299883134_277912053_0,3997,Very High
osm_299883134_277912053_0,3998,High
osm_299883134_277912053_0,3666,Very High
osm_299883134_299875469_0,3666,Very High
osm_299883134_299875544_0,3666,Very High
osm_299883136_11818282228_0,3998,High
osm_299883136_299883119_0,3997,Very High
osm_299883136_299883119_0,3998,High
osm_299883136_299883119_0,3666,Very High
osm_299883136_299883167_0,3998,High
osm_299883136_277912054_0,3998,High
osm_299883139_299883140_0,3997,Very High
osm_299883139_299883140_0,1344,Very Low
osm_299883139_299883140_0,1342,Low
osm_299883139_299883140_0,1161,Low
osm_299883139_299875582_0,3666,Very High
osm_299883139_299875582_0,1161,Low
osm_299883139_299875618_0,1161,Low
osm_299883140_299883139_0,3997,Very High
osm_299883140_299883139_0,1344,Very Low
osm_299883140_299883139_0,1342,Low
osm_299883140_299883139_0,1161,Low
osm_299883140_2166791418_0,3998,High
osm_299883140_2166791418_0,1344,Very Low
osm_299883140_300368568_0,1344,Very Low
osm_299883140_300368568_0,1342,Low
osm_299883147_299883166_0,1342,Low
osm_299883147_299883166_0,1161,Low
osm_299883147_300368568_0,1342,Low
osm_299883147_299883115_0,1342,Low
osm_299883148_299876270_0,1161,Low
osm_299883148_299883115_0,1342,Low
osm_299883148_299883115_0,1161,Low
osm_299883148_299883166_0,1161,Low
osm_299883148_299876302_0,3664,Very High
osm_299883148_299876302_0,1161,Low
osm_299883152_6305098301_0,3993,Very High
osm_299883152_6305098301_0,1344,Very Low
osm_299883152_6305098301_0,3995,High
osm_299883152_299883153_0,3993,Very High
osm_299883152_2167027583_0,3993,Very High
osm_299883153_11402923475_0,3664,Very High
osm_299883153_11402923475_0,3993,Very High
osm_299883153_277912051_0,3993,Very High
osm_299883153_277912051_0,1342,Low
osm_299883153_299883152_0,3993,Very High
osm_299883154_300368570_0,2130,Moderate
osm_299883154_300368570_0,2131,Low
osm_299883154_300368570_0,3998,High
osm_299883154_338238821_0,2131,Low
osm_299883154_338238821_0,898,Very Low
osm_299883154_300368480_0,2131,Low
osm_299883154_300368480_0,898,Very Low
osm_299883166_299883147_0,1342,Low
osm_299883166_299883147_0,1161,Low
osm_299883166_299875618_0,1161,Low
osm_299883166_299883148_0,1161,Low
osm_299883167_299883122_0,3997,Very High
osm_299883167_299883122_0,3998,High
osm_299883167_299883122_0,3666,Very High
osm_299883167_299883136_0,3998,High
osm_299883167_2167027568_0,3998,High
osm_299883167_277912053_0,3998,High
osm_299883183_300133843_0,210,Low
osm_299883183_338223192_0,210,Low
osm_299883183_6445112585_0,210,Low
osm_299883184_300134467_0,4063,Moderate
osm_299883184_300133975_0,4063,Moderate
osm_299883186_299883187_0,3993,Very High
osm_299883186_299883187_0,3995,High
osm_299883186_299883878_0,3995,High
osm_299883186_299884000_0,3995,High
osm_299883187_299883186_0,3993,Very High
osm_299883187_299883186_0,3995,High
osm_299883187_299883205_0,3995,High
osm_299883187_299883188_0,3995,High
osm_299883188_300185261_0,3995,High
osm_299883188_300185214_0,3995,High
osm_299883188_299883187_0,3995,High
osm_299883205_300464383_0,3995,High
osm_299883205_299883187_0,3995,High
osm_299883205_299883765_0,3995,High
osm_299883205_300464378_0,3995,High
osm_299883210_300185300_0,3664,Very High
osm_299883210_300185300_0,3993,Very High
osm_299883210_313857689_0,3664,Very High
osm_299883210_313857689_0,3993,Very High
osm_299883210_6451658877_0,3664,Very High
osm_299883297_338406658_0,199,Low
osm_299883308_3875133338_0,211,Low
osm_299883310_299878655_0,3995,High
osm_299883310_299878655_0,2124,Low
osm_299883310_299878655_0,211,Low
osm_299883310_299878655_0,3996,Moderate
osm_299883311_2167149063_0,3995,High
osm_299883311_299881056_0,3995,High
osm_299883311_299881056_0,3996,Moderate
osm_299883311_299883586_0,3995,High
osm_299883320_325210402_0,199,Low
osm_299883329_300464465_0,211,Low
osm_299883330_3875133337_0,211,Low
osm_299883577_299881935_0,2124,Low
osm_299883577_299881935_0,3996,Moderate
osm_299883577_299881932_0,2124,Low
osm_299883577_299881932_0,211,Low
osm_299883577_2167149063_0,3995,High
osm_299883577_2167149063_0,2124,Low
osm_299883577_2167149063_0,3996,Moderate
osm_299883586_7806740579_0,3995,High
osm_299883586_338440036_0,3995,High
osm_299883586_300184940_0,3995,High
osm_299883586_299883311_0,3995,High
osm_299883587_6444993156_0,898,Very Low
osm_299883587_2167149156_0,898,Very Low
osm_299883587_2167149164_0,898,Very Low
osm_299883594_300463599_0,3996,Moderate
osm_299883594_300463599_0,1345,Very Low
osm_299883594_299883595_0,3996,Moderate
osm_299883594_299883595_0,1345,Very Low
osm_299883594_11304038196_0,3996,Moderate
osm_299883595_300463611_0,1345,Very Low
osm_299883595_299883594_0,3996,Moderate
osm_299883595_299883594_0,1345,Very Low
osm_299883595_299882980_0,898,Very Low
osm_299883595_299882980_0,1345,Very Low
osm_299883685_11043635649_0,898,Very Low
osm_299883685_11591529926_0,898,Very Low
osm_299883685_299883719_0,898,Very Low
osm_299883712_299880855_0,898,Very Low
osm_299883712_299880855_0,2124,Low
osm_299883712_299880855_0,211,Low
osm_299883712_11618417255_0,898,Very Low
osm_299883712_11806341579_0,898,Very Low
osm_299883714_338406630_0,211,Low
osm_299883714_6245904904_0,211,Low
osm_299883714_6445191536_0,211,Low
osm_299883719_299880900_0,898,Very Low
osm_299883719_299880900_0,1344,Very Low
osm_299883719_299880900_0,37,Very Low
osm_299883719_299880900_0,1345,Very Low
osm_299883719_299883685_0,898,Very Low
osm_299883719_11768865791_0,898,Very Low
osm_299883744_338222942_0,898,Very Low
osm_299883747_299878738_0,2124,Low
osm_299883747_299878738_0,3996,Moderate
osm_299883747_2167148954_0,2124,Low
osm_299883747_7016048930_0,898,Very Low
osm_299883747_7016048930_0,2124,Low
osm_299883757_338222949_0,898,Very Low
osm_299883758_300464072_0,1344,Very Low
osm_299883758_2167148994_0,1344,Very Low
osm_299883758_338222949_0,898,Very Low
osm_299883758_338222949_0,1344,Very Low
osm_299883758_338222949_0,1345,Very Low
osm_299883765_300464381_0,3995,High
osm_299883765_299883878_0,3995,High
osm_299883765_299883205_0,3995,High
osm_299883766_299878738_0,3996,Moderate
osm_299883766_2167148947_0,3995,High
osm_299883766_2167148947_0,3996,Moderate
osm_299883766_2167148980_0,1344,Very Low
osm_299883766_2167148980_0,3670,Very High
osm_299883766_2167148980_0,3669,Very High
osm_299883766_2167148980_0,3995,High
osm_299883766_2167148980_0,3996,Moderate
osm_299883775_300464381_0,3995,High
osm_299883775_299883862_0,3995,High
osm_299883775_11192479774_0,3995,High
osm_299883817_2167148939_0,2124,Low
osm_299883817_300464917_0,3995,High
osm_299883817_300464917_0,2124,Low
osm_299883817_300464917_0,3996,Moderate
osm_299883817_300464924_0,2124,Low
osm_299883817_300464924_0,3996,Moderate
osm_299883820_2167148954_0,2124,Low
osm_299883820_2167148939_0,2124,Low
osm_299883820_2167148947_0,3995,High
osm_299883820_2167148947_0,2124,Low
osm_299883820_2167148947_0,3996,Moderate
osm_299883833_2167149030_0,2124,Low
osm_299883833_7806646876_0,898,Very Low
osm_299883833_7806646876_0,2124,Low
osm_299883833_2167027768_0,2124,Low
osm_299883862_299883775_0,3995,High
osm_299883862_300464924_0,3995,High
osm_299883862_300464924_0,3996,Moderate
osm_299883862_299883878_0,3995,High
osm_299883862_299878821_0,3995,High
osm_299883876_2230781326_0,3664,Very High
osm_299883876_330401251_0,3664,Very High
osm_299883876_11626066312_0,3664,Very High
osm_299883878_313857711_0,3995,High
osm_299883878_299883862_0,3995,High
osm_299883878_299883186_0,3995,High
osm_299883878_299883765_0,3995,High
osm_299883901_300464334_0,3995,High
osm_299883901_11192479774_0,3995,High
osm_299883901_300464924_0,3995,High
osm_299883901_300464924_0,3996,Moderate
osm_299883943_2167148944_0,2124,Low
osm_299883943_299883945_0,2124,Low
osm_299883943_2167148951_0,2124,Low
osm_299883943_2167148939_0,2124,Low
osm_299883945_299883943_0,2124,Low
osm_299883945_5388533197_0,2124,Low
osm_299883945_300464924_0,2124,Low
osm_299883945_300464924_0,3996,Moderate
osm_299883951_338223259_0,2124,Low
osm_299883968_299883969_0,3664,Very High
osm_299883968_299883969_0,3993,Very High
osm_299883968_299883981_0,3664,Very High
osm_299883968_299883981_0,3993,Very High
osm_299883968_300185298_0,3993,Very High
osm_299883969_6451658877_0,3664,Very High
osm_299883969_299883968_0,3664,Very High
osm_299883969_299883968_0,3993,Very High
osm_299883969_299883981_0,3664,Very High
osm_299883970_313857687_0,3664,Very High
osm_299883970_313857687_0,3993,Very High
osm_299883970_299883984_0,3664,Very High
osm_299883970_6451658877_0,3664,Very High
osm_299883970_299883996_0,3664,Very High
osm_299883970_299883996_0,3993,Very High
osm_299883981_1764122477_0,3664,Very High
osm_299883981_299883968_0,3664,Very High
osm_299883981_299883968_0,3993,Very High
osm_299883981_299883969_0,3664,Very High
osm_299883984_299883970_0,3664,Very High
osm_299883984_330401249_0,3664,Very High
osm_299883984_299883994_0,3664,Very High
osm_299883984_299883993_0,3664,Very High
osm_299883986_330401251_0,3664,Very High
osm_299883986_11626066312_0,3664,Very High
osm_299883986_300185526_0,3664,Very High
osm_299883987_300185429_0,3664,Very High
osm_299883987_300185429_0,3993,Very High
osm_299883987_300185429_0,1343,Very Low
osm_299883987_300185429_0,1342,Low
osm_299883993_299883984_0,3664,Very High
osm_299883993_299878960_0,3664,Very High
osm_299883993_299878960_0,3993,Very High
osm_299883993_313857697_0,3664,Very High
osm_299883994_299883984_0,3664,Very High
osm_299883996_299883970_0,3664,Very High
osm_299883996_299883970_0,3993,Very High
osm_299883996_313857708_0,3993,Very High
osm_299883996_299878960_0,3993,Very High
osm_299883997_338282639_0,3995,High
osm_299884000_299883186_0,3995,High
osm_299884000_300185264_0,3995,High
osm_299884000_338282645_0,3995,High
osm_299886460_338223175_0,2063,Low
osm_299886460_299383040_0,2063,Low
osm_299886460_2167149210_0,2063,Low
osm_299886559_338223169_0,2063,Low
osm_299886559_299886615_0,2063,Low
osm_299886559_338440044_0,2063,Low
osm_299886559_299886837_0,2063,Low
osm_299886615_299886616_0,2063,Low
osm_299886615_299886616_0,199,Low
osm_299886615_299886559_0,2063,Low
osm_299886615_2167149252_0,2063,Low
osm_299886616_299886615_0,2063,Low
osm_299886616_299886615_0,199,Low
osm_299886616_299382713_0,199,Low
osm_299886616_6245972922_0,199,Low
osm_299886837_338440044_0,2063,Low
osm_299886837_338440041_0,2063,Low
osm_299886837_299886559_0,2063,Low
osm_299886893_300303099_0,898,Very Low
osm_299886893_300303099_0,1410,Very Low
osm_299886893_300136489_0,898,Very Low
osm_299886893_300136489_0,1410,Very Low
osm_299886893_299384642_0,1410,Very Low
osm_299886925_300136489_0,898,Very Low
osm_300133843_299883183_0,210,Low
osm_300133843_300134222_0,210,Low
osm_300133843_338223198_0,210,Low
osm_300133844_300134094_0,210,Low
osm_300133844_299385414_0,210,Low
osm_300133844_14209315080_0,210,Low
osm_300133898_10170824096_0,210,Low
osm_300133898_10170824098_0,210,Low
osm_300133898_2167149140_0,210,Low
osm_300133975_300136293_0,1410,Very Low
osm_300133975_300136293_0,4063,Moderate
osm_300133975_299385416_0,898,Very Low
osm_300133975_299385416_0,1410,Very Low
osm_300133975_299385416_0,4063,Moderate
osm_300133975_299385416_0,2118,Low
osm_300133975_299385416_0,210,Low
osm_300133975_338223186_0,4063,Moderate
osm_300133975_299883184_0,4063,Moderate
osm_300134094_7825039601_0,210,Low
osm_300134094_300133844_0,210,Low
osm_300134094_300134200_0,210,Low
osm_300134199_300134200_0,210,Low
osm_300134200_300134199_0,210,Low
osm_300134200_300134094_0,210,Low
osm_300134200_300134222_0,210,Low
osm_300134220_300134222_0,210,Low
osm_300134220_11626131729_0,210,Low
osm_300134220_6445112585_0,210,Low
osm_300134222_300134220_0,210,Low
osm_300134222_300134200_0,210,Low
osm_300134222_300133843_0,210,Low
osm_300134381_338223198_0,210,Low
osm_300134467_299883184_0,4063,Moderate
osm_300134467_300134569_0,4063,Moderate
osm_300134467_300134569_0,2118,Low
osm_300134467_338223192_0,4063,Moderate
osm_300134467_338223192_0,2118,Low
osm_300134467_338223192_0,210,Low
osm_300134569_300134467_0,4063,Moderate
osm_300134569_300134467_0,2118,Low
osm_300134569_7806646844_0,2118,Low
osm_300134655_7825039604_0,210,Low
osm_300134655_6445112585_0,210,Low
osm_300134655_11039705564_0,210,Low
osm_300134656_12055235104_0,210,Low
osm_300135000_9181638649_0,210,Low
osm_300135000_300135044_0,210,Low
osm_300135044_300135000_0,210,Low
osm_300135044_11626211548_0,2118,Low
osm_300135044_11626211548_0,210,Low
osm_300135044_300303651_0,210,Low
osm_300135045_2167149203_0,4063,Moderate
osm_300135045_2167149203_0,2118,Low
osm_300135045_11626211548_0,2118,Low
osm_300135045_300135909_0,2118,Low
osm_300135909_2167149168_0,2118,Low
osm_300135909_300135045_0,2118,Low
osm_300135909_7806646855_0,2118,Low
osm_300135909_7806646855_0,210,Low
osm_300136155_2167149160_0,2118,Low
osm_300136155_2167149198_0,4063,Moderate
osm_300136155_2167149198_0,2118,Low
osm_300136155_299881659_0,4063,Moderate
osm_300136155_299881659_0,2118,Low
osm_300136156_2167149204_0,1410,Very Low
osm_300136156_338223181_0,898,Very Low
osm_300136156_338223181_0,1410,Very Low
osm_300136156_300136382_0,1410,Very Low
osm_300136290_299385422_0,898,Very Low
osm_300136290_11622292440_0,898,Very Low
osm_300136290_300136293_0,898,Very Low
osm_300136290_300136293_0,1410,Very Low
osm_300136290_299384927_0,898,Very Low
osm_300136293_300133975_0,1410,Very Low
osm_300136293_300133975_0,4063,Moderate
osm_300136293_338223181_0,898,Very Low
osm_300136293_338223181_0,1410,Very Low
osm_300136293_300136290_0,898,Very Low
osm_300136293_300136290_0,1410,Very Low
osm_300136371_338223186_0,4063,Moderate
osm_300136371_2167149203_0,4063,Moderate
osm_300136371_2167149204_0,1410,Very Low
osm_300136371_2167149204_0,4063,Moderate
osm_300136382_300372304_0,1410,Very Low
osm_300136382_300136156_0,1410,Very Low
osm_300136382_11626279470_0,1410,Very Low
osm_300136382_11626279470_0,4063,Moderate
osm_300136489_299886925_0,898,Very Low
osm_300136489_299886893_0,898,Very Low
osm_300136489_299886893_0,1410,Very Low
osm_300136489_300374423_0,898,Very Low
osm_300136489_300374423_0,1410,Very Low
osm_300157970_11626222040_0,210,Low
osm_300157970_299385497_0,210,Low
osm_300157970_3674469328_0,210,Low
osm_300157970_11626417914_0,210,Low
osm_300158027_11626417914_0,210,Low
osm_300158027_300188856_0,210,Low
osm_300158027_7826394606_0,210,Low
osm_300159065_277912865_0,199,Low
osm_300159065_300159185_0,199,Low
osm_300159065_1197468247_0,199,Low
osm_300159065_338223207_0,199,Low
osm_300159070_338223227_0,199,Low
osm_300159070_2168960106_0,199,Low
osm_300159070_300164833_0,199,Low
osm_300159185_300159065_0,199,Low
osm_300159185_11801132749_0,199,Low
osm_300159185_1197468247_0,199,Low
osm_300159188_338223227_0,199,Low
osm_300159188_338223207_0,199,Low
osm_300159188_300190607_0,199,Low
osm_300159188_300190250_0,199,Low
osm_300159298_300159299_0,199,Low
osm_300159298_300159530_0,199,Low
osm_300159298_11054207889_0,199,Low
osm_300159298_11054207889_0,2064,Low
osm_300159299_14152948068_0,199,Low
osm_300159299_2167149324_0,199,Low
osm_300159299_300159298_0,199,Low
osm_300159433_2167149327_0,199,Low
osm_300159433_300159512_0,199,Low
osm_300159433_11250382314_0,199,Low
osm_300159433_2167149309_0,199,Low
osm_300159434_11250382314_0,199,Low
osm_300159434_11250382314_0,2064,Low
osm_300159434_300159445_0,2064,Low
osm_300159434_10593574674_0,2064,Low
osm_300159440_7806766991_0,199,Low
osm_300159443_14152948068_0,199,Low
osm_300159443_2167149327_0,199,Low
osm_300159443_11250382313_0,199,Low
osm_300159443_2167149315_0,199,Low
osm_300159445_11250382313_0,199,Low
osm_300159445_11250382313_0,2064,Low
osm_300159445_14152948067_0,2064,Low
osm_300159445_300159434_0,2064,Low
osm_300159498_330420320_0,199,Low
osm_300159498_3000047797_0,199,Low
osm_300159498_300194151_0,199,Low
osm_300159499_300190250_0,199,Low
osm_300159499_11801132749_0,199,Low
osm_300159499_338223214_0,199,Low
osm_300159512_300159433_0,199,Low
osm_300159512_330420245_0,199,Low
osm_300159512_300159513_0,199,Low
osm_300159512_300159513_0,2064,Low
osm_300159513_300159512_0,199,Low
osm_300159513_300159512_0,2064,Low
osm_300159513_10593574674_0,2064,Low
osm_300159513_14049890124_0,2064,Low
osm_300159528_300190607_0,199,Low
osm_300159528_300165281_0,199,Low
osm_300159528_338223207_0,199,Low
osm_300159529_338223221_0,199,Low
osm_300159529_277912863_0,199,Low
osm_300159529_2168960106_0,199,Low
osm_300159530_338223227_0,199,Low
osm_300159530_300159298_0,199,Low
osm_300159530_300164833_0,199,Low
osm_300159531_277912863_0,199,Low
osm_300159531_338223221_0,199,Low
osm_300159531_1197468434_0,199,Low
osm_300159531_300190605_0,199,Low
osm_300159552_330410525_0,2064,Low
osm_300159552_11250382315_0,2064,Low
osm_300159552_330420119_0,2064,Low
osm_300159692_11190008350_0,2064,Low
osm_300159692_11190008350_0,4061,Moderate
osm_300159692_300159762_0,4061,Moderate
osm_300159692_330410518_0,2064,Low
osm_300159692_330410518_0,4061,Moderate
osm_300159695_330410518_0,2064,Low
osm_300159695_330410518_0,4061,Moderate
osm_300159695_300159762_0,4061,Moderate
osm_300159695_330420119_0,2064,Low
osm_300159695_330420119_0,4061,Moderate
osm_300159762_300159692_0,4061,Moderate
osm_300159762_11190008351_0,4061,Moderate
osm_300159762_300159695_0,4061,Moderate
osm_300159763_330410527_0,2064,Low
osm_300159763_330410550_0,2064,Low
osm_300159763_300159827_0,2064,Low
osm_300159776_299880505_0,199,Low
osm_300159776_299880479_0,199,Low
osm_300159776_299880479_0,2064,Low
osm_300159776_300159816_0,199,Low
osm_300159776_300159816_0,2064,Low
osm_300159788_300159789_0,199,Low
osm_300159788_300159789_0,2064,Low
osm_300159788_7826394720_0,2064,Low
osm_300159788_300159827_0,2064,Low
osm_300159789_300159828_0,199,Low
osm_300159789_300159803_0,199,Low
osm_300159789_300159788_0,199,Low
osm_300159789_300159788_0,2064,Low
osm_300159802_7826394720_0,2064,Low
osm_300159802_300159816_0,2064,Low
osm_300159802_300159803_0,199,Low
osm_300159802_300159803_0,2064,Low
osm_300159803_300159789_0,199,Low
osm_300159803_6305284076_0,199,Low
osm_300159803_300159802_0,199,Low
osm_300159803_300159802_0,2064,Low
osm_300159816_300159802_0,2064,Low
osm_300159816_300159776_0,199,Low
osm_300159816_300159776_0,2064,Low
osm_300159816_300159817_0,199,Low
osm_300159816_300159817_0,2064,Low
osm_300159817_6305284076_0,199,Low
osm_300159817_6245847122_0,199,Low
osm_300159817_300159816_0,199,Low
osm_300159817_300159816_0,2064,Low
osm_300159827_300159828_0,199,Low
osm_300159827_300159828_0,2064,Low
osm_300159827_300159763_0,2064,Low
osm_300159827_300159788_0,2064,Low
osm_300159828_299880547_0,199,Low
osm_300159828_300159789_0,199,Low
osm_300159828_300159827_0,199,Low
osm_300159828_300159827_0,2064,Low
osm_300159832_277912863_0,199,Low
osm_300159832_2168960117_0,199,Low
osm_300159832_2168960109_0,199,Low
osm_300159865_11054248074_0,2064,Low
osm_300159865_300159880_0,2064,Low
osm_300159865_11190038635_0,2064,Low
osm_300159867_300163975_0,2064,Low
osm_300159867_11054248074_0,2064,Low
osm_300159867_300159879_0,2064,Low
osm_300159867_2168960112_0,2064,Low
osm_300159879_300159880_0,2064,Low
osm_300159879_300159906_0,2064,Low
osm_300159879_300159867_0,2064,Low
osm_300159879_300160268_0,2064,Low
osm_300159880_300159865_0,2064,Low
osm_300159880_300159908_0,2064,Low
osm_300159880_300159879_0,2064,Low
osm_300159880_11054248076_0,2064,Low
osm_300159906_300160265_0,2064,Low
osm_300159906_300159879_0,2064,Low
osm_300159906_300159908_0,2064,Low
osm_300159908_300159880_0,2064,Low
osm_300159908_11054248078_0,2064,Low
osm_300159908_300159906_0,2064,Low
osm_300159908_7826160025_0,2064,Low
osm_300159970_300159971_0,2064,Low
osm_300159970_7826160025_0,2064,Low
osm_300159970_11054248078_0,2064,Low
osm_300159971_313444567_0,2064,Low
osm_300159971_300159970_0,2064,Low
osm_300159971_7826394719_0,2064,Low
osm_300159993_300164009_0,2064,Low
osm_300159993_300163992_0,2064,Low
osm_300159993_6445040425_0,2064,Low
osm_300159994_330410500_0,199,Low
osm_300159994_6305141294_0,199,Low
osm_300159994_366081896_0,199,Low
osm_300159995_6801270882_0,199,Low
osm_300159995_313444565_0,199,Low
osm_300159995_6305141294_0,199,Low
osm_300160040_300164813_0,199,Low
osm_300160040_300164805_0,199,Low
osm_300160040_300164805_0,2064,Low
osm_300160040_300160041_0,199,Low
osm_300160040_300160041_0,2064,Low
osm_300160041_11190075837_0,2064,Low
osm_300160041_300160040_0,199,Low
osm_300160041_300160040_0,2064,Low
osm_300160041_11190075839_0,2064,Low
osm_300160265_11190075839_0,2064,Low
osm_300160265_300159906_0,2064,Low
osm_300160265_300160268_0,2064,Low
osm_300160268_6445040425_0,2064,Low
osm_300160268_300160265_0,2064,Low
osm_300160268_300159879_0,2064,Low
osm_300160351_330420114_0,4061,Moderate
osm_300160351_300163975_0,2064,Low
osm_300160351_300163975_0,4061,Moderate
osm_300160351_300163974_0,2064,Low
osm_300160351_300163974_0,4061,Moderate
osm_300162586_330420139_0,4061,Moderate
osm_300162586_330410512_0,4061,Moderate
osm_300162586_300164025_0,4061,Moderate
osm_300162588_330420139_0,2064,Low
osm_300162588_330420139_0,4061,Moderate
osm_300162588_6497873011_0,199,Low
osm_300162588_6497873011_0,2064,Low
osm_300162588_300164051_0,199,Low
osm_300162588_300164051_0,2064,Low
osm_300163876_300192508_0,2063,Low
osm_300163876_300192508_0,199,Low
osm_300163876_3674393186_0,2063,Low
osm_300163876_330420130_0,2063,Low
osm_300163876_330420130_0,199,Low
osm_300163876_330420130_0,2064,Low
osm_300163925_3674393186_0,2063,Low
osm_300163925_3674393186_0,199,Low
osm_300163925_300192309_0,2063,Low
osm_300163925_300192309_0,199,Low
osm_300163925_300164025_0,199,Low
osm_300163925_300164025_0,2064,Low
osm_300163925_300164025_0,4061,Moderate
osm_300163926_300192713_0,2064,Low
osm_300163926_11770278963_0,2064,Low
osm_300163926_330410512_0,2064,Low
osm_300163926_330410512_0,4061,Moderate
osm_300163974_300160351_0,2064,Low
osm_300163974_300160351_0,4061,Moderate
osm_300163974_330420119_0,2064,Low
osm_300163974_330420126_0,2064,Low
osm_300163974_330420126_0,4061,Moderate
osm_300163975_300163994_0,2064,Low
osm_300163975_300159867_0,2064,Low
osm_300163975_300160351_0,2064,Low
osm_300163975_300160351_0,4061,Moderate
osm_300163992_300159993_0,2064,Low
osm_300163992_300163994_0,2064,Low
osm_300163992_330420111_0,2064,Low
osm_300163992_330420111_0,4061,Moderate
osm_300163994_300163992_0,2064,Low
osm_300163994_300163975_0,2064,Low
osm_300163994_12204815383_0,2064,Low
osm_300163994_12204815383_0,4061,Moderate
osm_300164008_11052703591_0,2064,Low
osm_300164008_11052703591_0,4061,Moderate
osm_300164008_330410512_0,4061,Moderate
osm_300164008_6795313107_0,4061,Moderate
osm_300164009_11770278963_0,2064,Low
osm_300164009_300159993_0,2064,Low
osm_300164009_11052703591_0,2064,Low
osm_300164025_300162586_0,4061,Moderate
osm_300164025_300163925_0,199,Low
osm_300164025_300163925_0,2064,Low
osm_300164025_300163925_0,4061,Moderate
osm_300164025_300192045_0,4061,Moderate
osm_300164025_300192387_0,4061,Moderate
osm_300164051_300164209_0,199,Low
osm_300164051_11770278950_0,199,Low
osm_300164051_300162588_0,199,Low
osm_300164051_300162588_0,2064,Low
osm_300164085_366081899_0,2064,Low
osm_300164085_300193133_0,2064,Low
osm_300164085_366081895_0,2064,Low
osm_300164086_366081917_0,2064,Low
osm_300164086_366081904_0,2064,Low
osm_300164086_366081889_0,911,Very Low
osm_300164086_366081889_0,1407,Very Low
osm_300164086_366081889_0,2064,Low
osm_300164133_7826160050_0,2064,Low
osm_300164133_6496531946_0,2064,Low
osm_300164133_300164134_0,2064,Low
osm_300164134_300193025_0,2064,Low
osm_300164134_300164803_0,2064,Low
osm_300164134_300164133_0,2064,Low
osm_300164147_6496531946_0,2064,Low
osm_300164148_6496531946_0,199,Low
osm_300164148_6496531946_0,2064,Low
osm_300164148_300164157_0,199,Low
osm_300164148_338440193_0,199,Low
osm_300164148_338440193_0,2064,Low
osm_300164157_300164148_0,199,Low
osm_300164157_11770278951_0,199,Low
osm_300164157_300164212_0,199,Low
osm_300164209_300164051_0,199,Low
osm_300164209_300164285_0,199,Low
osm_300164209_300164212_0,199,Low
osm_300164212_6588171743_0,199,Low
osm_300164212_300164157_0,199,Low
osm_300164212_300164209_0,199,Low
osm_300164285_300164209_0,199,Low
osm_300164285_300164298_0,199,Low
osm_300164285_300164286_0,199,Low
osm_300164286_6588171743_0,199,Low
osm_300164286_338440253_0,199,Low
osm_300164286_300164285_0,199,Low
osm_300164298_300164285_0,199,Low
osm_300164298_338440292_0,199,Low
osm_300164298_338440292_0,2064,Low
osm_300164298_300164300_0,199,Low
osm_300164298_300164300_0,2064,Low
osm_300164300_338440253_0,199,Low
osm_300164300_338440253_0,2064,Low
osm_300164300_338440223_0,2064,Low
osm_300164300_338440200_0,199,Low
osm_300164300_338440200_0,2064,Low
osm_300164300_300164298_0,199,Low
osm_300164300_300164298_0,2064,Low
osm_300164803_300164134_0,2064,Low
osm_300164803_7826160051_0,2064,Low
osm_300164803_300164805_0,2064,Low
osm_300164805_300160040_0,199,Low
osm_300164805_300160040_0,2064,Low
osm_300164805_6445040425_0,2064,Low
osm_300164805_300164803_0,2064,Low
osm_300164813_330410500_0,199,Low
osm_300164813_300160040_0,199,Low
osm_300164813_300193025_0,199,Low
osm_300164813_300193025_0,2064,Low
osm_300164815_330410530_0,199,Low
osm_300164815_330410528_0,199,Low
osm_300164815_313444563_0,199,Low
osm_300164818_330410493_0,199,Low
osm_300164819_6305141294_0,199,Low
osm_300164819_330410529_0,199,Low
osm_300164819_330410493_0,199,Low
osm_300164819_330410497_0,199,Low
osm_300164824_330410550_0,2064,Low
osm_300164824_11626010093_0,2064,Low
osm_300164824_300164825_0,2064,Low
osm_300164825_300191514_0,199,Low
osm_300164825_300191514_0,2064,Low
osm_300164825_300164824_0,2064,Low
osm_300164825_11626010094_0,2064,Low
osm_300164827_300191336_0,199,Low
osm_300164827_300191336_0,2064,Low
osm_300164827_330410550_0,2064,Low
osm_300164827_300191514_0,199,Low
osm_300164827_300191514_0,2064,Low
osm_300164833_300159530_0,199,Low
osm_300164833_300159070_0,199,Low
osm_300164833_10558591310_0,199,Low
osm_300164833_10558591310_0,2064,Low
osm_300164837_330410526_0,2064,Low
osm_300164837_330420245_0,199,Low
osm_300164837_330420245_0,2064,Low
osm_300164837_330420272_0,2063,Low
osm_300164837_330420272_0,199,Low
osm_300164837_330420272_0,2064,Low
osm_300164843_277912948_0,210,Low
osm_300164843_299880734_0,210,Low
osm_300164843_300190123_0,210,Low
osm_300164867_300374492_0,898,Very Low
osm_300164874_300305742_0,2124,Low
osm_300164874_300305672_0,2124,Low
osm_300164874_300305671_0,2124,Low
osm_300164881_300305672_0,2124,Low
osm_300164881_300165086_0,2124,Low
osm_300164881_299383331_0,2124,Low
osm_300164882_3238555683_0,2124,Low
osm_300164882_299383238_0,2124,Low
osm_300164882_300165088_0,2124,Low
osm_300164884_299880845_0,2124,Low
osm_300164884_299383331_0,2124,Low
osm_300164884_2167027864_0,2124,Low
osm_300164885_299880845_0,2124,Low
osm_300164886_300164887_0,3995,High
osm_300164886_6498272044_0,3995,High
osm_300164886_2167027811_0,3995,High
osm_300164887_2167027819_0,3995,High
osm_300164887_11622320582_0,3995,High
osm_300164887_300164886_0,3995,High
osm_300164887_300164903_0,3995,High
osm_300164887_300164903_0,2123,Moderate
osm_300164887_300164903_0,2124,Low
osm_300164902_11307033431_0,3995,High
osm_300164902_6498272045_0,3995,High
osm_300164902_6498272045_1,3995,High
osm_300164903_2167027860_0,2124,Low
osm_300164903_300164908_0,2124,Low
osm_300164903_299878550_0,2123,Moderate
osm_300164903_299878550_0,2124,Low
osm_300164903_300164887_0,3995,High
osm_300164903_300164887_0,2123,Moderate
osm_300164903_300164887_0,2124,Low
osm_300164908_300164903_0,2124,Low
osm_300164908_300165090_0,2124,Low
osm_300164908_300376010_0,2124,Low
osm_300164921_300164922_0,898,Very Low
osm_300164921_299881096_0,898,Very Low
osm_300164921_299881096_0,1345,Very Low
osm_300164921_300165093_0,898,Very Low
osm_300164921_300165093_0,2124,Low
osm_300164921_300165092_0,898,Very Low
osm_300164921_300165092_0,2124,Low
osm_300164922_300164921_0,898,Very Low
osm_300165032_2167027759_0,3993,Very High
osm_300165032_299877683_0,3993,Very High
osm_300165032_330401242_0,3993,Very High
osm_300165032_330401242_0,3995,High
osm_300165042_330401235_0,3993,Very High
osm_300165042_330401235_0,3995,High
osm_300165042_2166938846_0,3995,High
osm_300165042_299878131_0,3995,High
osm_300165043_2167027717_0,3993,Very High
osm_300165043_300376604_0,3993,Very High
osm_300165043_330401238_0,3993,Very High
osm_300165043_330401238_0,3995,High
osm_300165044_299878196_0,3993,Very High
osm_300165044_299878196_0,1344,Very Low
osm_300165044_299878196_0,1342,Low
osm_300165044_2167027727_0,3993,Very High
osm_300165044_299878326_0,3993,Very High
osm_300165044_299878326_0,1344,Very Low
osm_300165044_299878326_0,1342,Low
osm_300165047_11372819119_0,3995,High
osm_300165047_338250049_0,3995,High
osm_300165047_338249983_0,1344,Very Low
osm_300165047_338249983_0,3995,High
osm_300165074_299385745_0,211,Low
osm_300165074_299880833_0,2124,Low
osm_300165074_299880833_0,211,Low
osm_300165083_299383231_0,2124,Low
osm_300165085_299383238_0,2124,Low
osm_300165085_300165087_0,2124,Low
osm_300165085_300165088_0,2124,Low
osm_300165086_300165088_0,2124,Low
osm_300165086_300164881_0,2124,Low
osm_300165086_300165087_0,2124,Low
osm_300165087_300165085_0,2124,Low
osm_300165087_299383331_0,2124,Low
osm_300165087_300165086_0,2124,Low
osm_300165088_300164882_0,2124,Low
osm_300165088_300165086_0,2124,Low
osm_300165088_300165085_0,2124,Low
osm_300165088_300305671_0,2124,Low
osm_300165089_300165090_0,2124,Low
osm_300165090_300165089_0,2124,Low
osm_300165090_300376050_0,2124,Low
osm_300165090_300164908_0,2124,Low
osm_300165092_300165093_0,2124,Low
osm_300165092_11259108491_0,2124,Low
osm_300165092_300164921_0,898,Very Low
osm_300165092_300164921_0,2124,Low
osm_300165093_300165092_0,2124,Low
osm_300165093_300164921_0,898,Very Low
osm_300165093_300164921_0,2124,Low
osm_300165093_277912042_0,2124,Low
osm_300165093_11622343188_0,898,Very Low
osm_300165093_11622343188_0,2124,Low
osm_300165125_299879508_0,3989,Moderate
osm_300165125_338223280_0,3989,Moderate
osm_300165125_300165126_0,2063,Low
osm_300165125_300165126_0,3989,Moderate
osm_300165125_11419390672_0,3989,Moderate
osm_300165126_300165127_0,2063,Low
osm_300165126_300165127_0,3989,Moderate
osm_300165126_300165125_0,2063,Low
osm_300165126_300165125_0,3989,Moderate
osm_300165126_338440038_0,2063,Low
osm_300165127_6497684538_0,3989,Moderate
osm_300165127_300165126_0,2063,Low
osm_300165127_300165126_0,3989,Moderate
osm_300165127_338223280_0,3989,Moderate
osm_300165127_299385811_0,2063,Low
osm_300165127_299385811_0,3989,Moderate
osm_300165129_300165170_0,3989,Moderate
osm_300165129_300165164_0,3989,Moderate
osm_300165129_300165164_0,1345,Very Low
osm_300165129_300188534_0,2063,Low
osm_300165129_300188534_0,3989,Moderate
osm_300165130_299383049_0,2063,Low
osm_300165130_299385811_0,2063,Low
osm_300165130_6497684538_0,2063,Low
osm_300165130_6497684538_0,3989,Moderate
osm_300165131_300165175_0,3989,Moderate
osm_300165131_300165170_0,3989,Moderate
osm_300165131_6497684538_0,3989,Moderate
osm_300165163_300165164_0,898,Very Low
osm_300165163_300165164_0,1345,Very Low
osm_300165164_300165129_0,3989,Moderate
osm_300165164_300165129_0,1345,Very Low
osm_300165164_2167149180_0,1345,Very Low
osm_300165164_300165163_0,898,Very Low
osm_300165164_300165163_0,1345,Very Low
osm_300165169_300165170_0,3989,Moderate
osm_300165169_300165170_0,1345,Very Low
osm_300165170_300165131_0,3989,Moderate
osm_300165170_300165129_0,3989,Moderate
osm_300165170_300165169_0,3989,Moderate
osm_300165170_300165169_0,1345,Very Low
osm_300165175_338223280_0,3989,Moderate
osm_300165175_300165131_0,3989,Moderate
osm_300165175_11770291534_0,3989,Moderate
osm_300165208_11770291505_0,898,Very Low
osm_300165209_338406669_0,199,Low
osm_300165214_300306125_0,898,Very Low
osm_300165215_2407565231_0,898,Very Low
osm_300165220_300165225_0,898,Very Low
osm_300165220_300165221_0,898,Very Low
osm_300165220_10280643073_0,898,Very Low
osm_300165221_300165220_0,898,Very Low
osm_300165222_6444993156_0,898,Very Low
osm_300165225_300165220_0,898,Very Low
osm_300165225_10280643072_0,898,Very Low
osm_300165244_2167027857_0,2124,Low
osm_300165244_299878550_0,2123,Moderate
osm_300165244_299878550_0,2124,Low
osm_300165244_13995027323_0,2124,Low
osm_300165248_338223142_0,1344,Very Low
osm_300165248_338223142_0,1345,Very Low
osm_300165248_300373049_0,1344,Very Low
osm_300165248_299881121_0,1344,Very Low
osm_300165250_338223142_0,1345,Very Low
osm_300165254_299881312_0,898,Very Low
osm_300165254_299881312_0,1410,Very Low
osm_300165254_299881313_0,898,Very Low
osm_300165254_299881313_0,1410,Very Low
osm_300165254_299881731_0,1410,Very Low
osm_300165255_299881312_0,898,Very Low
osm_300165255_299881312_0,2124,Low
osm_300165255_299881748_0,2124,Low
osm_300165255_299384649_0,2124,Low
osm_300165281_300159528_0,199,Low
osm_300165468_299385380_0,210,Low
osm_300165527_6445002201_0,1410,Very Low
osm_300165527_299384637_0,1410,Very Low
osm_300165527_338223260_0,1410,Very Low
osm_300165548_2167149086_0,210,Low
osm_300165548_10170824098_0,210,Low
osm_300165548_2167149092_0,2118,Low
osm_300165548_2167149092_0,210,Low
osm_300165548_300274611_0,210,Low
osm_300165584_6444890773_0,2124,Low
osm_300165584_300165585_0,2124,Low
osm_300165584_299385837_0,2124,Low
osm_300165585_277912042_0,2124,Low
osm_300165585_300165584_0,2124,Low
osm_300165585_11898243862_0,2124,Low
osm_300165819_338222978_0,3992,Moderate
osm_300165819_11052282030_0,3992,Moderate
osm_300165819_11052282029_0,3992,Moderate
osm_300165876_3674674972_0,898,Very Low
osm_300165876_3674674972_0,2117,Low
osm_300165876_2166938816_0,2117,Low
osm_300165876_6307335816_0,2117,Low
osm_300183382_14209315070_0,210,Low
osm_300183382_6444989179_0,210,Low
osm_300183382_300183397_0,210,Low
osm_300183383_6444989179_0,210,Low
osm_300183383_300188856_0,210,Low
osm_300183383_11054178345_0,210,Low
osm_300183383_299382061_0,210,Low
osm_300183397_2168960107_0,210,Low
osm_300183397_277912693_0,210,Low
osm_300183397_300183382_0,210,Low
osm_300183675_339282334_0,354,Low
osm_300183675_339280277_0,354,Low
osm_300184118_2168960201_0,199,Low
osm_300184118_11043431557_0,199,Low
osm_300184118_299880378_0,199,Low
osm_300184371_2168960119_0,199,Low
osm_300184939_300184940_0,3995,High
osm_300184940_299878391_0,3995,High
osm_300184940_299883586_0,3995,High
osm_300184940_300184939_0,3995,High
osm_300184974_300184976_0,211,Low
osm_300184976_300184974_0,211,Low
osm_300184976_300184998_0,211,Low
osm_300184976_300184997_0,2124,Low
osm_300184976_300184997_0,211,Low
osm_300184997_11591490821_0,2124,Low
osm_300184997_300184976_0,2124,Low
osm_300184997_300184976_0,211,Low
osm_300184997_300464020_0,2124,Low
osm_300184997_300464020_0,211,Low
osm_300184998_338406637_0,211,Low
osm_300184998_299878697_0,2124,Low
osm_300184998_299878697_0,211,Low
osm_300184998_300184976_0,211,Low
osm_300185214_300185991_0,3995,High
osm_300185214_299883188_0,3995,High
osm_300185214_11043604982_0,3993,Very High
osm_300185214_11043604982_0,3669,Very High
osm_300185214_11043604982_0,3995,High
osm_300185261_313857710_0,3993,Very High
osm_300185261_313857710_0,3995,High
osm_300185261_300185298_0,3993,Very High
osm_300185261_300185298_0,3995,High
osm_300185261_299883188_0,3995,High
osm_300185261_2230781355_0,3995,High
osm_300185264_299884000_0,3995,High
osm_300185264_313857690_0,3995,High
osm_300185264_313857710_0,3993,Very High
osm_300185264_313857710_0,3995,High
osm_300185298_299883968_0,3993,Very High
osm_300185298_300185261_0,3993,Very High
osm_300185298_300185261_0,3995,High
osm_300185298_300185300_0,3993,Very High
osm_300185300_313857710_0,3993,Very High
osm_300185300_300185298_0,3993,Very High
osm_300185300_299883210_0,3664,Very High
osm_300185300_299883210_0,3993,Very High
osm_300185429_299883987_0,3664,Very High
osm_300185429_299883987_0,3993,Very High
osm_300185429_299883987_0,1343,Very Low
osm_300185429_299883987_0,1342,Low
osm_300185429_330401251_0,3664,Very High
osm_300185429_2166739512_0,2121,High
osm_300185429_2166739512_0,3664,Very High
osm_300185429_2166739512_0,3993,Very High
osm_300185526_299883986_0,3664,Very High
osm_300185825_300185826_0,3993,Very High
osm_300185825_300185826_0,3669,Very High
osm_300185825_7806740559_0,3993,Very High
osm_300185825_11192341573_0,3993,Very High
osm_300185825_11192341573_0,3669,Very High
osm_300185826_300185825_0,3993,Very High
osm_300185826_300185825_0,3669,Very High
osm_300185906_300185958_0,3995,High
osm_300185906_300186102_0,3995,High
osm_300185906_300185991_0,3995,High
osm_300185907_300464393_0,3993,Very High
osm_300185907_300185958_0,3993,Very High
osm_300185907_300185958_0,3995,High
osm_300185907_300464394_0,3993,Very High
osm_300185958_300185907_0,3993,Very High
osm_300185958_300185907_0,3995,High
osm_300185958_300185906_0,3995,High
osm_300185958_300185991_0,3995,High
osm_300185991_300185906_0,3995,High
osm_300185991_300185214_0,3995,High
osm_300185991_300185958_0,3995,High
osm_300185991_2167027593_0,3995,High
osm_300186083_300186084_0,3995,High
osm_300186084_2230781369_0,3995,High
osm_300186084_300186102_0,3995,High
osm_300186084_300186083_0,3995,High
osm_300186101_7806740559_0,3993,Very High
osm_300186101_300464393_0,3993,Very High
osm_300186101_300186102_0,3993,Very High
osm_300186101_300186102_0,3995,High
osm_300186102_300186101_0,3993,Very High
osm_300186102_300186101_0,3995,High
osm_300186102_300186084_0,3995,High
osm_300186102_300185906_0,3995,High
osm_300186162_299877816_0,3993,Very High
osm_300186162_2167027707_0,3993,Very High
osm_300186162_2167027707_0,3669,Very High
osm_300186162_299877804_0,3993,Very High
osm_300186162_299877804_0,3669,Very High
osm_300188445_6307339499_0,1345,Very Low
osm_300188445_300305468_0,1344,Very Low
osm_300188445_300305468_0,1345,Very Low
osm_300188445_300188503_0,1345,Very Low
osm_300188503_300304832_0,1345,Very Low
osm_300188503_2167149183_0,898,Very Low
osm_300188503_2167149183_0,1345,Very Low
osm_300188503_300188445_0,1345,Very Low
osm_300188504_2167149162_0,1344,Very Low
osm_300188504_11259219735_0,1344,Very Low
osm_300188504_11259219735_0,3989,Moderate
osm_300188504_11259219735_0,1345,Very Low
osm_300188504_300305238_0,1344,Very Low
osm_300188504_300305238_0,1345,Very Low
osm_300188534_300165129_0,2063,Low
osm_300188534_300165129_0,3989,Moderate
osm_300188534_300305184_0,2063,Low
osm_300188534_300305184_0,3989,Moderate
osm_300188534_2167149183_0,898,Very Low
osm_300188534_2167149183_0,2063,Low
osm_300188856_300183383_0,210,Low
osm_300188856_300158027_0,210,Low
osm_300188856_11054178345_0,210,Low
osm_300190123_300164843_0,210,Low
osm_300190250_300159499_0,199,Low
osm_300190250_338223207_0,199,Low
osm_300190250_300159188_0,199,Low
osm_300190354_1197468247_0,199,Low
osm_300190605_300190607_0,199,Low
osm_300190605_300159531_0,199,Low
osm_300190607_300190605_0,199,Low
osm_300190607_300159188_0,199,Low
osm_300190607_338223221_0,199,Low
osm_300190607_300159528_0,199,Low
osm_300191336_12067413872_0,199,Low
osm_300191336_300164827_0,199,Low
osm_300191336_300164827_0,2064,Low
osm_300191336_3674401338_0,199,Low
osm_300191514_300164827_0,199,Low
osm_300191514_300164827_0,2064,Low
osm_300191514_300164825_0,199,Low
osm_300191514_300164825_0,2064,Low
osm_300191514_11189976309_0,199,Low
osm_300192045_6790387534_0,4061,Moderate
osm_300192045_300164025_0,4061,Moderate
osm_300192045_330420175_0,199,Low
osm_300192045_330420175_0,1408,Low
osm_300192045_330420175_0,4061,Moderate
osm_300192309_300163925_0,2063,Low
osm_300192309_300163925_0,199,Low
osm_300192309_330420175_0,2063,Low
osm_300192309_330420175_0,199,Low
osm_300192309_330420101_0,2063,Low
osm_300192387_330420169_0,199,Low
osm_300192387_330420169_0,2064,Low
osm_300192387_330420169_0,4061,Moderate
osm_300192387_300164025_0,4061,Moderate
osm_300192387_330420163_0,4061,Moderate
osm_300192508_299386190_0,199,Low
osm_300192508_300163876_0,2063,Low
osm_300192508_300163876_0,199,Low
osm_300192508_330420146_0,199,Low
osm_300192713_300192883_0,2064,Low
osm_300192713_300163926_0,2064,Low
osm_300192713_330420234_0,2064,Low
osm_300192714_330420234_0,2064,Low
osm_300192714_330420234_0,4061,Moderate
osm_300192714_11770278969_0,4061,Moderate
osm_300192714_330410512_0,4061,Moderate
osm_300192883_300192713_0,2064,Low
osm_300192883_330410558_0,2064,Low
osm_300192883_11770278953_0,2064,Low
osm_300193025_300193133_0,2064,Low
osm_300193025_300164134_0,2064,Low
osm_300193025_300164813_0,199,Low
osm_300193025_300164813_0,2064,Low
osm_300193133_300164085_0,2064,Low
osm_300193133_300193025_0,2064,Low
osm_300193133_330410500_0,199,Low
osm_300193133_330410500_0,2064,Low
osm_300193313_330410497_0,199,Low
osm_300193459_300193460_0,199,Low
osm_300193460_339291912_0,199,Low
osm_300193460_339291912_0,2066,Low
osm_300193460_300193495_0,199,Low
osm_300193460_300193459_0,199,Low
osm_300193494_300193495_0,199,Low
osm_300193495_300193460_0,199,Low
osm_300193495_299880374_0,199,Low
osm_300193495_300193494_0,199,Low
osm_300193662_339291901_0,199,Low
osm_300194151_2167149306_0,199,Low
osm_300194151_300159498_0,199,Low
osm_300194151_11250382312_0,199,Low
osm_300194175_7806766990_0,199,Low
osm_300195622_11770224849_0,199,Low
osm_300195622_330648711_0,199,Low
osm_300195622_300195623_0,199,Low
osm_300195623_300195622_0,199,Low
osm_300195623_277911472_0,199,Low
osm_300195623_330648715_0,199,Low
osm_300195626_2407565891_0,199,Low
osm_300195626_325206683_0,199,Low
osm_300195626_2168591067_0,199,Low
osm_300195629_325207996_0,199,Low
osm_300195629_300313515_0,199,Low
osm_300195629_300463827_0,199,Low
osm_300196199_325209363_0,199,Low
osm_300196324_7806670178_0,2120,Low
osm_300196324_277912692_0,2120,Low
osm_300196324_277912692_0,210,Low
osm_300196324_300196394_0,2120,Low
osm_300196394_300196324_0,2120,Low
osm_300196394_6790374470_0,2120,Low
osm_300196394_6790374470_0,210,Low
osm_300198002_7826394652_0,354,Low
osm_300198005_339287121_0,354,Low
osm_300198005_300463010_0,354,Low
osm_300198005_7826394652_0,354,Low
osm_300198098_280086989_0,354,Low
osm_300198098_2168960228_0,354,Low
osm_300198098_7826394653_0,354,Low
osm_300198100_11733982492_0,354,Low
osm_300198100_2168960228_0,354,Low
osm_300198100_6497631097_0,354,Low
osm_300274611_2167149140_0,210,Low
osm_300274611_11066687199_0,2118,Low
osm_300274611_11066687199_0,210,Low
osm_300274611_300165548_0,210,Low
osm_300301437_299382813_0,199,Low
osm_300303099_299383101_0,898,Very Low
osm_300303099_299383101_0,211,Low
osm_300303099_299886893_0,898,Very Low
osm_300303099_299886893_0,1410,Very Low
osm_300303099_299385733_0,898,Very Low
osm_300303173_3874187460_0,1410,Very Low
osm_300303173_299881731_0,1410,Very Low
osm_300303173_299881092_0,898,Very Low
osm_300303173_299881092_0,1410,Very Low
osm_300303173_11622307850_0,898,Very Low
osm_300303173_11622307850_0,1410,Very Low
osm_300303309_11622307850_0,898,Very Low
osm_300303400_338223155_0,898,Very Low
osm_300303400_299384688_0,898,Very Low
osm_300303400_300303409_0,898,Very Low
osm_300303409_299384688_0,898,Very Low
osm_300303409_6305239490_0,898,Very Low
osm_300303409_300303400_0,898,Very Low
osm_300303465_2230781446_0,898,Very Low
osm_300303465_300303466_0,898,Very Low
osm_300303465_11622254804_0,898,Very Low
osm_300303466_299881175_0,898,Very Low
osm_300303466_300374821_0,898,Very Low
osm_300303466_300303465_0,898,Very Low
osm_300303470_2167149086_0,210,Low
osm_300303470_2230781446_0,898,Very Low
osm_300303496_10170824096_0,210,Low
osm_300303496_10170824100_0,210,Low
osm_300303496_7806646854_0,210,Low
osm_300303651_7806646855_0,210,Low
osm_300303651_300135044_0,210,Low
osm_300303930_299383030_0,199,Low
osm_300303930_300303931_0,199,Low
osm_300303930_6318051102_0,199,Low
osm_300303930_299383020_0,2063,Low
osm_300303930_299383020_0,199,Low
osm_300303931_6497689887_0,2063,Low
osm_300303931_6497689887_0,2124,Low
osm_300303931_6497689887_0,211,Low
osm_300303931_300303930_0,199,Low
osm_300304088_299881750_0,2124,Low
osm_300304088_299880831_0,2124,Low
osm_300304088_299880831_0,3996,Moderate
osm_300304088_300304089_0,2124,Low
osm_300304089_6307234631_0,2124,Low
osm_300304089_299880839_0,2124,Low
osm_300304089_300304088_0,2124,Low
osm_300304144_300304304_0,2124,Low
osm_300304144_3238555683_0,2124,Low
osm_300304144_11622470416_0,2124,Low
osm_300304304_11059326364_0,2124,Low
osm_300304304_6445033946_0,2124,Low
osm_300304304_300304144_0,2124,Low
osm_300304363_299878655_0,3995,High
osm_300304363_300304761_0,3995,High
osm_300304363_299882980_0,3995,High
osm_300304363_299882980_0,3996,Moderate
osm_300304363_299882980_0,1345,Very Low
osm_300304364_299881772_0,3995,High
osm_300304364_11612670134_0,3995,High
osm_300304364_299383250_0,3995,High
osm_300304457_300304470_0,3995,High
osm_300304457_300304470_0,2123,Moderate
osm_300304457_12415838560_0,3995,High
osm_300304457_6445046904_0,3995,High
osm_300304469_300304470_0,2123,Moderate
osm_300304469_300304470_0,2124,Low
osm_300304469_300304470_0,211,Low
osm_300304470_300304457_0,3995,High
osm_300304470_300304457_0,2123,Moderate
osm_300304470_6445033946_0,2123,Moderate
osm_300304470_6445033946_0,2124,Low
osm_300304470_6445033946_0,211,Low
osm_300304470_300304469_0,2123,Moderate
osm_300304470_300304469_0,2124,Low
osm_300304470_300304469_0,211,Low
osm_300304565_300305238_0,1344,Very Low
osm_300304565_300305238_0,3995,High
osm_300304565_300305238_0,1345,Very Low
osm_300304760_300304761_0,3995,High
osm_300304760_300305468_0,1344,Very Low
osm_300304760_300305468_0,3995,High
osm_300304760_6307339504_0,1344,Very Low
osm_300304760_6307339504_0,3995,High
osm_300304761_338440036_0,3995,High
osm_300304761_300304363_0,3995,High
osm_300304761_300304760_0,3995,High
osm_300304832_300305238_0,1345,Very Low
osm_300304832_300188503_0,1345,Very Low
osm_300304832_11794935375_0,1344,Very Low
osm_300304832_11794935375_0,1345,Very Low
osm_300305184_11259219735_0,3989,Moderate
osm_300305184_299383049_0,2063,Low
osm_300305184_299383049_0,3989,Moderate
osm_300305184_300188534_0,2063,Low
osm_300305184_300188534_0,3989,Moderate
osm_300305238_300188504_0,1344,Very Low
osm_300305238_300188504_0,1345,Very Low
osm_300305238_300304832_0,1345,Very Low
osm_300305238_300304565_0,1344,Very Low
osm_300305238_300304565_0,3995,High
osm_300305238_300304565_0,1345,Very Low
osm_300305467_6307339504_0,1344,Very Low
osm_300305467_6307339504_0,1345,Very Low
osm_300305467_11770291540_0,1344,Very Low
osm_300305467_11770291540_0,3995,High
osm_300305467_11770291540_0,1345,Very Low
osm_300305467_6307339499_0,1345,Very Low
osm_300305468_300188445_0,1344,Very Low
osm_300305468_300188445_0,1345,Very Low
osm_300305468_6307339504_0,1344,Very Low
osm_300305468_300304760_0,1344,Very Low
osm_300305468_300304760_0,3995,High
osm_300305671_300165088_0,2124,Low
osm_300305671_300305672_0,2124,Low
osm_300305671_300164874_0,2124,Low
osm_300305672_300164881_0,2124,Low
osm_300305672_300164874_0,2124,Low
osm_300305672_300305671_0,2124,Low
osm_300305742_300164874_0,2124,Low
osm_300305742_300305744_0,2124,Low
osm_300305742_2167027874_0,3995,High
osm_300305742_2167027874_0,2124,Low
osm_300305742_2167027874_0,3996,Moderate
osm_300305744_300305742_0,2124,Low
osm_300305744_2167027857_0,2124,Low
osm_300305744_2167027870_0,2124,Low
osm_300306124_300306125_0,898,Very Low
osm_300306125_2407565231_0,898,Very Low
osm_300306125_300165214_0,898,Very Low
osm_300306125_300306124_0,898,Very Low
osm_300306134_300463970_0,3989,Moderate
osm_300306134_300463970_0,1345,Very Low
osm_300306134_300306147_0,898,Very Low
osm_300306134_300306147_0,1345,Very Low
osm_300306134_300306222_0,3989,Moderate
osm_300306134_300306222_0,1345,Very Low
osm_300306146_300306222_0,3989,Moderate
osm_300306147_338406836_0,898,Very Low
osm_300306147_300306134_0,898,Very Low
osm_300306147_300306134_0,1345,Very Low
osm_300306147_338406831_0,898,Very Low
osm_300306147_338406831_0,1345,Very Low
osm_300306222_300306146_0,3989,Moderate
osm_300306222_300306134_0,3989,Moderate
osm_300306222_300306134_0,1345,Very Low
osm_300306222_11618372055_0,3989,Moderate
osm_300306222_11618372055_0,1345,Very Low
osm_300310320_325206177_0,199,Low
osm_300311629_338222919_0,199,Low
osm_300311629_4278233221_0,199,Low
osm_300311629_300463861_0,199,Low
osm_300311630_300463832_0,199,Low
osm_300311630_325209553_0,199,Low
osm_300311630_300311870_0,199,Low
osm_300311668_338417879_0,199,Low
osm_300311870_325210260_0,199,Low
osm_300311870_325210343_0,199,Low
osm_300311870_300311630_0,199,Low
osm_300311870_4278233218_0,199,Low
osm_300311871_325210260_0,199,Low
osm_300311871_325210234_0,199,Low
osm_300311871_2407564048_0,199,Low
osm_300311903_325209344_0,199,Low
osm_300311903_6552436477_0,199,Low
osm_300311903_338461438_0,199,Low
osm_300311905_325210157_0,2063,Low
osm_300311905_325210157_0,199,Low
osm_300311905_300311923_0,199,Low
osm_300311905_325209833_0,199,Low
osm_300311922_300311923_0,199,Low
osm_300311922_2168591057_0,199,Low
osm_300311922_300312549_0,199,Low
osm_300311923_300311905_0,199,Low
osm_300311923_300312548_0,199,Low
osm_300311923_300311922_0,199,Low
osm_300312362_300312549_0,199,Low
osm_300312480_300312752_0,199,Low
osm_300312480_300312549_0,199,Low
osm_300312480_300312548_0,199,Low
osm_300312548_300311923_0,199,Low
osm_300312548_338461444_0,199,Low
osm_300312548_300312480_0,199,Low
osm_300312549_325209943_0,199,Low
osm_300312549_300312480_0,199,Low
osm_300312549_300311922_0,199,Low
osm_300312549_300312362_0,199,Low
osm_300312752_300312480_0,199,Low
osm_300312835_325207254_0,2065,Low
osm_300312835_325207254_0,4062,Moderate
osm_300312835_325207254_0,199,Low
osm_300312835_300313002_0,4062,Moderate
osm_300312835_3426336740_0,4062,Moderate
osm_300312836_11770224838_0,199,Low
osm_300312836_325207257_0,199,Low
osm_300312864_3426336738_0,199,Low
osm_300312864_3426336740_0,1409,Low
osm_300312864_3426336740_0,4062,Moderate
osm_300312864_3426336740_0,199,Low
osm_300312864_325207131_0,199,Low
osm_300312948_325207279_0,2065,Low
osm_300312948_325207279_0,199,Low
osm_300312948_325207171_0,2065,Low
osm_300312948_300312949_0,2065,Low
osm_300312948_300312949_0,199,Low
osm_300312949_300312948_0,2065,Low
osm_300312949_300312948_0,199,Low
osm_300312949_4358646185_0,199,Low
osm_300312949_3419458798_0,199,Low
osm_300313002_325207171_0,2065,Low
osm_300313002_325207171_0,4062,Moderate
osm_300313002_3419458798_0,2065,Low
osm_300313002_3419458798_0,4062,Moderate
osm_300313002_3419458798_0,199,Low
osm_300313002_300312835_0,4062,Moderate
osm_300313018_300313019_0,199,Low
osm_300313019_300313018_0,199,Low
osm_300313031_7266494420_0,911,Very Low
osm_300313031_277911482_0,911,Very Low
osm_300313031_277911482_0,2064,Low
osm_300313031_11056212008_0,911,Very Low
osm_300313188_4265654359_0,2065,Low
osm_300313188_4265654359_0,199,Low
osm_300313356_4300667146_0,199,Low
osm_300313515_300195629_0,199,Low
osm_300313916_2168576086_0,3985,Very High
osm_300313916_11612717440_0,3985,Very High
osm_300313916_338406544_0,3985,Very High
osm_300313916_338406544_0,3988,High
osm_300313917_338223248_0,3988,High
osm_300313917_300464562_0,3988,High
osm_300313917_2168576088_0,3988,High
osm_300313917_11612717440_0,3985,Very High
osm_300313917_11612717440_0,3988,High
osm_300367502_2166938807_0,2124,Low
osm_300367502_300367530_0,3995,High
osm_300367502_300367530_0,2123,Moderate
osm_300367502_300367530_0,2124,Low
osm_300367502_338239225_0,898,Very Low
osm_300367502_338239225_0,2124,Low
osm_300367502_299883029_0,2124,Low
osm_300367530_277912046_0,3995,High
osm_300367530_338249932_0,3995,High
osm_300367530_300367502_0,3995,High
osm_300367530_300367502_0,2123,Moderate
osm_300367530_300367502_0,2124,Low
osm_300367776_2166938766_0,1344,Very Low
osm_300367776_338249913_0,1344,Very Low
osm_300367776_11332478111_0,1344,Very Low
osm_300367846_9044763919_0,1344,Very Low
osm_300367846_9044763919_0,1342,Low
osm_300367846_338249930_0,1344,Very Low
osm_300367846_338249930_0,1342,Low
osm_300367846_300367944_0,1342,Low
osm_300367846_338249913_0,1344,Very Low
osm_300367846_338249913_0,1342,Low
osm_300367944_300367953_0,1342,Low
osm_300367944_300367846_0,1342,Low
osm_300367944_9044763920_0,3993,Very High
osm_300367944_9044763920_0,1342,Low
osm_300367953_277912050_0,3993,Very High
osm_300367953_277912050_0,1342,Low
osm_300367953_300367944_0,1342,Low
osm_300367953_6451743930_0,3993,Very High
osm_300367953_6451743930_0,1342,Low
osm_300367983_2167027583_0,3993,Very High
osm_300367983_9044763802_0,3993,Very High
osm_300367983_7806767064_0,3993,Very High
osm_300367983_7806767064_0,1344,Very Low
osm_300367983_7806767064_0,3995,High
osm_300368042_7806767061_0,898,Very Low
osm_300368042_6586062048_0,898,Very Low
osm_300368042_7806767060_0,898,Very Low
osm_300368045_2166938761_0,2124,Low
osm_300368045_2166938761_0,211,Low
osm_300368045_11052187614_0,211,Low
osm_300368045_338239198_0,2124,Low
osm_300368045_338239198_0,211,Low
osm_300368045_338239279_0,211,Low
osm_300368165_338238948_0,838,Very Low
osm_300368165_6451777326_0,838,Very Low
osm_300368165_6451777326_0,898,Very Low
osm_300368165_338223137_0,838,Very Low
osm_300368165_338223137_0,898,Very Low
osm_300368165_338238981_0,838,Very Low
osm_300368165_338238981_0,898,Very Low
osm_300368261_300368327_0,898,Very Low
osm_300368261_11647852171_0,898,Very Low
osm_300368261_300368262_0,898,Very Low
osm_300368262_300368328_0,838,Very Low
osm_300368262_300368328_0,898,Very Low
osm_300368262_300368480_0,898,Very Low
osm_300368262_300368261_0,898,Very Low
osm_300368327_338223137_0,898,Very Low
osm_300368327_300368261_0,898,Very Low
osm_300368327_300368328_0,838,Very Low
osm_300368327_300368328_0,898,Very Low
osm_300368327_2166857718_0,898,Very Low
osm_300368328_338238961_0,838,Very Low
osm_300368328_300368262_0,838,Very Low
osm_300368328_300368262_0,898,Very Low
osm_300368328_300368327_0,838,Very Low
osm_300368328_300368327_0,898,Very Low
osm_300368328_11818305801_0,838,Very Low
osm_300368479_300368480_0,898,Very Low
osm_300368480_300368262_0,898,Very Low
osm_300368480_299883154_0,2131,Low
osm_300368480_299883154_0,898,Very Low
osm_300368480_300368479_0,898,Very Low
osm_300368568_299883140_0,1344,Very Low
osm_300368568_299883140_0,1342,Low
osm_300368568_299883147_0,1342,Low
osm_300368568_300368570_0,2130,Moderate
osm_300368568_300368570_0,3998,High
osm_300368568_300368570_0,838,Very Low
osm_300368568_300368570_0,1344,Very Low
osm_300368568_300368570_0,1342,Low
osm_300368570_12030565394_0,3998,High
osm_300368570_299883154_0,2130,Moderate
osm_300368570_299883154_0,2131,Low
osm_300368570_299883154_0,3998,High
osm_300368570_300368568_0,2130,Moderate
osm_300368570_300368568_0,3998,High
osm_300368570_300368568_0,838,Very Low
osm_300368570_300368568_0,1344,Very Low
osm_300368570_300368568_0,1342,Low
osm_300368746_10175165827_0,2131,Low
osm_300368746_322806435_0,2131,Low
osm_300368746_6590245067_0,2131,Low
osm_300368746_6590245067_0,212,Low
osm_300368900_338223125_0,2131,Low
osm_300368900_338223125_0,212,Low
osm_300368904_2166791412_0,3998,High
osm_300368904_1878169816_0,3998,High
osm_300368904_299883121_0,3998,High
osm_300369271_338238896_0,212,Low
osm_300369271_338223131_0,2131,Low
osm_300369271_338223131_0,212,Low
osm_300369271_338238890_0,2132,Low
osm_300369271_338238890_0,212,Low
osm_300369307_338238896_0,212,Low
osm_300369307_338238919_0,212,Low
osm_300369307_338238901_0,2132,Low
osm_300369307_338238901_0,899,Very Low
osm_300369307_338238901_0,212,Low
osm_300369307_338223131_0,2131,Low
osm_300369307_338223131_0,212,Low
osm_300369708_11402970938_0,898,Very Low
osm_300369708_11052195275_0,898,Very Low
osm_300369708_11402970934_0,898,Very Low
osm_300369981_2166938862_0,3992,Moderate
osm_300369981_2166938862_0,3991,High
osm_300370123_7806646858_0,2117,Low
osm_300370123_2166938879_0,2117,Low
osm_300370123_338222995_0,3992,Moderate
osm_300370123_338222995_0,2117,Low
osm_300372147_299385380_0,210,Low
osm_300372147_277912916_0,210,Low
osm_300372147_3674401325_0,210,Low
osm_300372304_338223260_0,1410,Very Low
osm_300372304_300136382_0,1410,Very Low
osm_300372304_2167149172_0,1410,Very Low
osm_300372304_2167149172_0,4063,Moderate
osm_300372304_300372306_0,1410,Very Low
osm_300372306_4785530717_0,1410,Very Low
osm_300372306_299384193_0,898,Very Low
osm_300372306_299384193_0,1410,Very Low
osm_300372306_300372304_0,1410,Very Low
osm_300372399_2167149115_0,898,Very Low
osm_300372399_2167149115_0,1410,Very Low
osm_300372399_300374763_0,1410,Very Low
osm_300372399_300374763_0,4063,Moderate
osm_300372399_2987837511_0,1410,Very Low
osm_300372399_2987837511_0,4063,Moderate
osm_300372399_2987837511_0,2118,Low
osm_300372984_299881960_0,898,Very Low
osm_300372984_299881960_0,1345,Very Low
osm_300372984_300373049_0,1344,Very Low
osm_300372984_300373049_0,1345,Very Low
osm_300372984_2167149056_0,898,Very Low
osm_300372984_2167149056_0,1345,Very Low
osm_300373046_338223148_0,1344,Very Low
osm_300373046_338223148_0,1345,Very Low
osm_300373049_299881120_0,1344,Very Low
osm_300373049_299881963_0,1344,Very Low
osm_300373049_300372984_0,1344,Very Low
osm_300373049_300372984_0,1345,Very Low
osm_300373049_300165248_0,1344,Very Low
osm_300373859_1403766609_0,898,Very Low
osm_300373859_299881960_0,898,Very Low
osm_300373859_1403766610_0,898,Very Low
osm_300374423_300136489_0,898,Very Low
osm_300374423_300136489_0,1410,Very Low
osm_300374423_300374494_0,1410,Very Low
osm_300374423_299384640_0,1410,Very Low
osm_300374492_300164867_0,898,Very Low
osm_300374492_299384190_0,898,Very Low
osm_300374492_300374494_0,898,Very Low
osm_300374492_300374494_0,1410,Very Low
osm_300374494_300374423_0,1410,Very Low
osm_300374494_6445002200_0,1410,Very Low
osm_300374494_300374492_0,898,Very Low
osm_300374494_300374492_0,1410,Very Low
osm_300374763_300372399_0,1410,Very Low
osm_300374763_300372399_0,4063,Moderate
osm_300374763_299881659_0,4063,Moderate
osm_300374763_11306899494_0,4063,Moderate
osm_300374764_2167149115_0,898,Very Low
osm_300374764_6305239491_0,898,Very Low
osm_300374764_2167149092_0,898,Very Low
osm_300374764_2167149092_0,2118,Low
osm_300374821_300303466_0,898,Very Low
osm_300374821_299881177_0,898,Very Low
osm_300374821_1355465122_0,898,Very Low
osm_300374821_6305239491_0,898,Very Low
osm_300376010_300164908_0,2124,Low
osm_300376049_300376050_0,2124,Low
osm_300376050_300376049_0,2124,Low
osm_300376050_2167027864_0,2124,Low
osm_300376050_300165090_0,2124,Low
osm_300376603_11032257976_0,3993,Very High
osm_300376603_299877917_0,3993,Very High
osm_300376603_299877917_0,3669,Very High
osm_300376603_300376604_0,3993,Very High
osm_300376604_2167027722_0,3993,Very High
osm_300376604_300165043_0,3993,Very High
osm_300376604_300376603_0,3993,Very High
osm_300450310_300450311_0,2063,Low
osm_300450311_2168576071_0,2062,Moderate
osm_300450311_2168576071_0,2063,Low
osm_300450311_300450310_0,2063,Low
osm_300450311_2168818035_0,2063,Low
osm_300450312_1944183575_0,3941,Very High
osm_300450312_1944183568_0,838,Very Low
osm_300450312_1944183568_0,3941,Very High
osm_300450312_1944183568_0,898,Very Low
osm_300450312_1944183568_0,2062,Moderate
osm_300450312_1944183568_0,3943,High
osm_300450312_2168557367_0,3941,Very High
osm_300450312_7800528121_0,1300,Low
osm_300450312_7800528121_0,3939,Very High
osm_300450312_7800528121_0,3941,Very High
osm_300450312_7800528121_0,3658,Very High
osm_300450313_1454653790_0,195,Low
osm_300450313_7151309300_0,195,Low
osm_300450313_1944183568_0,195,Low
osm_300450313_1944183568_0,898,Very Low
osm_300450313_1944183568_0,2049,Low
osm_300450418_1454653790_0,195,Low
osm_300450418_300450420_0,195,Low
osm_300450418_1944183580_0,195,Low
osm_300450420_1944183626_0,195,Low
osm_300450420_300450418_0,195,Low
osm_300450420_1944183594_0,195,Low
osm_300450427_300450429_0,1306,Very Low
osm_300450427_300450429_0,838,Very Low
osm_300450427_300450429_0,3941,Very High
osm_300450427_300450429_0,898,Very Low
osm_300450427_300450429_0,3943,High
osm_300450429_1944183673_0,3941,Very High
osm_300450429_2168557391_0,3941,Very High
osm_300450429_300450427_0,1306,Very Low
osm_300450429_300450427_0,838,Very Low
osm_300450429_300450427_0,3941,Very High
osm_300450429_300450427_0,898,Very Low
osm_300450429_300450427_0,3943,High
osm_300454713_1944183726_0,197,Low
osm_300454760_1944183721_0,197,Low
osm_300454761_1944183720_0,197,Low
osm_300454817_2168810006_0,197,Low
osm_300454817_1944183727_0,197,Low
osm_300454817_1944183695_0,197,Low
osm_300454818_1944183726_0,197,Low
osm_300454818_2168810006_0,197,Low
osm_300454818_1944183693_0,197,Low
osm_300454818_10239603817_0,197,Low
osm_300454818_10239603817_0,2055,Low
osm_300454915_1944183770_0,2055,Low
osm_300454915_11645095769_0,2055,Low
osm_300454915_3187999864_0,2055,Low
osm_300454915_3187999864_0,2054,Moderate
osm_300454915_1944183722_0,197,Low
osm_300454915_1944183722_0,2055,Low
osm_300455070_11757094575_0,2055,Low
osm_300455070_11757094575_0,2054,Moderate
osm_300455070_2168810026_0,2055,Low
osm_300455070_1944183755_0,2055,Low
osm_300455070_1454653842_0,2055,Low
osm_300455072_1944183766_0,2055,Low
osm_300455072_1944183766_0,2054,Moderate
osm_300455072_11645084261_0,2054,Moderate
osm_300455072_1944183775_0,2054,Moderate
osm_300455072_1944183845_0,2054,Moderate
osm_300455072_1944183845_0,838,Very Low
osm_300455073_3187999864_0,2054,Moderate
osm_300455073_11645084261_0,2054,Moderate
osm_300455073_1944183846_0,2054,Moderate
osm_300455073_1944183846_0,838,Very Low
osm_300455150_1944183835_0,838,Very Low
osm_300455150_1944183835_0,898,Very Low
osm_300455150_11508116509_0,2057,Low
osm_300455150_11508116509_0,898,Very Low
osm_300455150_11402804797_0,838,Very Low
osm_300455150_11402804797_0,898,Very Low
osm_300455152_2230812039_0,838,Very Low
osm_300455152_1944183842_0,838,Very Low
osm_300455152_11508096844_0,838,Very Low
osm_300455463_4294274215_0,2063,Low
osm_300455463_1640665331_0,3988,High
osm_300455463_1640665331_0,2063,Low
osm_300455463_1640665331_0,3989,Moderate
osm_300455463_338461377_0,2063,Low
osm_300455464_338461201_0,3985,Very High
osm_300455464_338461201_0,3988,High
osm_300455464_338461263_0,3988,High
osm_300455464_338461359_0,3985,Very High
osm_300455464_338461359_0,3988,High
osm_300455516_11402804797_0,838,Very Low
osm_300455516_11402804797_0,4020,High
osm_300455516_11402804797_0,1367,Very Low
osm_300455516_1944183795_0,2054,Moderate
osm_300455516_1944183795_0,4020,High
osm_300455516_11402782216_0,4020,High
osm_300455516_11508116503_0,2054,Moderate
osm_300455516_11508116503_0,838,Very Low
osm_300455516_11508116503_0,4020,High
osm_300455566_300455567_0,2056,Moderate
osm_300455566_300455567_0,838,Very Low
osm_300455566_300455567_0,4023,High
osm_300455566_338461288_0,4023,High
osm_300455566_338461555_0,2056,Moderate
osm_300455566_338461555_0,4023,High
osm_300455567_300455566_0,2056,Moderate
osm_300455567_300455566_0,838,Very Low
osm_300455567_300455566_0,4023,High
osm_300462967_2168960203_0,354,Low
osm_300462991_280086989_0,354,Low
osm_300462991_4221752128_0,354,Low
osm_300462991_4221752132_0,354,Low
osm_300463010_300198005_0,354,Low
osm_300463010_7826394653_0,354,Low
osm_300463010_339287175_0,354,Low
osm_300463578_300463580_0,3995,High
osm_300463580_2167027849_0,3995,High
osm_300463580_7806740576_0,3995,High
osm_300463580_300463578_0,3995,High
osm_300463595_299878685_0,3995,High
osm_300463595_11618453820_0,3995,High
osm_300463595_2167027852_0,3995,High
osm_300463598_300463599_0,2124,Low
osm_300463598_300463599_0,3996,Moderate
osm_300463598_300463599_0,1345,Very Low
osm_300463599_299883594_0,3996,Moderate
osm_300463599_299883594_0,1345,Very Low
osm_300463599_6305444564_0,898,Very Low
osm_300463599_6305444564_0,1345,Very Low
osm_300463599_300463598_0,2124,Low
osm_300463599_300463598_0,3996,Moderate
osm_300463599_300463598_0,1345,Very Low
osm_300463603_300463604_0,898,Very Low
osm_300463604_11794989078_0,898,Very Low
osm_300463604_300463611_0,898,Very Low
osm_300463604_300463611_0,1345,Very Low
osm_300463604_300463603_0,898,Very Low
osm_300463611_300463604_0,898,Very Low
osm_300463611_300463604_0,1345,Very Low
osm_300463611_299883595_0,1345,Very Low
osm_300463611_11770291561_0,898,Very Low
osm_300463611_11770291561_0,1345,Very Low
osm_300463612_2407565222_0,898,Very Low
osm_300463612_6305144013_0,898,Very Low
osm_300463612_338406836_0,898,Very Low
osm_300463790_325208966_0,199,Low
osm_300463790_3431404935_0,199,Low
osm_300463790_3431404936_0,199,Low
osm_300463817_325209149_0,199,Low
osm_300463817_300463827_0,199,Low
osm_300463817_4335418564_0,199,Low
osm_300463822_300463823_0,199,Low
osm_300463822_4335418564_0,199,Low
osm_300463822_325209556_0,199,Low
osm_300463823_300463832_0,199,Low
osm_300463823_338222919_0,199,Low
osm_300463823_300463822_0,199,Low
osm_300463827_4335418563_0,199,Low
osm_300463827_300195629_0,199,Low
osm_300463827_300463817_0,199,Low
osm_300463828_4335418563_0,199,Low
osm_300463832_300311630_0,199,Low
osm_300463832_300463823_0,199,Low
osm_300463832_325209344_0,199,Low
osm_300463832_325209556_0,199,Low
osm_300463861_300311629_0,199,Low
osm_300463861_4265677248_0,199,Low
osm_300463861_2168591059_0,199,Low
osm_300463862_4278233223_0,199,Low
osm_300463862_325208583_0,199,Low
osm_300463862_2168591059_0,199,Low
osm_300463949_2407565891_0,199,Low
osm_300463949_3493019110_0,199,Low
osm_300463949_2442518721_0,199,Low
osm_300463970_300306134_0,3989,Moderate
osm_300463970_300306134_0,1345,Very Low
osm_300463970_7806767001_0,3989,Moderate
osm_300463970_13793703061_0,898,Very Low
osm_300463970_13793703061_0,3989,Moderate
osm_300463970_13793703061_0,1345,Very Low
osm_300464005_2167027827_0,1344,Very Low
osm_300464005_2167027827_0,3995,High
osm_300464005_2167027849_0,3995,High
osm_300464005_11612763921_0,3995,High
osm_300464009_300464024_0,3995,High
osm_300464009_300464024_0,2124,Low
osm_300464009_300464024_0,3996,Moderate
osm_300464009_338222927_0,3995,High
osm_300464009_299881944_0,3995,High
osm_300464018_300464020_0,211,Low
osm_300464018_6245904904_0,211,Low
osm_300464018_11806341579_0,211,Low
osm_300464019_300464020_0,211,Low
osm_300464020_300464019_0,211,Low
osm_300464020_300464018_0,211,Low
osm_300464020_300184997_0,2124,Low
osm_300464020_300184997_0,211,Low
osm_300464022_300464024_0,2124,Low
osm_300464022_300464024_0,3996,Moderate
osm_300464024_300464009_0,3995,High
osm_300464024_300464009_0,2124,Low
osm_300464024_300464009_0,3996,Moderate
osm_300464024_11591490821_0,2124,Low
osm_300464024_300464022_0,2124,Low
osm_300464024_300464022_0,3996,Moderate
osm_300464027_2167149026_0,2124,Low
osm_300464027_2167149030_0,2124,Low
osm_300464027_12040970369_0,2124,Low
osm_300464027_12040970369_0,211,Low
osm_300464063_338222942_0,898,Very Low
osm_300464063_300464073_0,898,Very Low
osm_300464063_300464064_0,898,Very Low
osm_300464063_300464064_0,1344,Very Low
osm_300464063_300464064_0,1345,Very Low
osm_300464063_11806316594_0,898,Very Low
osm_300464064_300464072_0,1344,Very Low
osm_300464064_300464063_0,898,Very Low
osm_300464064_300464063_0,1344,Very Low
osm_300464064_300464063_0,1345,Very Low
osm_300464064_338222942_0,898,Very Low
osm_300464064_338222942_0,1344,Very Low
osm_300464064_338222942_0,37,Very Low
osm_300464064_338222942_0,1345,Very Low
osm_300464072_300464064_0,1344,Very Low
osm_300464072_299883758_0,1344,Very Low
osm_300464072_300464073_0,898,Very Low
osm_300464072_300464073_0,1344,Very Low
osm_300464072_300464073_0,1345,Very Low
osm_300464073_300464063_0,898,Very Low
osm_300464073_338222949_0,898,Very Low
osm_300464073_300464072_0,898,Very Low
osm_300464073_300464072_0,1344,Very Low
osm_300464073_300464072_0,1345,Very Low
osm_300464073_2167149030_0,898,Very Low
osm_300464073_2167149030_0,2124,Low
osm_300464088_300464089_0,2124,Low
osm_300464089_300464088_0,2124,Low
osm_300464089_2167148991_0,2124,Low
osm_300464089_2167148962_0,2124,Low
osm_300464332_2167027612_0,3993,Very High
osm_300464332_2167027612_0,3669,Very High
osm_300464332_11626077024_0,3993,Very High
osm_300464332_2230781372_0,3993,Very High
osm_300464332_2230781372_0,3995,High
osm_300464334_299883901_0,3995,High
osm_300464334_11626077024_0,3993,Very High
osm_300464334_11626077024_0,3995,High
osm_300464334_2167148947_0,3995,High
osm_300464378_300464383_0,3995,High
osm_300464378_11626042857_0,3995,High
osm_300464378_299883205_0,3995,High
osm_300464381_299883775_0,3995,High
osm_300464381_299883765_0,3995,High
osm_300464381_6451339710_0,3995,High
osm_300464383_300464378_0,3995,High
osm_300464383_299883205_0,3995,High
osm_300464383_11306545560_0,3995,High
osm_300464383_6451339710_0,3995,High
osm_300464392_300464393_0,3993,Very High
osm_300464393_300186101_0,3993,Very High
osm_300464393_300185907_0,3993,Very High
osm_300464393_300464392_0,3993,Very High
osm_300464394_300185907_0,3993,Very High
osm_300464446_325207996_0,199,Low
osm_300464447_325208966_0,199,Low
osm_300464448_300464466_0,211,Low
osm_300464449_300464466_0,211,Low
osm_300464465_300464466_0,211,Low
osm_300464465_11043646146_0,211,Low
osm_300464466_300464465_0,211,Low
osm_300464466_300464448_0,211,Low
osm_300464466_300464449_0,211,Low
osm_300464556_300464879_0,2062,Moderate
osm_300464556_300464861_0,2062,Moderate
osm_300464556_300464877_0,2062,Moderate
osm_300464556_300464877_0,2063,Low
osm_300464559_300464562_0,3988,High
osm_300464559_1641564603_0,3988,High
osm_300464559_1641563441_0,3985,Very High
osm_300464559_1641563441_0,3988,High
osm_300464559_300464560_0,3985,Very High
osm_300464559_300464560_0,3988,High
osm_300464560_300464559_0,3985,Very High
osm_300464560_300464559_0,3988,High
osm_300464560_1641563439_0,3988,High
osm_300464560_2168576086_0,3985,Very High
osm_300464560_2168576086_0,3988,High
osm_300464562_300464559_0,3988,High
osm_300464562_300313917_0,3988,High
osm_300464562_2168576086_0,3985,Very High
osm_300464562_2168576086_0,3988,High
osm_300464568_338223254_0,3985,Very High
osm_300464568_2168576084_0,3985,Very High
osm_300464568_1457503275_0,3985,Very High
osm_300464568_11465342524_0,3985,Very High
osm_300464568_11465342524_0,3988,High
osm_300464569_300464570_0,3988,High
osm_300464570_338461093_0,3988,High
osm_300464570_338223248_0,3988,High
osm_300464570_2168576088_0,3988,High
osm_300464570_300464569_0,3988,High
osm_300464572_11054635081_0,3985,Very High
osm_300464572_1641564599_0,3985,Very High
osm_300464572_4450560887_0,3985,Very High
osm_300464592_300464637_0,3985,Very High
osm_300464592_1457503277_0,3985,Very High
osm_300464592_300464612_0,3985,Very High
osm_300464593_11066208341_0,3985,Very High
osm_300464593_300464637_0,3985,Very High
osm_300464593_4278284248_0,3985,Very High
osm_300464594_300464673_0,3985,Very High
osm_300464594_300464673_0,3988,High
osm_300464594_300464756_0,3988,High
osm_300464594_300464753_0,3988,High
osm_300464595_300464745_0,3988,High
osm_300464595_300464740_0,3988,High
osm_300464595_300464596_0,2062,Moderate
osm_300464595_300464596_0,3988,High
osm_300464596_300464595_0,2062,Moderate
osm_300464596_300464595_0,3988,High
osm_300464596_338461089_0,2062,Moderate
osm_300464596_2168576100_0,2062,Moderate
osm_300464596_2168576100_0,3988,High
osm_300464597_1457503507_0,2063,Low
osm_300464597_1457503505_0,2063,Low
osm_300464597_4450539392_0,2063,Low
osm_300464612_1765261170_0,3985,Very High
osm_300464612_300464592_0,3985,Very High
osm_300464612_4278284248_0,3985,Very High
osm_300464635_11402593822_0,3985,Very High
osm_300464637_11402593822_0,3985,Very High
osm_300464637_300464593_0,3985,Very High
osm_300464637_300464592_0,3985,Very High
osm_300464668_300464670_0,3985,Very High
osm_300464668_300464670_0,3988,High
osm_300464668_300464673_0,3985,Very High
osm_300464668_1457503368_0,3985,Very High
osm_300464670_300464668_0,3985,Very High
osm_300464670_300464668_0,3988,High
osm_300464670_2168576097_0,3988,High
osm_300464670_300464841_0,3985,Very High
osm_300464670_300464841_0,3988,High
osm_300464673_300464594_0,3985,Very High
osm_300464673_300464594_0,3988,High
osm_300464673_300464668_0,3985,Very High
osm_300464673_4278284250_0,3985,Very High
osm_300464686_300464732_0,2062,Moderate
osm_300464686_300464732_0,2063,Low
osm_300464686_1457503510_0,2063,Low
osm_300464686_1640674290_0,2063,Low
osm_300464731_300464732_0,2062,Moderate
osm_300464731_338461183_0,2062,Moderate
osm_300464731_338461183_0,2063,Low
osm_300464731_300464736_0,2062,Moderate
osm_300464731_300464736_0,3988,High
osm_300464732_338461054_0,2062,Moderate
osm_300464732_300464686_0,2062,Moderate
osm_300464732_300464686_0,2063,Low
osm_300464732_300464731_0,2062,Moderate
osm_300464736_300464737_0,2062,Moderate
osm_300464736_300464737_0,3988,High
osm_300464736_300464731_0,2062,Moderate
osm_300464736_300464731_0,3988,High
osm_300464736_300464739_0,3988,High
osm_300464737_1640674281_0,2062,Moderate
osm_300464737_1640674281_0,3988,High
osm_300464737_338461054_0,2062,Moderate
osm_300464737_300464736_0,2062,Moderate
osm_300464737_300464736_0,3988,High
osm_300464739_300464736_0,3988,High
osm_300464739_338461174_0,3988,High
osm_300464739_300464740_0,3988,High
osm_300464740_1640674281_0,3988,High
osm_300464740_300464595_0,3988,High
osm_300464740_300464739_0,3988,High
osm_300464744_300464745_0,3988,High
osm_300464745_300464744_0,3988,High
osm_300464745_300464595_0,3988,High
osm_300464745_300464756_0,3988,High
osm_300464753_300464594_0,3988,High
osm_300464753_2168576097_0,3988,High
osm_300464753_4294274199_0,3988,High
osm_300464755_300464756_0,2062,Moderate
osm_300464755_300464756_0,3988,High
osm_300464756_300464755_0,2062,Moderate
osm_300464756_300464755_0,3988,High
osm_300464756_300464745_0,3988,High
osm_300464756_300464594_0,3988,High
osm_300464841_4278284249_0,3985,Very High
osm_300464841_300464670_0,3985,Very High
osm_300464841_300464670_0,3988,High
osm_300464841_11066208349_0,3985,Very High
osm_300464860_338461093_0,3988,High
osm_300464860_4450536983_0,3988,High
osm_300464860_338461081_0,2062,Moderate
osm_300464860_338461081_0,3988,High
osm_300464861_338461081_0,2062,Moderate
osm_300464861_300464556_0,2062,Moderate
osm_300464861_2168576107_0,2062,Moderate
osm_300464861_2168576107_0,2063,Low
osm_300464877_8041810500_0,2063,Low
osm_300464877_1457503502_0,2063,Low
osm_300464877_300464556_0,2062,Moderate
osm_300464877_300464556_0,2063,Low
osm_300464878_300464879_0,2062,Moderate
osm_300464879_1457503500_0,2062,Moderate
osm_300464879_300464556_0,2062,Moderate
osm_300464879_338461093_0,2062,Moderate
osm_300464879_338461093_0,3988,High
osm_300464879_300464878_0,2062,Moderate
osm_300464896_300464903_0,3988,High
osm_300464897_300464903_0,3988,High
osm_300464897_2168576088_0,3988,High
osm_300464897_1457503500_0,2062,Moderate
osm_300464897_1457503500_0,3988,High
osm_300464902_300464903_0,3988,High
osm_300464903_300464897_0,3988,High
osm_300464903_300464896_0,3988,High
osm_300464903_300464902_0,3988,High
osm_300464907_11612717440_0,3985,Very High
osm_300464907_11612717440_0,3988,High
osm_300464911_11066180647_0,2062,Moderate
osm_300464911_11066180647_0,3985,Very High
osm_300464911_11066180647_0,3988,High
osm_300464915_338461084_0,2063,Low
osm_300464915_2168576107_0,2063,Low
osm_300464915_4452088814_0,2063,Low
osm_300464917_299883817_0,3995,High
osm_300464917_299883817_0,2124,Low
osm_300464917_299883817_0,3996,Moderate
osm_300464924_299883862_0,3995,High
osm_300464924_299883862_0,3996,Moderate
osm_300464924_299883901_0,3995,High
osm_300464924_299883901_0,3996,Moderate
osm_300464924_299883945_0,2124,Low
osm_300464924_299883945_0,3996,Moderate
osm_300464924_299883817_0,2124,Low
osm_300464924_299883817_0,3996,Moderate
osm_300465142_300465165_0,3998,High
osm_300465142_300368746_0,2131,Low
osm_300465142_300368746_0,3998,High
osm_300465142_300368746_0,3999,Moderate
osm_300465145_280520945_0,212,Low
osm_300465145_2165528729_0,212,Low
osm_300465145_330401259_0,2131,Low
osm_300465145_330401259_0,212,Low
osm_300465145_338250418_0,212,Low
osm_300465149_300465165_0,3998,High
osm_300465149_301301540_0,3998,High
osm_300465149_330401259_0,2130,Moderate
osm_300465149_330401259_0,2131,Low
osm_300465149_330401259_0,3998,High
osm_300465150_2165528729_0,212,Low
osm_300465150_330401256_0,2131,Low
osm_300465150_330401256_0,212,Low
osm_300465165_300465142_0,3998,High
osm_300465165_300465149_0,3998,High
osm_300465165_322806435_0,2131,Low
osm_300465165_322806435_0,3998,High
osm_300465165_322806435_0,3999,Moderate
osm_300465165_11818333497_0,3998,High
osm_300469152_1197468366_0,199,Low
osm_300469152_299382591_0,199,Low
osm_300469152_6304943208_0,199,Low
osm_300469152_299382813_0,199,Low
osm_301301410_301301527_0,3998,High
osm_301301519_301301522_0,3666,Very High
osm_301301519_11416397491_0,3666,Very High
osm_301301522_11414467597_0,5003,Very High
osm_301301522_11414467597_0,3666,Very High
osm_301301522_301301519_0,3666,Very High
osm_301301522_10281689715_0,3666,Very High
osm_301301522_12046121533_0,3666,Very High
osm_301301527_11818333497_0,3998,High
osm_301301527_10690621670_0,3997,Very High
osm_301301527_10690621670_0,3998,High
osm_301301527_10690621670_0,1341,Low
osm_301301527_301301410_0,3998,High
osm_301301527_14091487575_0,3998,High
osm_301301540_300465149_0,3998,High
osm_303451155_280086988_0,354,Low
osm_303451155_299880713_0,354,Low
osm_303453572_11757094587_0,2055,Low
osm_303453572_10239603819_0,2055,Low
osm_303453572_303453573_0,2055,Low
osm_303453572_303453573_0,2054,Moderate
osm_303453572_303453573_0,838,Very Low
osm_303453573_1944183843_0,838,Very Low
osm_303453573_1944183840_0,838,Very Low
osm_303453573_303453572_0,2055,Low
osm_303453573_303453572_0,2054,Moderate
osm_303453573_303453572_0,838,Very Low
osm_303453682_330653742_0,229,Low
osm_313444419_6305284075_0,199,Low
osm_313444419_11625982860_0,199,Low
osm_313444419_3729112486_0,199,Low
osm_313444425_11625982861_0,199,Low
osm_313444432_11625982861_0,199,Low
osm_313444432_277912704_0,199,Low
osm_313444432_6305284075_0,199,Low
osm_313444563_313444568_0,199,Low
osm_313444563_300164815_0,199,Low
osm_313444563_299385934_0,199,Low
osm_313444565_313444567_0,199,Low
osm_313444565_313444567_0,2064,Low
osm_313444565_300159995_0,199,Low
osm_313444565_299880454_0,199,Low
osm_313444565_299880454_0,2064,Low
osm_313444567_299880479_0,2064,Low
osm_313444567_300159971_0,2064,Low
osm_313444567_313444565_0,199,Low
osm_313444567_313444565_0,2064,Low
osm_313444568_313444563_0,199,Low
osm_313444568_313444569_0,199,Low
osm_313444568_313444569_0,2064,Low
osm_313444568_330412894_0,199,Low
osm_313444568_330412894_0,2064,Low
osm_313444569_313444568_0,199,Low
osm_313444569_313444568_0,2064,Low
osm_313444569_6801270882_0,199,Low
osm_313444569_6801270882_0,2064,Low
osm_313444569_299880479_0,2064,Low
osm_313857687_313857689_0,3993,Very High
osm_313857687_299883970_0,3664,Very High
osm_313857687_299883970_0,3993,Very High
osm_313857687_299878983_0,3993,Very High
osm_313857689_313857690_0,3993,Very High
osm_313857689_313857690_0,3995,High
osm_313857689_313857687_0,3993,Very High
osm_313857689_299883210_0,3664,Very High
osm_313857689_299883210_0,3993,Very High
osm_313857690_300185264_0,3995,High
osm_313857690_313857689_0,3993,Very High
osm_313857690_313857689_0,3995,High
osm_313857690_313857691_0,3995,High
osm_313857691_313857690_0,3995,High
osm_313857691_299879154_0,3995,High
osm_313857691_299879030_0,3995,High
osm_313857696_299879028_0,3993,Very High
osm_313857696_299879028_0,3995,High
osm_313857696_299878960_0,3993,Very High
osm_313857696_313857697_0,3664,Very High
osm_313857696_313857697_0,3993,Very High
osm_313857697_299879174_0,3664,Very High
osm_313857697_299879174_0,3993,Very High
osm_313857697_313857696_0,3664,Very High
osm_313857697_313857696_0,3993,Very High
osm_313857697_299883993_0,3664,Very High
osm_313857698_299879028_0,3993,Very High
osm_313857698_299879028_0,3995,High
osm_313857698_299879174_0,3993,Very High
osm_313857698_313857699_0,3993,Very High
osm_313857698_313857699_0,1342,Low
osm_313857699_313857698_0,3993,Very High
osm_313857699_313857698_0,1342,Low
osm_313857700_299879128_0,3995,High
osm_313857700_299878883_0,3995,High
osm_313857700_1889993380_0,3995,High
osm_313857700_1889993380_0,2123,Moderate
osm_313857700_1889993380_0,2124,Low
osm_313857702_313857704_0,898,Very Low
osm_313857702_313857704_0,2124,Low
osm_313857702_1751203573_0,898,Very Low
osm_313857702_1751203573_0,2124,Low
osm_313857704_313857702_0,898,Very Low
osm_313857704_313857702_0,2124,Low
osm_313857704_1889993394_0,2124,Low
osm_313857704_313857707_0,2124,Low
osm_313857707_313857704_0,2124,Low
osm_313857708_313857709_0,3993,Very High
osm_313857708_313857709_0,3995,High
osm_313857708_299878983_0,3993,Very High
osm_313857708_299883996_0,3993,Very High
osm_313857709_299879097_0,3995,High
osm_313857709_299879028_0,3995,High
osm_313857709_313857708_0,3993,Very High
osm_313857709_313857708_0,3995,High
osm_313857710_300185264_0,3993,Very High
osm_313857710_300185264_0,3995,High
osm_313857710_300185261_0,3993,Very High
osm_313857710_300185261_0,3995,High
osm_313857710_300185300_0,3993,Very High
osm_313857711_299883878_0,3995,High
osm_313857711_299878850_0,3995,High
osm_313857711_338282645_0,3995,High
osm_322806435_330401259_0,2131,Low
osm_322806435_300465165_0,2131,Low
osm_322806435_300465165_0,3998,High
osm_322806435_300465165_0,3999,Moderate
osm_322806435_300368746_0,2131,Low
osm_322806435_6590245066_0,2131,Low
osm_322806435_6590245066_0,212,Low
osm_325206177_300310320_0,199,Low
osm_325206353_338406743_0,199,Low
osm_325206353_338406743_0,2064,Low
osm_325206584_338406748_0,199,Low
osm_325206584_338406748_0,2064,Low
osm_325206636_338440033_0,2065,Low
osm_325206636_11770278873_0,2065,Low
osm_325206636_277911475_0,2065,Low
osm_325206636_277911475_0,199,Low
osm_325206683_2442518721_0,199,Low
osm_325206683_338440186_0,199,Low
osm_325206683_300195626_0,199,Low
osm_325207106_2168591067_0,199,Low
osm_325207106_11052089962_0,199,Low
osm_325207106_3431404935_0,199,Low
osm_325207131_3431404935_0,199,Low
osm_325207131_300312864_0,199,Low
osm_325207131_3431404936_0,199,Low
osm_325207171_300312948_0,2065,Low
osm_325207171_325207254_0,2065,Low
osm_325207171_325207254_0,199,Low
osm_325207171_300313002_0,2065,Low
osm_325207171_300313002_0,4062,Moderate
osm_325207171_325207217_0,2065,Low
osm_325207217_325207171_0,2065,Low
osm_325207217_325207251_0,2065,Low
osm_325207217_325207278_0,2065,Low
osm_325207251_325207254_0,2065,Low
osm_325207251_325207254_0,199,Low
osm_325207251_325207217_0,2065,Low
osm_325207251_3431404936_0,2065,Low
osm_325207251_3431404936_0,199,Low
osm_325207254_300312835_0,2065,Low
osm_325207254_300312835_0,4062,Moderate
osm_325207254_300312835_0,199,Low
osm_325207254_325207251_0,2065,Low
osm_325207254_325207251_0,199,Low
osm_325207254_325207171_0,2065,Low
osm_325207254_325207171_0,199,Low
osm_325207254_3426336738_0,199,Low
osm_325207257_4358646185_0,199,Low
osm_325207257_338223272_0,199,Low
osm_325207278_325207279_0,2065,Low
osm_325207278_325207279_0,199,Low
osm_325207278_4304449135_0,2065,Low
osm_325207278_325207217_0,2065,Low
osm_325207279_4300667151_0,199,Low
osm_325207279_300312948_0,2065,Low
osm_325207279_300312948_0,199,Low
osm_325207279_325207278_0,2065,Low
osm_325207279_325207278_0,199,Low
osm_325207996_300195629_0,199,Low
osm_325207996_300464446_0,199,Low
osm_325207996_325208906_0,199,Low
osm_325208583_300463862_0,199,Low
osm_325208906_11052089962_0,199,Low
osm_325208906_325208966_0,199,Low
osm_325208906_325207996_0,199,Low
osm_325208966_325208906_0,199,Low
osm_325208966_300464447_0,199,Low
osm_325208966_300463790_0,199,Low
osm_325209149_300463817_0,199,Low
osm_325209149_338222919_0,199,Low
osm_325209149_4278233220_0,199,Low
osm_325209310_6552436477_0,199,Low
osm_325209344_300311903_0,199,Low
osm_325209344_300463832_0,199,Low
osm_325209344_325209359_0,199,Low
osm_325209345_338222919_0,199,Low
osm_325209345_4265677246_0,199,Low
osm_325209345_325209359_0,199,Low
osm_325209359_325209345_0,199,Low
osm_325209359_325209344_0,199,Low
osm_325209359_325209363_0,199,Low
osm_325209363_4265677246_0,199,Low
osm_325209363_300196199_0,199,Low
osm_325209363_4278233222_0,199,Low
osm_325209363_325209359_0,199,Low
osm_325209553_325210343_0,199,Low
osm_325209553_300311630_0,199,Low
osm_325209553_325209560_0,199,Low
osm_325209556_300463822_0,199,Low
osm_325209556_325209560_0,199,Low
osm_325209556_300463832_0,199,Low
osm_325209560_325209556_0,199,Low
osm_325209560_6445277942_0,199,Low
osm_325209560_325209553_0,199,Low
osm_325209831_4265546765_0,2063,Low
osm_325209831_6588259895_0,2063,Low
osm_325209833_325210170_0,199,Low
osm_325209833_6547624284_0,199,Low
osm_325209833_325210163_0,199,Low
osm_325209833_300311905_0,199,Low
osm_325209851_6547635085_0,199,Low
osm_325209851_338461438_0,199,Low
osm_325209851_6547624284_0,199,Low
osm_325209943_300312549_0,199,Low
osm_325210157_325210158_0,2063,Low
osm_325210157_300311905_0,2063,Low
osm_325210157_300311905_0,199,Low
osm_325210157_325210163_0,2063,Low
osm_325210157_325210163_0,199,Low
osm_325210158_325210157_0,2063,Low
osm_325210158_338417891_0,2063,Low
osm_325210158_1528037753_0,2063,Low
osm_325210159_1528037753_0,2063,Low
osm_325210159_2146417139_0,2063,Low
osm_325210159_2146417139_0,199,Low
osm_325210162_338417891_0,2063,Low
osm_325210162_338417897_0,2063,Low
osm_325210162_338417885_0,2063,Low
osm_325210163_325209833_0,199,Low
osm_325210163_338417903_0,199,Low
osm_325210163_325210157_0,2063,Low
osm_325210163_325210157_0,199,Low
osm_325210170_325209833_0,199,Low
osm_325210170_4278233218_0,199,Low
osm_325210170_338417903_0,199,Low
osm_325210179_325210234_0,199,Low
osm_325210179_2168576110_0,199,Low
osm_325210179_338417876_0,2063,Low
osm_325210179_338417876_0,199,Low
osm_325210202_4278284259_0,2063,Low
osm_325210234_300311871_0,199,Low
osm_325210234_325210179_0,199,Low
osm_325210234_325210242_0,2063,Low
osm_325210234_325210242_0,199,Low
osm_325210242_325210234_0,2063,Low
osm_325210242_325210234_0,199,Low
osm_325210242_338417879_0,2063,Low
osm_325210242_338417879_0,199,Low
osm_325210242_338417876_0,2063,Low
osm_325210260_338417879_0,199,Low
osm_325210260_300311871_0,199,Low
osm_325210260_300311870_0,199,Low
osm_325210282_2407564048_0,199,Low
osm_325210343_325209553_0,199,Low
osm_325210343_2407564048_0,199,Low
osm_325210343_300311870_0,199,Low
osm_325210401_4926000719_0,2063,Low
osm_325210401_4926000719_0,199,Low
osm_325210401_338461428_0,199,Low
osm_325210401_11043788307_0,199,Low
osm_325210402_338461410_0,199,Low
osm_325210402_299883320_0,199,Low
osm_325210402_338461428_0,199,Low
osm_330401235_330401238_0,3993,Very High
osm_330401235_330401238_0,3995,High
osm_330401235_299878483_0,3993,Very High
osm_330401235_3674607059_0,3993,Very High
osm_330401235_300165042_0,3993,Very High
osm_330401235_300165042_0,3995,High
osm_330401238_299878486_0,3995,High
osm_330401238_330401235_0,3993,Very High
osm_330401238_330401235_0,3995,High
osm_330401238_299878131_0,3995,High
osm_330401238_300165043_0,3993,Very High
osm_330401238_300165043_0,3995,High
osm_330401242_299878109_0,3995,High
osm_330401242_299878196_0,1344,Very Low
osm_330401242_299878196_0,3995,High
osm_330401242_299878227_0,3995,High
osm_330401242_300165032_0,3993,Very High
osm_330401242_300165032_0,3995,High
osm_330401245_299877858_0,1344,Very Low
osm_330401245_299877805_0,1344,Very Low
osm_330401245_11941450633_0,1344,Very Low
osm_330401245_11941450633_0,1163,Low
osm_330401245_11941450633_0,1164,Low
osm_330401245_11941450633_0,3669,Very High
osm_330401245_299878329_0,1344,Very Low
osm_330401247_299877829_0,1344,Very Low
osm_330401247_299877788_0,3993,Very High
osm_330401247_299877788_0,1344,Very Low
osm_330401247_299877788_0,1342,Low
osm_330401247_299877805_0,1344,Very Low
osm_330401247_299877804_0,1344,Very Low
osm_330401247_299877804_0,1163,Low
osm_330401247_299877804_0,1342,Low
osm_330401247_299877804_0,3669,Very High
osm_330401249_299883984_0,3664,Very High
osm_330401249_330401251_0,3664,Very High
osm_330401249_1764122477_0,3664,Very High
osm_330401249_8697656184_0,3664,Very High
osm_330401249_8697656184_0,3993,Very High
osm_330401249_8697656184_0,1342,Low
osm_330401251_300185429_0,3664,Very High
osm_330401251_299883986_0,3664,Very High
osm_330401251_330401249_0,3664,Very High
osm_330401251_299883876_0,3664,Very High
osm_330401256_330401259_0,2131,Low
osm_330401256_300465150_0,2131,Low
osm_330401256_300465150_0,212,Low
osm_330401259_322806435_0,2131,Low
osm_330401259_330401256_0,2131,Low
osm_330401259_300465149_0,2130,Moderate
osm_330401259_300465149_0,2131,Low
osm_330401259_300465149_0,3998,High
osm_330401259_300465145_0,2131,Low
osm_330401259_300465145_0,212,Low
osm_330410493_330410530_0,199,Low
osm_330410493_330410497_0,199,Low
osm_330410493_300164819_0,199,Low
osm_330410493_300164818_0,199,Low
osm_330410497_330410493_0,199,Low
osm_330410497_300193313_0,199,Low
osm_330410497_300164819_0,199,Low
osm_330410500_299880454_0,199,Low
osm_330410500_299880454_0,2064,Low
osm_330410500_300159994_0,199,Low
osm_330410500_300164813_0,199,Low
osm_330410500_300193133_0,199,Low
osm_330410500_300193133_0,2064,Low
osm_330410512_300163926_0,2064,Low
osm_330410512_300163926_0,4061,Moderate
osm_330410512_300162586_0,4061,Moderate
osm_330410512_300164008_0,4061,Moderate
osm_330410512_300192714_0,4061,Moderate
osm_330410518_11626010095_0,2064,Low
osm_330410518_300159695_0,2064,Low
osm_330410518_300159695_0,4061,Moderate
osm_330410518_11330511053_0,2064,Low
osm_330410518_300159692_0,2064,Low
osm_330410518_300159692_0,4061,Moderate
osm_330410525_10593574676_0,2064,Low
osm_330410525_300159552_0,2064,Low
osm_330410525_11330511052_0,2064,Low
osm_330410526_14049890124_0,2064,Low
osm_330410526_300164837_0,2064,Low
osm_330410526_330420098_0,2064,Low
osm_330410527_299880497_0,2064,Low
osm_330410527_299880477_0,2064,Low
osm_330410527_300159763_0,2064,Low
osm_330410527_11190008349_0,2064,Low
osm_330410528_299880374_0,199,Low
osm_330410528_300164815_0,199,Low
osm_330410528_11039516410_0,199,Low
osm_330410529_330410530_0,199,Low
osm_330410529_300164819_0,199,Low
osm_330410529_299385934_0,199,Low
osm_330410530_300164815_0,199,Low
osm_330410530_330410493_0,199,Low
osm_330410530_330410529_0,199,Low
osm_330410550_300164827_0,2064,Low
osm_330410550_300164824_0,2064,Low
osm_330410550_300159763_0,2064,Low
osm_330410558_338440260_0,2064,Low
osm_330410558_7826160051_0,2064,Low
osm_330410558_300192883_0,2064,Low
osm_330412894_313444568_0,199,Low
osm_330412894_313444568_0,2064,Low
osm_330420098_330420101_0,2063,Low
osm_330420098_330420101_0,199,Low
osm_330420098_330420101_0,2064,Low
osm_330420098_330410526_0,2064,Low
osm_330420098_330420198_0,2064,Low
osm_330420101_330420098_0,2063,Low
osm_330420101_330420098_0,199,Low
osm_330420101_330420098_0,2064,Low
osm_330420101_330420108_0,2063,Low
osm_330420101_330420108_0,199,Low
osm_330420101_330420108_0,2064,Low
osm_330420101_300192309_0,2063,Low
osm_330420108_330420126_0,2064,Low
osm_330420108_330420126_0,4061,Moderate
osm_330420108_330420101_0,2063,Low
osm_330420108_330420101_0,199,Low
osm_330420108_330420101_0,2064,Low
osm_330420108_330420173_0,2064,Low
osm_330420108_330420173_0,4061,Moderate
osm_330420108_11801245726_0,2064,Low
osm_330420111_330420229_0,4061,Moderate
osm_330420111_330420126_0,4061,Moderate
osm_330420111_330420199_0,4061,Moderate
osm_330420111_300163992_0,2064,Low
osm_330420111_300163992_0,4061,Moderate
osm_330420114_300160351_0,4061,Moderate
osm_330420114_7806670150_0,4061,Moderate
osm_330420114_330420229_0,4061,Moderate
osm_330420119_300163974_0,2064,Low
osm_330420119_300159695_0,2064,Low
osm_330420119_300159695_0,4061,Moderate
osm_330420119_300159552_0,2064,Low
osm_330420126_330420111_0,4061,Moderate
osm_330420126_330420108_0,2064,Low
osm_330420126_330420108_0,4061,Moderate
osm_330420126_300163974_0,2064,Low
osm_330420126_300163974_0,4061,Moderate
osm_330420130_330420139_0,2064,Low
osm_330420130_330420139_0,4061,Moderate
osm_330420130_330420163_0,2064,Low
osm_330420130_330420163_0,4061,Moderate
osm_330420130_330420162_0,2064,Low
osm_330420130_300163876_0,2063,Low
osm_330420130_300163876_0,199,Low
osm_330420130_300163876_0,2064,Low
osm_330420139_300162588_0,2064,Low
osm_330420139_300162588_0,4061,Moderate
osm_330420139_300162586_0,4061,Moderate
osm_330420139_11770278961_0,4061,Moderate
osm_330420139_330420130_0,2064,Low
osm_330420139_330420130_0,4061,Moderate
osm_330420146_300192508_0,199,Low
osm_330420146_11050648633_0,199,Low
osm_330420146_3674393190_0,199,Low
osm_330420146_3674393190_0,2064,Low
osm_330420162_11050648635_0,199,Low
osm_330420162_11050648635_0,2064,Low
osm_330420162_330420130_0,2064,Low
osm_330420162_3674393190_0,2064,Low
osm_330420163_300192387_0,4061,Moderate
osm_330420163_330420130_0,2064,Low
osm_330420163_330420130_0,4061,Moderate
osm_330420163_330420169_0,199,Low
osm_330420163_330420169_0,2064,Low
osm_330420163_330420169_0,4061,Moderate
osm_330420169_300192387_0,199,Low
osm_330420169_300192387_0,2064,Low
osm_330420169_300192387_0,4061,Moderate
osm_330420169_3674393186_0,2063,Low
osm_330420169_3674393186_0,199,Low
osm_330420169_330420163_0,199,Low
osm_330420169_330420163_0,2064,Low
osm_330420169_330420163_0,4061,Moderate
osm_330420173_330420108_0,2064,Low
osm_330420173_330420108_0,4061,Moderate
osm_330420173_6790387534_0,4061,Moderate
osm_330420173_330420180_0,199,Low
osm_330420173_330420180_0,2064,Low
osm_330420173_330420180_0,4061,Moderate
osm_330420175_300192045_0,199,Low
osm_330420175_300192045_0,1408,Low
osm_330420175_300192045_0,4061,Moderate
osm_330420175_300192309_0,2063,Low
osm_330420175_300192309_0,199,Low
osm_330420175_11419436626_0,199,Low
osm_330420180_330420173_0,199,Low
osm_330420180_330420173_0,2064,Low
osm_330420180_330420173_0,4061,Moderate
osm_330420197_330420198_0,199,Low
osm_330420197_330420198_0,2064,Low
osm_330420198_330420098_0,2064,Low
osm_330420198_330420197_0,199,Low
osm_330420198_330420197_0,2064,Low
osm_330420198_11801272291_0,2064,Low
osm_330420199_6795313107_0,4061,Moderate
osm_330420199_330420111_0,4061,Moderate
osm_330420199_11052703592_0,2064,Low
osm_330420199_11052703592_0,4061,Moderate
osm_330420211_12204815385_0,4061,Moderate
osm_330420211_12204815385_1,4061,Moderate
osm_330420211_12204815383_0,4061,Moderate
osm_330420229_330420111_0,4061,Moderate
osm_330420229_330420114_0,4061,Moderate
osm_330420229_3674393212_0,4061,Moderate
osm_330420234_300192714_0,2064,Low
osm_330420234_300192714_0,4061,Moderate
osm_330420234_300192713_0,2064,Low
osm_330420234_11770278971_0,2064,Low
osm_330420240_11770278971_0,2064,Low
osm_330420245_300164837_0,199,Low
osm_330420245_300164837_0,2064,Low
osm_330420245_2167149306_0,199,Low
osm_330420245_300159512_0,199,Low
osm_330420245_330420263_0,2063,Low
osm_330420245_330420263_0,199,Low
osm_330420263_330420245_0,2063,Low
osm_330420263_330420245_0,199,Low
osm_330420272_300164837_0,2063,Low
osm_330420272_300164837_0,199,Low
osm_330420272_300164837_0,2064,Low
osm_330420309_2167149315_0,199,Low
osm_330420309_7806766991_0,199,Low
osm_330420309_338223214_0,199,Low
osm_330420309_2167149303_0,199,Low
osm_330420320_2167149309_0,199,Low
osm_330420320_7806766990_0,199,Low
osm_330420320_2167149303_0,199,Low
osm_330420320_300159498_0,199,Low
osm_330648711_300195622_0,199,Low
osm_330648715_300195623_0,199,Low
osm_330653742_330653765_0,229,Low
osm_330653742_303453682_0,229,Low
osm_330653765_330653742_0,229,Low
osm_338222919_300463823_0,199,Low
osm_338222919_300311629_0,199,Low
osm_338222919_325209149_0,199,Low
osm_338222919_325209345_0,199,Low
osm_338222927_299880853_0,1344,Very Low
osm_338222927_299880853_0,3995,High
osm_338222927_300464009_0,3995,High
osm_338222927_299880913_0,3995,High
osm_338222942_299878744_0,898,Very Low
osm_338222942_300464063_0,898,Very Low
osm_338222942_299883744_0,898,Very Low
osm_338222942_300464064_0,898,Very Low
osm_338222942_300464064_0,1344,Very Low
osm_338222942_300464064_0,37,Very Low
osm_338222942_300464064_0,1345,Very Low
osm_338222949_300464073_0,898,Very Low
osm_338222949_2167148972_0,898,Very Low
osm_338222949_2167148972_0,1345,Very Low
osm_338222949_299883758_0,898,Very Low
osm_338222949_299883758_0,1344,Very Low
osm_338222949_299883758_0,1345,Very Low
osm_338222949_299883757_0,898,Very Low
osm_338222978_300165819_0,3992,Moderate
osm_338222978_2166938828_0,3992,Moderate
osm_338222978_299881800_0,3992,Moderate
osm_338222985_2166938828_0,3992,Moderate
osm_338222985_2166938828_0,2117,Low
osm_338222985_6583378201_0,3992,Moderate
osm_338222985_6583378201_0,2117,Low
osm_338222985_2166938816_0,2117,Low
osm_338222995_2166938860_0,3992,Moderate
osm_338222995_7806646857_0,3992,Moderate
osm_338222995_7806646857_0,2117,Low
osm_338222995_300370123_0,3992,Moderate
osm_338222995_300370123_0,2117,Low
osm_338223119_10175165827_0,2131,Low
osm_338223119_338223125_0,2131,Low
osm_338223119_2166791410_0,2131,Low
osm_338223119_2166791410_0,3998,High
osm_338223119_2166791410_0,3999,Moderate
osm_338223119_338238876_0,2131,Low
osm_338223119_338238876_0,212,Low
osm_338223125_338223119_0,2131,Low
osm_338223125_338223131_0,2131,Low
osm_338223125_2166791412_0,2130,Moderate
osm_338223125_2166791412_0,2131,Low
osm_338223125_2166791412_0,3998,High
osm_338223125_300368900_0,2131,Low
osm_338223125_300368900_0,212,Low
osm_338223131_338223125_0,2131,Low
osm_338223131_11059229589_0,2130,Moderate
osm_338223131_11059229589_0,2131,Low
osm_338223131_11059229589_0,3998,High
osm_338223131_300369271_0,2131,Low
osm_338223131_300369271_0,212,Low
osm_338223131_300369307_0,2131,Low
osm_338223131_300369307_0,212,Low
osm_338223137_338238961_0,838,Very Low
osm_338223137_338238961_0,898,Very Low
osm_338223137_299883113_0,898,Very Low
osm_338223137_300368165_0,838,Very Low
osm_338223137_300368165_0,898,Very Low
osm_338223137_300368327_0,898,Very Low
osm_338223142_300165248_0,1344,Very Low
osm_338223142_300165248_0,1345,Very Low
osm_338223142_300165250_0,1345,Very Low
osm_338223142_11601420881_0,1345,Very Low
osm_338223142_338223148_0,1345,Very Low
osm_338223148_299881121_0,1344,Very Low
osm_338223148_299881121_0,1345,Very Low
osm_338223148_300373046_0,1344,Very Low
osm_338223148_300373046_0,1345,Very Low
osm_338223148_338223142_0,1345,Very Low
osm_338223148_299881118_0,1345,Very Low
osm_338223155_2167149059_0,898,Very Low
osm_338223155_299881177_0,898,Very Low
osm_338223155_299881959_0,898,Very Low
osm_338223155_300303400_0,898,Very Low
osm_338223162_299385811_0,2063,Low
osm_338223162_299383048_0,2063,Low
osm_338223162_338440044_0,2063,Low
osm_338223162_338223169_0,2063,Low
osm_338223169_299886559_0,2063,Low
osm_338223169_2167149212_0,2063,Low
osm_338223169_299382716_0,2063,Low
osm_338223169_338223162_0,2063,Low
osm_338223175_6445046253_0,2063,Low
osm_338223175_299886460_0,2063,Low
osm_338223175_2167149212_0,2063,Low
osm_338223175_14230268783_0,2063,Low
osm_338223175_14230268783_0,3989,Moderate
osm_338223181_300136293_0,898,Very Low
osm_338223181_300136293_0,1410,Very Low
osm_338223181_299384927_0,898,Very Low
osm_338223181_300136156_0,898,Very Low
osm_338223181_300136156_0,1410,Very Low
osm_338223181_299384193_0,898,Very Low
osm_338223186_300136371_0,4063,Moderate
osm_338223186_300133975_0,4063,Moderate
osm_338223186_11626275937_0,4063,Moderate
osm_338223186_2167149204_0,1410,Very Low
osm_338223186_2167149204_0,4063,Moderate
osm_338223192_6445112586_0,210,Low
osm_338223192_299883183_0,210,Low
osm_338223192_338223198_0,210,Low
osm_338223192_300134467_0,4063,Moderate
osm_338223192_300134467_0,2118,Low
osm_338223192_300134467_0,210,Low
osm_338223198_300133843_0,210,Low
osm_338223198_299385416_0,210,Low
osm_338223198_338223192_0,210,Low
osm_338223198_300134381_0,210,Low
osm_338223207_300159188_0,199,Low
osm_338223207_300159528_0,199,Low
osm_338223207_300190250_0,199,Low
osm_338223207_300159065_0,199,Low
osm_338223214_300159499_0,199,Low
osm_338223214_330420309_0,199,Low
osm_338223214_11801132750_0,199,Low
osm_338223214_2167149324_0,199,Low
osm_338223221_300159529_0,199,Low
osm_338223221_300190607_0,199,Low
osm_338223221_300159531_0,199,Low
osm_338223221_338223227_0,199,Low
osm_338223227_300159070_0,199,Low
osm_338223227_300159188_0,199,Low
osm_338223227_338223221_0,199,Low
osm_338223227_300159530_0,199,Low
osm_338223248_4252220059_0,3988,High
osm_338223248_300313917_0,3988,High
osm_338223248_1457503274_0,3985,Very High
osm_338223248_1457503274_0,3988,High
osm_338223248_300464570_0,3988,High
osm_338223254_300464568_0,3985,Very High
osm_338223254_1457503275_0,3985,Very High
osm_338223254_4252220060_0,3985,Very High
osm_338223254_4252220060_0,3988,High
osm_338223258_299879312_0,3571,Low
osm_338223258_299879241_0,3985,Very High
osm_338223258_299879241_0,3571,Low
osm_338223258_299879259_0,3985,Very High
osm_338223258_299879259_0,3571,Low
osm_338223258_1768289876_0,3985,Very High
osm_338223258_1768289876_0,3571,Low
osm_338223259_1751203573_0,2124,Low
osm_338223259_2167148944_0,2124,Low
osm_338223259_5388533200_0,2124,Low
osm_338223259_5388533200_0,3996,Moderate
osm_338223259_299883951_0,2124,Low
osm_338223260_7806670154_0,1410,Very Low
osm_338223260_6445002200_0,1410,Very Low
osm_338223260_300372304_0,1410,Very Low
osm_338223260_300165527_0,1410,Very Low
osm_338223272_4300667151_0,199,Low
osm_338223272_2623043962_0,199,Low
osm_338223280_300165125_0,3989,Moderate
osm_338223280_300165175_0,3989,Moderate
osm_338223280_299382730_0,3989,Moderate
osm_338223280_300165127_0,3989,Moderate
osm_338238785_11675810437_0,3666,Very High
osm_338238785_10281689715_0,3666,Very High
osm_338238785_299875495_0,3666,Very High
osm_338238791_338238795_0,3997,Very High
osm_338238791_338238795_0,3998,High
osm_338238791_338238795_0,3666,Very High
osm_338238791_277912052_0,3998,High
osm_338238791_2166791418_0,3998,High
osm_338238795_338238791_0,3997,Very High
osm_338238795_338238791_0,3998,High
osm_338238795_338238791_0,3666,Very High
osm_338238795_299875544_0,3666,Very High
osm_338238795_299875582_0,3666,Very High
osm_338238799_299876354_0,3664,Very High
osm_338238799_299876545_0,3664,Very High
osm_338238799_2166791426_0,3664,Very High
osm_338238808_11818282232_0,2130,Moderate
osm_338238808_11818282232_0,3998,High
osm_338238808_11818282231_0,2130,Moderate
osm_338238808_11818282230_0,2130,Moderate
osm_338238821_299883154_0,2131,Low
osm_338238821_299883154_0,898,Very Low
osm_338238821_338238832_0,898,Very Low
osm_338238821_3684959089_0,2131,Low
osm_338238821_3684959089_0,898,Very Low
osm_338238827_3684959089_0,2131,Low
osm_338238832_338238821_0,898,Very Low
osm_338238832_2166857702_0,2131,Low
osm_338238832_2166857702_0,898,Very Low
osm_338238832_11647723640_0,898,Very Low
osm_338238832_2166857709_0,898,Very Low
osm_338238876_338238890_0,2132,Low
osm_338238876_338238890_0,212,Low
osm_338238876_10175165818_0,212,Low
osm_338238876_338223119_0,2131,Low
osm_338238876_338223119_0,212,Low
osm_338238883_338238901_0,899,Very Low
osm_338238883_338238890_0,2132,Low
osm_338238883_338238890_0,899,Very Low
osm_338238883_338238896_0,2132,Low
osm_338238883_338238896_0,899,Very Low
osm_338238883_338238896_0,212,Low
osm_338238890_338238883_0,2132,Low
osm_338238890_338238883_0,899,Very Low
osm_338238890_338238876_0,2132,Low
osm_338238890_338238876_0,212,Low
osm_338238890_300369271_0,2132,Low
osm_338238890_300369271_0,212,Low
osm_338238896_300369271_0,212,Low
osm_338238896_300369307_0,212,Low
osm_338238896_338238883_0,2132,Low
osm_338238896_338238883_0,899,Very Low
osm_338238896_338238883_0,212,Low
osm_338238901_338238910_0,899,Very Low
osm_338238901_338238883_0,899,Very Low
osm_338238901_300369307_0,2132,Low
osm_338238901_300369307_0,899,Very Low
osm_338238901_300369307_0,212,Low
osm_338238910_338238901_0,899,Very Low
osm_338238910_12030550712_0,899,Very Low
osm_338238910_12030550712_0,212,Low
osm_338238910_12030550711_0,899,Very Low
osm_338238919_300369307_0,212,Low
osm_338238919_12030550712_0,212,Low
osm_338238919_6451815451_0,2131,Low
osm_338238919_6451815451_0,212,Low
osm_338238948_6305098300_0,838,Very Low
osm_338238948_6305098300_0,1344,Very Low
osm_338238948_300368165_0,838,Very Low
osm_338238948_338238961_0,838,Very Low
osm_338238961_338223137_0,838,Very Low
osm_338238961_338223137_0,898,Very Low
osm_338238961_338238948_0,838,Very Low
osm_338238961_300368328_0,838,Very Low
osm_338238961_338239048_0,838,Very Low
osm_338238981_7806767062_0,898,Very Low
osm_338238981_7806767060_0,898,Very Low
osm_338238981_300368165_0,838,Very Low
osm_338238981_300368165_0,898,Very Low
osm_338239003_338239013_0,838,Very Low
osm_338239003_6586062048_0,838,Very Low
osm_338239003_6586062048_0,898,Very Low
osm_338239003_2166938761_0,838,Very Low
osm_338239003_2166938761_0,898,Very Low
osm_338239003_2166938761_0,2124,Low
osm_338239013_338239003_0,838,Very Low
osm_338239013_2166938766_0,838,Very Low
osm_338239013_2166938766_0,1344,Very Low
osm_338239013_338249931_0,838,Very Low
osm_338239013_338249931_0,1344,Very Low
osm_338239013_338249931_0,3995,High
osm_338239045_299883113_0,898,Very Low
osm_338239046_299883115_0,1344,Very Low
osm_338239046_299883115_0,1342,Low
osm_338239048_338238961_0,838,Very Low
osm_338239089_11052195277_0,898,Very Low
osm_338239089_11664637820_0,898,Very Low
osm_338239089_338239225_0,898,Very Low
osm_338239105_338239110_0,209,Low
osm_338239105_7806670128_0,209,Low
osm_338239110_338239118_0,209,Low
osm_338239110_338239105_0,209,Low
osm_338239118_338239110_0,209,Low
osm_338239198_7806670111_0,2124,Low
osm_338239198_11332478110_0,2124,Low
osm_338239198_300368045_0,2124,Low
osm_338239198_300368045_0,211,Low
osm_338239207_338239225_0,898,Very Low
osm_338239207_338239225_0,2124,Low
osm_338239207_7806670111_0,2124,Low
osm_338239207_299883029_0,2124,Low
osm_338239225_338239089_0,898,Very Low
osm_338239225_338239207_0,898,Very Low
osm_338239225_338239207_0,2124,Low
osm_338239225_300367502_0,898,Very Low
osm_338239225_300367502_0,2124,Low
osm_338239279_300368045_0,211,Low
osm_338249904_338249925_0,3995,High
osm_338249904_338249907_0,3995,High
osm_338249904_338249907_0,2123,Moderate
osm_338249904_338249907_0,2124,Low
osm_338249904_338249931_0,3995,High
osm_338249906_338249907_0,2124,Low
osm_338249906_11071084311_0,2124,Low
osm_338249906_7806670111_0,2124,Low
osm_338249907_299883029_0,2124,Low
osm_338249907_338249906_0,2124,Low
osm_338249907_338249904_0,3995,High
osm_338249907_338249904_0,2123,Moderate
osm_338249907_338249904_0,2124,Low
osm_338249910_338249911_0,211,Low
osm_338249911_338249910_0,211,Low
osm_338249913_300367846_0,1344,Very Low
osm_338249913_300367846_0,1342,Low
osm_338249913_300367776_0,1344,Very Low
osm_338249913_2166938789_0,1344,Very Low
osm_338249915_6451797998_0,3993,Very High
osm_338249915_9044763802_0,3993,Very High
osm_338249915_338250159_0,3993,Very High
osm_338249916_9044763919_0,1344,Very Low
osm_338249916_6451797998_0,3993,Very High
osm_338249916_6451797998_0,1344,Very Low
osm_338249916_6451797998_0,3995,High
osm_338249916_6307220900_0,1344,Very Low
osm_338249917_338249919_0,1344,Very Low
osm_338249919_338249917_0,1344,Very Low
osm_338249919_338249921_0,1344,Very Low
osm_338249919_277912048_0,1344,Very Low
osm_338249919_277912048_0,3995,High
osm_338249919_6451643707_0,1344,Very Low
osm_338249919_6451643707_0,1342,Low
osm_338249921_338249922_0,1344,Very Low
osm_338249921_277912049_0,1344,Very Low
osm_338249921_338249919_0,1344,Very Low
osm_338249921_6451643707_0,1344,Very Low
osm_338249921_6451643707_0,1342,Low
osm_338249922_338249921_0,1344,Very Low
osm_338249922_11043701879_0,1344,Very Low
osm_338249922_11043701879_0,3995,High
osm_338249922_6245899875_0,1344,Very Low
osm_338249922_6245899875_0,3995,High
osm_338249923_277912049_0,1344,Very Low
osm_338249923_11043701880_0,1344,Very Low
osm_338249924_338249928_0,3995,High
osm_338249924_277912048_0,3995,High
osm_338249924_2166938806_0,3995,High
osm_338249925_338249928_0,3995,High
osm_338249925_277912046_0,3995,High
osm_338249925_338249904_0,3995,High
osm_338249926_277912048_0,1344,Very Low
osm_338249926_277912048_0,3995,High
osm_338249926_338249930_0,1344,Very Low
osm_338249926_338249927_0,1344,Very Low
osm_338249926_338249927_0,3995,High
osm_338249927_338249926_0,1344,Very Low
osm_338249927_338249926_0,3995,High
osm_338249927_338249929_0,3995,High
osm_338249927_338249928_0,3995,High
osm_338249928_338249925_0,3995,High
osm_338249928_338249924_0,3995,High
osm_338249928_338249927_0,3995,High
osm_338249929_338249927_0,3995,High
osm_338249929_338249931_0,3995,High
osm_338249929_2166938789_0,1344,Very Low
osm_338249929_2166938789_0,3995,High
osm_338249930_338249926_0,1344,Very Low
osm_338249930_300367846_0,1344,Very Low
osm_338249930_300367846_0,1342,Low
osm_338249930_2166938789_0,1344,Very Low
osm_338249931_338249929_0,3995,High
osm_338249931_338249904_0,3995,High
osm_338249931_338239013_0,838,Very Low
osm_338249931_338239013_0,1344,Very Low
osm_338249931_338239013_0,3995,High
osm_338249932_11372779144_0,3995,High
osm_338249932_300367530_0,3995,High
osm_338249932_338249933_0,3995,High
osm_338249933_338249939_0,3995,High
osm_338249933_338249946_0,3995,High
osm_338249933_338249935_0,3995,High
osm_338249933_338249932_0,3995,High
osm_338249935_338249939_0,3995,High
osm_338249935_11818280950_0,3995,High
osm_338249935_277912047_0,3995,High
osm_338249935_338249933_0,3995,High
osm_338249938_11818280950_0,3995,High
osm_338249939_338249933_0,3995,High
osm_338249939_338249935_0,3995,High
osm_338249939_277912046_0,3995,High
osm_338249943_2166938853_0,3995,High
osm_338249943_280086367_0,3995,High
osm_338249943_299883031_0,3995,High
osm_338249944_338250067_0,3995,High
osm_338249944_299883031_0,3995,High
osm_338249944_338249946_0,3995,High
osm_338249946_338249933_0,3995,High
osm_338249946_280086367_0,3995,High
osm_338249946_338249944_0,3995,High
osm_338249955_6307294329_0,1345,Very Low
osm_338249955_6307294329_0,3992,Moderate
osm_338249955_12027822375_0,3992,Moderate
osm_338249955_338249960_0,3992,Moderate
osm_338249955_338249960_0,3991,High
osm_338249960_338249955_0,3992,Moderate
osm_338249960_338249955_0,3991,High
osm_338249960_338250047_0,3991,High
osm_338249960_11348352999_0,3991,High
osm_338249973_11348353000_0,1344,Very Low
osm_338249973_11348353000_0,1345,Very Low
osm_338249973_11348353000_0,3991,High
osm_338249983_338250044_0,1344,Very Low
osm_338249983_300165047_0,1344,Very Low
osm_338249983_300165047_0,3995,High
osm_338249983_11348353000_0,1344,Very Low
osm_338249983_11348353000_0,1345,Very Low
osm_338250020_338250040_0,1344,Very Low
osm_338250029_338250046_0,1344,Very Low
osm_338250029_7806670121_0,1344,Very Low
osm_338250029_338250045_0,1344,Very Low
osm_338250029_338250045_0,3995,High
osm_338250029_338250044_0,1344,Very Low
osm_338250040_299882962_0,1344,Very Low
osm_338250040_7806670121_0,1344,Very Low
osm_338250040_338250020_0,1344,Very Low
osm_338250040_6452022958_0,1344,Very Low
osm_338250044_299882961_0,1344,Very Low
osm_338250044_338249983_0,1344,Very Low
osm_338250044_338250029_0,1344,Very Low
osm_338250045_11372819119_0,3995,High
osm_338250045_2166938844_0,3995,High
osm_338250045_338250029_0,1344,Very Low
osm_338250045_338250029_0,3995,High
osm_338250046_338250029_0,1344,Very Low
osm_338250046_11372819119_0,1344,Very Low
osm_338250046_11372819119_0,3995,High
osm_338250046_11372819124_0,1344,Very Low
osm_338250047_338250048_0,3992,Moderate
osm_338250047_338250048_0,3991,High
osm_338250047_338249960_0,3991,High
osm_338250047_2230781395_0,3991,High
osm_338250048_338250047_0,3992,Moderate
osm_338250048_338250047_0,3991,High
osm_338250049_2166938830_0,3995,High
osm_338250049_300165047_0,3995,High
osm_338250049_338250059_0,3995,High
osm_338250050_338250051_0,3995,High
osm_338250050_338250051_0,3996,Moderate
osm_338250051_338250050_0,3995,High
osm_338250051_338250050_0,3996,Moderate
osm_338250051_338250059_0,3995,High
osm_338250051_338250053_0,3995,High
osm_338250051_338250053_0,3996,Moderate
osm_338250053_338250051_0,3995,High
osm_338250053_338250051_0,3996,Moderate
osm_338250053_3674674973_0,3996,Moderate
osm_338250053_338250054_0,3995,High
osm_338250053_338250054_0,3996,Moderate
osm_338250054_338250053_0,3995,High
osm_338250054_338250053_0,3996,Moderate
osm_338250059_338250051_0,3995,High
osm_338250059_338250049_0,3995,High
osm_338250059_338250070_0,3995,High
osm_338250063_338250070_0,3995,High
osm_338250063_338250077_0,3995,High
osm_338250063_338250067_0,3995,High
osm_338250067_338250081_0,3995,High
osm_338250067_338249944_0,3995,High
osm_338250067_338250063_0,3995,High
osm_338250070_338250063_0,3995,High
osm_338250070_338250059_0,3995,High
osm_338250070_338250073_0,3995,High
osm_338250070_338250073_0,3996,Moderate
osm_338250073_338250070_0,3995,High
osm_338250073_338250070_0,3996,Moderate
osm_338250077_338250063_0,3995,High
osm_338250081_338250085_0,3995,High
osm_338250081_338250089_0,3995,High
osm_338250081_338250089_0,3996,Moderate
osm_338250081_338250067_0,3995,High
osm_338250085_338250081_0,3995,High
osm_338250089_338250093_0,3996,Moderate
osm_338250089_338250098_0,2124,Low
osm_338250089_338250098_0,3996,Moderate
osm_338250089_338250081_0,3995,High
osm_338250089_338250081_0,3996,Moderate
osm_338250093_338250089_0,3996,Moderate
osm_338250098_2166938810_0,2124,Low
osm_338250098_338250089_0,2124,Low
osm_338250098_338250089_0,3996,Moderate
osm_338250098_11789399784_0,3995,High
osm_338250098_11789399784_0,2123,Moderate
osm_338250098_11789399784_0,2124,Low
osm_338250107_338250110_0,3664,Very High
osm_338250107_338250110_0,3993,Very High
osm_338250107_6451743930_0,3993,Very High
osm_338250107_277912050_0,3993,Very High
osm_338250110_338250107_0,3664,Very High
osm_338250110_338250107_0,3993,Very High
osm_338250110_338250159_0,3664,Very High
osm_338250110_338250159_0,3993,Very High
osm_338250110_6307351119_0,3664,Very High
osm_338250110_6307351119_0,3665,Very High
osm_338250110_6307351119_0,3995,High
osm_338250159_338249915_0,3993,Very High
osm_338250159_6451743930_0,3993,Very High
osm_338250159_338250110_0,3664,Very High
osm_338250159_338250110_0,3993,Very High
osm_338250166_2669699417_0,3664,Very High
osm_338250166_9044763802_0,3664,Very High
osm_338250166_9044763802_0,3993,Very High
osm_338250166_299876545_0,3664,Very High
osm_338250169_299876545_0,3664,Very High
osm_338250169_11664671713_0,3664,Very High
osm_338250169_6245898775_0,3664,Very High
osm_338250169_6245898775_0,3993,Very High
osm_338250418_300465145_0,212,Low
osm_338282591_12157056339_0,837,Very Low
osm_338282591_12157056339_0,1974,Very Low
osm_338282591_12157056339_0,5002,High
osm_338282591_12157056339_0,4999,High
osm_338282591_12157056339_0,2122,Moderate
osm_338282591_12157056339_0,1022,Very Low
osm_338282591_12157056339_0,2125,Low
osm_338282591_12157056339_0,1343,Very Low
osm_338282591_12157056339_0,1342,Low
osm_338282591_12483820630_0,3985,Very High
osm_338282591_12483820630_0,3987,High
osm_338282591_12483820630_0,1342,Low
osm_338282602_338406481_0,3985,Very High
osm_338282602_338406481_0,3571,Low
osm_338282602_338406481_0,3988,High
osm_338282602_338406481_0,3995,High
osm_338282602_12157030704_0,1344,Very Low
osm_338282602_12157030704_0,3995,High
osm_338282605_299879280_0,3985,Very High
osm_338282605_299879280_0,1344,Very Low
osm_338282605_299879280_0,3988,High
osm_338282605_12183394019_0,1344,Very Low
osm_338282605_12183394019_0,1342,Low
osm_338282639_338282645_0,3995,High
osm_338282639_299883997_0,3995,High
osm_338282639_299879154_0,3995,High
osm_338282645_299884000_0,3995,High
osm_338282645_338282639_0,3995,High
osm_338282645_313857711_0,3995,High
osm_338341070_338341083_0,3993,Very High
osm_338341070_338341083_0,3669,Very High
osm_338341070_299877917_0,3669,Very High
osm_338341070_2407564026_0,3669,Very High
osm_338341083_338341070_0,3993,Very High
osm_338341083_338341070_0,3669,Very High
osm_338341110_12483820631_0,3987,High
osm_338341110_4239226796_0,3987,High
osm_338341110_338341116_0,2061,Moderate
osm_338341110_338341116_0,2069,Low
osm_338341110_338341116_0,3987,High
osm_338341116_12756684689_0,2069,Low
osm_338341116_5355073731_0,2069,Low
osm_338341116_5355073731_0,1022,Very Low
osm_338341116_2197525463_0,2069,Low
osm_338341116_2197525463_0,2122,Moderate
osm_338341116_2197525463_0,2125,Low
osm_338406414_1457503214_0,3985,Very High
osm_338406414_299879241_0,3985,Very High
osm_338406414_338406415_0,3985,Very High
osm_338406415_1457503208_0,3985,Very High
osm_338406415_1457503198_0,3985,Very High
osm_338406415_1457503198_0,3987,High
osm_338406415_338406414_0,3985,Very High
osm_338406415_11612773137_0,3985,Very High
osm_338406416_1457503208_0,3673,Very High
osm_338406416_1457503208_0,3985,Very High
osm_338406416_1457503207_0,3673,Very High
osm_338406416_1457503207_0,3985,Very High
osm_338406416_1457503207_0,1342,Low
osm_338406416_299879272_0,3673,Very High
osm_338406419_338406481_0,3985,Very High
osm_338406419_338406481_0,3988,High
osm_338406481_11050795498_0,3985,Very High
osm_338406481_11050795498_0,3571,Low
osm_338406481_338282602_0,3985,Very High
osm_338406481_338282602_0,3571,Low
osm_338406481_338282602_0,3988,High
osm_338406481_338282602_0,3995,High
osm_338406481_338406419_0,3985,Very High
osm_338406481_338406419_0,3988,High
osm_338406517_11059186600_0,2124,Low
osm_338406517_11768865771_0,2063,Low
osm_338406517_11768865771_0,2124,Low
osm_338406531_4294218147_0,2063,Low
osm_338406531_11612748156_0,2063,Low
osm_338406531_338406589_0,2063,Low
osm_338406537_338406543_0,2063,Low
osm_338406543_338406589_0,2063,Low
osm_338406543_338406537_0,2063,Low
osm_338406543_6595580907_0,2062,Moderate
osm_338406543_6595580907_0,3988,High
osm_338406543_6595580907_0,2063,Low
osm_338406544_338406546_0,2062,Moderate
osm_338406544_338406546_0,3988,High
osm_338406544_338406545_0,3988,High
osm_338406544_300313916_0,3985,Very High
osm_338406544_300313916_0,3988,High
osm_338406545_338406544_0,3988,High
osm_338406546_338406544_0,2062,Moderate
osm_338406546_338406544_0,3988,High
osm_338406546_338406562_0,2062,Moderate
osm_338406546_14014630764_0,2062,Moderate
osm_338406546_14014630764_0,3988,High
osm_338406546_14014630764_0,2063,Low
osm_338406549_4294218143_0,2063,Low
osm_338406549_338406562_0,2062,Moderate
osm_338406549_338406562_0,2063,Low
osm_338406549_4294218142_0,2063,Low
osm_338406554_338406562_0,2062,Moderate
osm_338406562_338406554_0,2062,Moderate
osm_338406562_338406546_0,2062,Moderate
osm_338406562_338406549_0,2062,Moderate
osm_338406562_338406549_0,2063,Low
osm_338406569_4294218147_0,2063,Low
osm_338406589_338406543_0,2063,Low
osm_338406589_338406531_0,2063,Low
osm_338406589_8042009289_0,2063,Low
osm_338406601_338461405_0,2063,Low
osm_338406630_2167149046_0,211,Low
osm_338406630_299883714_0,211,Low
osm_338406637_300184998_0,211,Low
osm_338406658_11789974947_0,199,Low
osm_338406658_338406669_0,199,Low
osm_338406669_338406678_0,199,Low
osm_338406669_300165209_0,199,Low
osm_338406725_338440272_0,199,Low
osm_338406743_338406748_0,199,Low
osm_338406743_325206353_0,199,Low
osm_338406743_325206353_0,2064,Low
osm_338406748_11050651533_0,199,Low
osm_338406748_325206584_0,199,Low
osm_338406748_325206584_0,2064,Low
osm_338406760_11052728313_0,199,Low
osm_338406760_11052728313_0,2064,Low
osm_338406831_300306147_0,898,Very Low
osm_338406831_300306147_0,1345,Very Low
osm_338406836_300306147_0,898,Very Low
osm_338406836_300463612_0,898,Very Low
osm_338406836_2407565222_0,898,Very Low
osm_338406860_243326004_0,2063,Low
osm_338406860_12497489527_0,2063,Low
osm_338417876_325210242_0,2063,Low
osm_338417876_4278284259_0,2063,Low
osm_338417876_325210179_0,2063,Low
osm_338417876_325210179_0,199,Low
osm_338417879_300311668_0,199,Low
osm_338417879_325210260_0,199,Low
osm_338417879_325210242_0,2063,Low
osm_338417879_325210242_0,199,Low
osm_338417885_338417903_0,2063,Low
osm_338417885_338417903_0,199,Low
osm_338417885_325210162_0,2063,Low
osm_338417885_338417891_0,2063,Low
osm_338417891_325210162_0,2063,Low
osm_338417891_325210158_0,2063,Low
osm_338417891_338417885_0,2063,Low
osm_338417897_325210162_0,2063,Low
osm_338417903_325210163_0,199,Low
osm_338417903_338417885_0,2063,Low
osm_338417903_338417885_0,199,Low
osm_338417903_325210170_0,199,Low
osm_338417906_325209831_0,2063,Low
osm_338417906_4265546764_0,2063,Low
osm_338440033_11050668344_0,2065,Low
osm_338440033_11050668344_0,199,Low
osm_338440033_325206636_0,2065,Low
osm_338440033_338440035_0,2065,Low
osm_338440035_338440033_0,2065,Low
osm_338440035_4265654360_0,2065,Low
osm_338440035_4265654360_0,4062,Moderate
osm_338440035_11050668343_0,2065,Low
osm_338440036_7030307791_0,3995,High
osm_338440036_300304761_0,3995,High
osm_338440036_299883586_0,3995,High
osm_338440038_299385811_0,2063,Low
osm_338440038_338440041_0,2063,Low
osm_338440038_300165126_0,2063,Low
osm_338440041_338440038_0,2063,Low
osm_338440041_299385806_0,2063,Low
osm_338440041_11155690560_0,2063,Low
osm_338440041_299886837_0,2063,Low
osm_338440044_299886559_0,2063,Low
osm_338440044_338223162_0,2063,Low
osm_338440044_299886837_0,2063,Low
osm_338440047_299880831_0,3995,High
osm_338440047_299880831_0,3996,Moderate
osm_338440049_299383040_0,2063,Low
osm_338440049_299382716_0,2063,Low
osm_338440049_299382713_0,2063,Low
osm_338440049_299382713_0,199,Low
osm_338440186_11770224841_0,199,Low
osm_338440186_11770224843_0,199,Low
osm_338440186_325206683_0,199,Low
osm_338440186_338440189_0,199,Low
osm_338440189_277911472_0,199,Low
osm_338440189_338440186_0,199,Low
osm_338440189_4265654366_0,199,Low
osm_338440191_338440193_0,2064,Low
osm_338440193_338440191_0,2064,Low
osm_338440193_338440255_0,199,Low
osm_338440193_338440255_0,2064,Low
osm_338440193_300164148_0,199,Low
osm_338440193_300164148_0,2064,Low
osm_338440200_338440222_0,199,Low
osm_338440200_338440223_0,199,Low
osm_338440200_338440223_0,2064,Low
osm_338440200_338440202_0,199,Low
osm_338440200_338440202_0,911,Very Low
osm_338440200_338440202_0,1407,Very Low
osm_338440200_338440202_0,2064,Low
osm_338440200_338440202_0,1405,Low
osm_338440200_338440202_0,4060,Moderate
osm_338440200_300164300_0,199,Low
osm_338440200_300164300_0,2064,Low
osm_338440202_338440214_0,199,Low
osm_338440202_338440214_0,911,Very Low
osm_338440202_338440214_0,1407,Very Low
osm_338440202_338440214_0,2064,Low
osm_338440202_338440200_0,199,Low
osm_338440202_338440200_0,911,Very Low
osm_338440202_338440200_0,1407,Very Low
osm_338440202_338440200_0,2064,Low
osm_338440202_338440200_0,1405,Low
osm_338440202_338440200_0,4060,Moderate
osm_338440202_338440220_0,1407,Very Low
osm_338440205_338440252_0,1407,Very Low
osm_338440205_338440232_0,1407,Very Low
osm_338440205_338440232_0,2064,Low
osm_338440205_338440232_0,4060,Moderate
osm_338440205_366081887_0,1407,Very Low
osm_338440214_338440202_0,199,Low
osm_338440214_338440202_0,911,Very Low
osm_338440214_338440202_0,1407,Very Low
osm_338440214_338440202_0,2064,Low
osm_338440214_338440223_0,199,Low
osm_338440214_338440223_0,2064,Low
osm_338440214_11052728313_0,199,Low
osm_338440220_338440222_0,199,Low
osm_338440220_338440222_0,1407,Very Low
osm_338440220_338440222_0,2064,Low
osm_338440220_338440222_0,4060,Moderate
osm_338440220_338440202_0,1407,Very Low
osm_338440220_338440252_0,1407,Very Low
osm_338440222_338440253_0,199,Low
osm_338440222_338440225_0,199,Low
osm_338440222_338440200_0,199,Low
osm_338440222_338440220_0,199,Low
osm_338440222_338440220_0,1407,Very Low
osm_338440222_338440220_0,2064,Low
osm_338440222_338440220_0,4060,Moderate
osm_338440223_338440200_0,199,Low
osm_338440223_338440200_0,2064,Low
osm_338440223_338440214_0,199,Low
osm_338440223_338440214_0,2064,Low
osm_338440223_300164300_0,2064,Low
osm_338440225_338440232_0,199,Low
osm_338440225_338440232_0,2064,Low
osm_338440225_338440222_0,199,Low
osm_338440225_6588171743_0,199,Low
osm_338440225_338440252_0,199,Low
osm_338440225_338440252_0,1407,Very Low
osm_338440225_338440252_0,2064,Low
osm_338440225_338440252_0,4060,Moderate
osm_338440232_338440225_0,199,Low
osm_338440232_338440225_0,2064,Low
osm_338440232_338440245_0,199,Low
osm_338440232_338440245_0,2064,Low
osm_338440232_338440205_0,1407,Very Low
osm_338440232_338440205_0,2064,Low
osm_338440232_338440205_0,4060,Moderate
osm_338440245_338440255_0,199,Low
osm_338440245_338440232_0,199,Low
osm_338440245_338440232_0,2064,Low
osm_338440245_11770278945_0,199,Low
osm_338440252_1184617250_0,1407,Very Low
osm_338440252_338440205_0,1407,Very Low
osm_338440252_338440225_0,199,Low
osm_338440252_338440225_0,1407,Very Low
osm_338440252_338440225_0,2064,Low
osm_338440252_338440225_0,4060,Moderate
osm_338440252_338440220_0,1407,Very Low
osm_338440253_300164286_0,199,Low
osm_338440253_300164300_0,199,Low
osm_338440253_300164300_0,2064,Low
osm_338440253_338440222_0,199,Low
osm_338440255_338440245_0,199,Low
osm_338440255_338440193_0,199,Low
osm_338440255_338440193_0,2064,Low
osm_338440255_338440257_0,199,Low
osm_338440255_338440257_0,2064,Low
osm_338440257_338440255_0,199,Low
osm_338440257_338440255_0,2064,Low
osm_338440260_330410558_0,2064,Low
osm_338440260_11770278963_0,2064,Low
osm_338440260_7826160051_0,2064,Low
osm_338440263_11770378188_0,199,Low
osm_338440263_299386209_0,199,Low
osm_338440263_11770378182_0,199,Low
osm_338440271_277911482_0,2064,Low
osm_338440271_7266494419_0,2064,Low
osm_338440271_338440274_0,199,Low
osm_338440271_338440274_0,2064,Low
osm_338440272_7266494418_0,199,Low
osm_338440272_338440274_0,199,Low
osm_338440272_338406725_0,199,Low
osm_338440274_338440272_0,199,Low
osm_338440274_338440271_0,199,Low
osm_338440274_338440271_0,2064,Low
osm_338440274_11770378182_0,199,Low
osm_338440292_300164298_0,199,Low
osm_338440292_300164298_0,2064,Low
osm_338440292_277911482_0,2064,Low
osm_338440292_299386209_0,199,Low
osm_338440292_299386209_0,2064,Low
osm_338461031_1640674281_0,2062,Moderate
osm_338461031_1640674281_0,3988,High
osm_338461031_338461071_0,2062,Moderate
osm_338461031_338461089_0,2062,Moderate
osm_338461054_300464737_0,2062,Moderate
osm_338461054_300464732_0,2062,Moderate
osm_338461054_338461071_0,2062,Moderate
osm_338461071_338461054_0,2062,Moderate
osm_338461071_4450539390_0,2062,Moderate
osm_338461071_4450539390_0,2063,Low
osm_338461071_338461031_0,2062,Moderate
osm_338461081_338461084_0,2062,Moderate
osm_338461081_338461084_0,2063,Low
osm_338461081_300464860_0,2062,Moderate
osm_338461081_300464860_0,3988,High
osm_338461081_300464861_0,2062,Moderate
osm_338461084_300464915_0,2063,Low
osm_338461084_338461081_0,2062,Moderate
osm_338461084_338461081_0,2063,Low
osm_338461084_4450539389_0,2063,Low
osm_338461089_338461031_0,2062,Moderate
osm_338461089_300464596_0,2062,Moderate
osm_338461089_4450536983_0,2062,Moderate
osm_338461089_4450536983_0,3988,High
osm_338461093_300464860_0,3988,High
osm_338461093_300464570_0,3988,High
osm_338461093_300464879_0,2062,Moderate
osm_338461093_300464879_0,3988,High
osm_338461163_11612748156_0,2063,Low
osm_338461174_300464739_0,3988,High
osm_338461183_300464731_0,2062,Moderate
osm_338461183_300464731_0,2063,Low
osm_338461183_11066184597_0,2063,Low
osm_338461183_1457503510_0,2062,Moderate
osm_338461183_1457503510_0,2063,Low
osm_338461201_300455464_0,3985,Very High
osm_338461201_300455464_0,3988,High
osm_338461201_338461249_0,3985,Very High
osm_338461201_338461249_0,3988,High
osm_338461201_4239255903_0,3985,Very High
osm_338461201_338461274_0,2056,Moderate
osm_338461201_338461274_0,838,Very Low
osm_338461201_338461274_0,3985,Very High
osm_338461201_338461274_0,1344,Very Low
osm_338461201_338461274_0,3988,High
osm_338461207_338461216_0,2063,Low
osm_338461207_338461216_0,199,Low
osm_338461216_1640674279_0,2063,Low
osm_338461216_338461249_0,3988,High
osm_338461216_338461249_0,2063,Low
osm_338461216_338461249_0,3989,Moderate
osm_338461216_338461207_0,2063,Low
osm_338461216_338461207_0,199,Low
osm_338461216_338461377_0,2063,Low
osm_338461249_1640633833_0,3988,High
osm_338461249_338461201_0,3985,Very High
osm_338461249_338461201_0,3988,High
osm_338461249_338461216_0,3988,High
osm_338461249_338461216_0,2063,Low
osm_338461249_338461216_0,3989,Moderate
osm_338461263_338461359_0,3988,High
osm_338461263_300455464_0,3988,High
osm_338461263_4294274206_0,3988,High
osm_338461267_1640636923_0,2056,Moderate
osm_338461267_1640636923_0,838,Very Low
osm_338461267_1640636923_0,4023,High
osm_338461267_1640636923_1,2056,Moderate
osm_338461267_1640636923_1,838,Very Low
osm_338461267_1640636923_1,2062,Moderate
osm_338461267_1640636923_1,3988,High
osm_338461267_1640636923_1,4023,High
osm_338461267_338461359_0,838,Very Low
osm_338461267_338461359_0,2062,Moderate
osm_338461267_338461359_0,3988,High
osm_338461274_338461201_0,2056,Moderate
osm_338461274_338461201_0,838,Very Low
osm_338461274_338461201_0,3985,Very High
osm_338461274_338461201_0,1344,Very Low
osm_338461274_338461201_0,3988,High
osm_338461274_1765260863_0,2056,Moderate
osm_338461274_14137325193_0,2056,Moderate
osm_338461274_14137325193_0,838,Very Low
osm_338461274_14137325193_0,1344,Very Low
osm_338461288_4294274209_0,2056,Moderate
osm_338461288_4294274209_0,4023,High
osm_338461288_300455566_0,4023,High
osm_338461288_1640636924_0,4023,High
osm_338461292_338461315_0,838,Very Low
osm_338461292_338461336_0,838,Very Low
osm_338461292_4294274209_0,2056,Moderate
osm_338461292_4294274209_0,838,Very Low
osm_338461296_338461302_0,898,Very Low
osm_338461296_338461299_0,898,Very Low
osm_338461296_10718017048_0,898,Very Low
osm_338461299_338461296_0,898,Very Low
osm_338461302_338461296_0,898,Very Low
osm_338461302_338461315_0,838,Very Low
osm_338461302_338461315_0,898,Very Low
osm_338461302_4294274214_0,898,Very Low
osm_338461315_338461302_0,838,Very Low
osm_338461315_338461302_0,898,Very Low
osm_338461315_338461292_0,838,Very Low
osm_338461315_4294274216_0,838,Very Low
osm_338461315_4294274216_0,2062,Moderate
osm_338461315_4294274216_0,2063,Low
osm_338461336_338461292_0,838,Very Low
osm_338461359_338461267_0,838,Very Low
osm_338461359_338461267_0,2062,Moderate
osm_338461359_338461267_0,3988,High
osm_338461359_338461263_0,3988,High
osm_338461359_300455464_0,3985,Very High
osm_338461359_300455464_0,3988,High
osm_338461377_338461394_0,2063,Low
osm_338461377_338461394_0,199,Low
osm_338461377_300455463_0,2063,Low
osm_338461377_338461216_0,2063,Low
osm_338461377_338461399_0,898,Very Low
osm_338461377_338461399_0,2063,Low
osm_338461380_338461394_0,199,Low
osm_338461394_338461377_0,2063,Low
osm_338461394_338461377_0,199,Low
osm_338461394_338461380_0,199,Low
osm_338461394_338471958_0,199,Low
osm_338461399_338461377_0,898,Very Low
osm_338461399_338461377_0,2063,Low
osm_338461403_338406860_0,2063,Low
osm_338461403_4294218147_0,2063,Low
osm_338461405_338406601_0,2063,Low
osm_338461405_338461403_0,2063,Low
osm_338461408_2146414137_0,199,Low
osm_338461410_338461412_0,199,Low
osm_338461410_325210402_0,199,Low
osm_338461410_243326004_0,2063,Low
osm_338461410_243326004_0,199,Low
osm_338461412_338461410_0,199,Low
osm_338461428_338461433_0,2063,Low
osm_338461428_338461433_0,199,Low
osm_338461428_325210402_0,199,Low
osm_338461428_325210401_0,199,Low
osm_338461433_338461428_0,2063,Low
osm_338461433_338461428_0,199,Low
osm_338461438_300311903_0,199,Low
osm_338461438_325209851_0,199,Low
osm_338461438_338461443_0,199,Low
osm_338461443_338461438_0,199,Low
osm_338461444_300312548_0,199,Low
osm_338461444_338461446_0,199,Low
osm_338461444_4278233219_0,199,Low
osm_338461446_338461444_0,199,Low
osm_338461551_338461571_0,898,Very Low
osm_338461555_11752647820_0,2056,Moderate
osm_338461555_11752647820_0,4023,High
osm_338461555_11752647820_0,1370,Very Low
osm_338461555_300455566_0,2056,Moderate
osm_338461555_300455566_0,4023,High
osm_338461555_11066220327_0,2056,Moderate
osm_338461555_11066220327_0,838,Very Low
osm_338461555_11066220327_0,898,Very Low
osm_338461571_338461576_0,898,Very Low
osm_338461571_338461551_0,898,Very Low
osm_338461571_11066220327_0,898,Very Low
osm_338461576_338461571_0,898,Very Low
osm_338461583_338461588_0,898,Very Low
osm_338461588_338461661_0,898,Very Low
osm_338461588_338461661_0,1370,Very Low
osm_338461588_338461661_0,1371,Very Low
osm_338461588_338461672_0,898,Very Low
osm_338461588_338461645_0,898,Very Low
osm_338461588_338461583_0,898,Very Low
osm_338461645_338461675_0,838,Very Low
osm_338461645_338461675_0,898,Very Low
osm_338461645_338461675_0,1370,Very Low
osm_338461645_338461588_0,898,Very Low
osm_338461645_338461667_0,898,Very Low
osm_338461661_338461588_0,898,Very Low
osm_338461661_338461588_0,1370,Very Low
osm_338461661_338461588_0,1371,Very Low
osm_338461661_11752647820_0,1370,Very Low
osm_338461661_11612995229_0,1370,Very Low
osm_338461667_338461645_0,898,Very Low
osm_338461672_338461588_0,898,Very Low
osm_338461675_11612995229_0,1370,Very Low
osm_338461675_338461645_0,838,Very Low
osm_338461675_338461645_0,898,Very Low
osm_338461675_338461645_0,1370,Very Low
osm_338461675_338461681_0,838,Very Low
osm_338461675_338461681_0,898,Very Low
osm_338461675_338461681_0,1370,Very Low
osm_338461681_338461675_0,838,Very Low
osm_338461681_338461675_0,898,Very Low
osm_338461681_338461675_0,1370,Very Low
osm_338461683_338461685_0,898,Very Low
osm_338461684_338461685_0,898,Very Low
osm_338461685_338461684_0,898,Very Low
osm_338461685_338461683_0,898,Very Low
osm_338461685_338461699_0,898,Very Low
osm_338461686_338461699_0,838,Very Low
osm_338461686_338461699_0,898,Very Low
osm_338461686_338466283_0,838,Very Low
osm_338461686_338466283_0,898,Very Low
osm_338461686_338461700_0,838,Very Low
osm_338461698_338461699_0,898,Very Low
osm_338461698_11612995229_0,838,Very Low
osm_338461698_11612995229_0,898,Very Low
osm_338461698_11612995229_0,1370,Very Low
osm_338461698_338461700_0,838,Very Low
osm_338461698_338461700_0,898,Very Low
osm_338461698_338461700_0,1370,Very Low
osm_338461699_338461698_0,898,Very Low
osm_338461699_338461685_0,898,Very Low
osm_338461699_338461686_0,838,Very Low
osm_338461699_338461686_0,898,Very Low
osm_338461700_338461686_0,838,Very Low
osm_338461700_338466287_0,838,Very Low
osm_338461700_338461698_0,838,Very Low
osm_338461700_338461698_0,898,Very Low
osm_338461700_338461698_0,1370,Very Low
osm_338461701_338466287_0,838,Very Low
osm_338461701_338466287_0,1370,Very Low
osm_338461701_6595530675_0,1370,Very Low
osm_338461701_6595530678_0,838,Very Low
osm_338461701_6595530678_0,1370,Very Low
osm_338461710_338466300_0,898,Very Low
osm_338461710_338466125_0,898,Very Low
osm_338466125_338461710_0,898,Very Low
osm_338466125_6445481216_0,898,Very Low
osm_338466283_338461683_0,898,Very Low
osm_338466283_338461686_0,838,Very Low
osm_338466283_338461686_0,898,Very Low
osm_338466287_338461701_0,838,Very Low
osm_338466287_338461701_0,1370,Very Low
osm_338466287_338466322_0,838,Very Low
osm_338466287_338466322_0,898,Very Low
osm_338466287_338461700_0,838,Very Low
osm_338466300_338461710_0,898,Very Low
osm_338466300_338466305_0,898,Very Low
osm_338466300_6595530680_0,898,Very Low
osm_338466305_338466331_0,898,Very Low
osm_338466305_338466300_0,898,Very Low
osm_338466305_338466317_0,898,Very Low
osm_338466317_338466322_0,898,Very Low
osm_338466317_338466305_0,898,Very Low
osm_338466317_6595530680_0,898,Very Low
osm_338466322_338466317_0,898,Very Low
osm_338466322_338466331_0,898,Very Low
osm_338466322_338466287_0,838,Very Low
osm_338466322_338466287_0,898,Very Low
osm_338466322_6595530678_0,838,Very Low
osm_338466322_6595530678_0,898,Very Low
osm_338466331_338466305_0,898,Very Low
osm_338466331_338466322_0,898,Very Low
osm_338471950_338461710_0,898,Very Low
osm_338471958_338461394_0,199,Low
osm_339280277_339282334_0,354,Low
osm_339280277_299880707_0,354,Low
osm_339280277_300183675_0,354,Low
osm_339281277_11818417011_0,199,Low
osm_339281277_11818417011_0,2066,Low
osm_339282334_280086988_0,354,Low
osm_339282334_339280277_0,354,Low
osm_339282334_300183675_0,354,Low
osm_339287121_11733982486_0,354,Low
osm_339287121_280086988_0,354,Low
osm_339287121_300198005_0,354,Low
osm_339287175_6497631097_0,354,Low
osm_339287175_300463010_0,354,Low
osm_339287175_11733982486_0,354,Low
osm_339287183_280087141_0,354,Low
osm_339291895_339291915_0,918,Very Low
osm_339291901_300193662_0,199,Low
osm_339291907_11818417011_0,2066,Low
osm_339291907_299880376_0,2066,Low
osm_339291907_339291916_0,2066,Low
osm_339291907_339291916_0,918,Very Low
osm_339291908_339291915_0,2066,Low
osm_339291908_339291915_0,918,Very Low
osm_339291908_339291912_0,2066,Low
osm_339291908_339291916_0,2066,Low
osm_339291908_339291916_0,918,Very Low
osm_339291912_300193460_0,199,Low
osm_339291912_300193460_0,2066,Low
osm_339291912_339291908_0,2066,Low
osm_339291912_299880376_0,2066,Low
osm_339291913_299880376_0,2066,Low
osm_339291914_339291916_0,918,Very Low
osm_339291914_7826460018_0,918,Very Low
osm_339291914_339291915_0,918,Very Low
osm_339291915_339291895_0,918,Very Low
osm_339291915_339291908_0,2066,Low
osm_339291915_339291908_0,918,Very Low
osm_339291915_339291914_0,918,Very Low
osm_339291916_339291907_0,2066,Low
osm_339291916_339291907_0,918,Very Low
osm_339291916_339291914_0,918,Very Low
osm_339291916_339291917_0,918,Very Low
osm_339291916_339291908_0,2066,Low
osm_339291916_339291908_0,918,Very Low
osm_339291917_339291916_0,918,Very Low
osm_355910976_2168854202_0,195,Low
osm_355910976_1944183580_0,195,Low
osm_355910976_2168854204_0,195,Low
osm_355910976_2168854204_0,2048,Low
osm_366081884_6812001750_0,911,Very Low
osm_366081887_366081918_0,1407,Very Low
osm_366081887_338440205_0,1407,Very Low
osm_366081887_6444819411_0,1407,Very Low
osm_366081888_366081913_0,2064,Low
osm_366081888_366081917_0,2064,Low
osm_366081888_6444819411_0,911,Very Low
osm_366081888_6444819411_0,1407,Very Low
osm_366081888_6444819411_0,2064,Low
osm_366081889_300164086_0,911,Very Low
osm_366081889_300164086_0,1407,Very Low
osm_366081889_300164086_0,2064,Low
osm_366081889_6444819411_0,1407,Very Low
osm_366081889_366081891_0,1407,Very Low
osm_366081889_366081891_0,4060,Moderate
osm_366081890_366081904_0,2064,Low
osm_366081890_366081900_0,2064,Low
osm_366081890_366081891_0,2064,Low
osm_366081890_366081891_0,4060,Moderate
osm_366081891_366081890_0,2064,Low
osm_366081891_366081890_0,4060,Moderate
osm_366081891_366081889_0,1407,Very Low
osm_366081891_366081889_0,4060,Moderate
osm_366081891_366081893_0,2064,Low
osm_366081891_366081893_0,4060,Moderate
osm_366081892_366081900_0,2064,Low
osm_366081892_7826160048_0,2064,Low
osm_366081892_366081893_0,2064,Low
osm_366081893_366081892_0,2064,Low
osm_366081893_366081895_0,2064,Low
osm_366081893_366081891_0,2064,Low
osm_366081893_366081891_0,4060,Moderate
osm_366081894_7826160048_0,2064,Low
osm_366081894_366081899_0,2064,Low
osm_366081894_366081895_0,2064,Low
osm_366081895_366081893_0,2064,Low
osm_366081895_366081894_0,2064,Low
osm_366081895_300164085_0,2064,Low
osm_366081896_6445302904_0,199,Low
osm_366081896_300159994_0,199,Low
osm_366081896_366081915_0,199,Low
osm_366081898_6445302904_0,199,Low
osm_366081898_6445302904_0,2064,Low
osm_366081899_366081894_0,2064,Low
osm_366081899_300164085_0,2064,Low
osm_366081899_7826160049_0,2064,Low
osm_366081900_366081890_0,2064,Low
osm_366081900_366081892_0,2064,Low
osm_366081900_366081901_0,199,Low
osm_366081900_366081901_0,2064,Low
osm_366081901_366081900_0,199,Low
osm_366081901_366081900_0,2064,Low
osm_366081901_7826160049_0,199,Low
osm_366081901_7826160049_0,2064,Low
osm_366081901_366081915_0,199,Low
osm_366081901_6445302904_0,199,Low
osm_366081904_300164086_0,2064,Low
osm_366081904_366081890_0,2064,Low
osm_366081904_366081915_0,199,Low
osm_366081904_366081915_0,2064,Low
osm_366081906_366081907_0,199,Low
osm_366081906_2168960194_0,199,Low
osm_366081906_366081910_0,199,Low
osm_366081906_366081910_0,2064,Low
osm_366081907_366081906_0,199,Low
osm_366081910_366081911_0,2064,Low
osm_366081910_299880408_0,911,Very Low
osm_366081910_299880408_0,2064,Low
osm_366081910_366081906_0,199,Low
osm_366081910_366081906_0,2064,Low
osm_366081911_366081914_0,2064,Low
osm_366081911_366081910_0,2064,Low
osm_366081911_366081912_0,2064,Low
osm_366081912_299880408_0,911,Very Low
osm_366081912_299880408_0,2064,Low
osm_366081912_366081911_0,2064,Low
osm_366081912_366081913_0,2064,Low
osm_366081913_366081888_0,2064,Low
osm_366081913_366081914_0,2064,Low
osm_366081913_366081912_0,2064,Low
osm_366081914_366081916_0,199,Low
osm_366081914_366081916_0,2064,Low
osm_366081914_366081911_0,2064,Low
osm_366081914_366081913_0,2064,Low
osm_366081915_366081904_0,199,Low
osm_366081915_366081904_0,2064,Low
osm_366081915_366081901_0,199,Low
osm_366081915_366081916_0,199,Low
osm_366081915_366081896_0,199,Low
osm_366081916_366081915_0,199,Low
osm_366081916_366081914_0,199,Low
osm_366081916_366081914_0,2064,Low
osm_366081916_366081917_0,199,Low
osm_366081916_366081917_0,2064,Low
osm_366081917_366081888_0,2064,Low
osm_366081917_300164086_0,2064,Low
osm_366081917_366081916_0,199,Low
osm_366081917_366081916_0,2064,Low
osm_366081918_247714672_0,911,Very Low
osm_366081918_247714672_0,1407,Very Low
osm_366081918_299880408_0,911,Very Low
osm_366081918_299880408_0,1407,Very Low
osm_978534729_6245941236_0,1344,Very Low
osm_978534729_6245941236_0,3995,High
osm_978534729_11601420881_0,1344,Very Low
osm_978534729_11601420881_0,1345,Very Low
osm_978534827_2166938859_0,1344,Very Low
osm_978534827_2166938859_0,3995,High
osm_978534827_6502990193_0,1344,Very Low
osm_1141163143_1141164395_0,2056,Moderate
osm_1141163143_1141164395_0,838,Very Low
osm_1141163143_1141164395_0,3985,Very High
osm_1141163143_1141164395_0,1344,Very Low
osm_1141163143_1141164395_0,1342,Low
osm_1141163143_1765260863_0,2056,Moderate
osm_1141163143_1141163728_0,2056,Moderate
osm_1141163606_4239255903_0,3985,Very High
osm_1141163606_10029118614_0,3985,Very High
osm_1141163606_10029118614_0,3988,High
osm_1141163608_12603585538_0,2057,Low
osm_1141163651_2230812067_0,2056,Moderate
osm_1141163651_2230812058_0,2056,Moderate
osm_1141163651_11054206397_0,2057,Low
osm_1141163651_11054206397_0,2056,Moderate
osm_1141163651_11054206397_0,4021,High
osm_1141163728_12603585538_0,2057,Low
osm_1141163728_12603585538_0,2056,Moderate
osm_1141163728_10029132819_0,2057,Low
osm_1141163728_10029132819_0,2056,Moderate
osm_1141163728_1141163143_0,2056,Moderate
osm_1141164395_7018373640_0,3985,Very High
osm_1141164395_1141163143_0,2056,Moderate
osm_1141164395_1141163143_0,838,Very Low
osm_1141164395_1141163143_0,3985,Very High
osm_1141164395_1141163143_0,1344,Very Low
osm_1141164395_1141163143_0,1342,Low
osm_1141164395_1141164582_0,3985,Very High
osm_1141164395_1141164582_0,3988,High
osm_1141164574_9575558218_0,2122,Moderate
osm_1141164574_6245878228_0,2122,Moderate
osm_1141164574_6245878228_0,2121,High
osm_1141164574_6245878228_0,3664,Very High
osm_1141164582_10029118614_0,3988,High
osm_1141164582_1141164395_0,3985,Very High
osm_1141164582_1141164395_0,3988,High
osm_1141164582_14141791485_0,2062,Moderate
osm_1141164582_14141791485_0,3988,High
osm_1141164582_14141791485_0,2063,Low
osm_1184617250_366081887_0,1407,Very Low
osm_1184617250_338440252_0,1407,Very Low
osm_1197444867_2168960107_0,210,Low
osm_1197468247_300190354_0,199,Low
osm_1197468247_300159065_0,199,Low
osm_1197468247_300159185_0,199,Low
osm_1197468366_300469152_0,199,Low
osm_1197468434_300159531_0,199,Low
osm_1197468491_277912863_0,199,Low
osm_1241211260_1241211262_0,1344,Very Low
osm_1241211260_1241211262_0,3995,High
osm_1241211260_1889993384_0,1344,Very Low
osm_1241211260_1889993384_0,3995,High
osm_1241211260_1889993384_0,2123,Moderate
osm_1241211260_1889993384_0,2124,Low
osm_1241211262_11059186577_0,3995,High
osm_1241211262_1241211266_0,3995,High
osm_1241211262_1241211260_0,1344,Very Low
osm_1241211262_1241211260_0,3995,High
osm_1241211266_1241211262_0,3995,High
osm_1355465116_6451584412_0,1344,Very Low
osm_1355465117_7825578381_0,1344,Very Low
osm_1355465117_12725165091_0,2121,High
osm_1355465117_12725165091_0,3664,Very High
osm_1355465117_12725165091_0,3993,Very High
osm_1355465117_12725165091_0,1344,Very Low
osm_1355465117_12725165091_0,3995,High
osm_1355465122_2230781440_0,898,Very Low
osm_1355465122_300374821_0,898,Very Low
osm_1355465122_1403766609_0,898,Very Low
osm_1403766607_2167149059_0,898,Very Low
osm_1403766607_299881960_0,898,Very Low
osm_1403766607_11059292683_0,898,Very Low
osm_1403766609_300373859_0,898,Very Low
osm_1403766609_11059292683_0,898,Very Low
osm_1403766609_1355465122_0,898,Very Low
osm_1403766610_4151681121_0,898,Very Low
osm_1403766610_300373859_0,898,Very Low
osm_1403766610_6502990194_0,838,Very Low
osm_1403766610_6502990194_0,898,Very Low
osm_1403766610_6502990194_0,1344,Very Low
osm_1454653747_1952250976_0,195,Low
osm_1454653747_2168854137_0,195,Low
osm_1454653790_1944183582_0,195,Low
osm_1454653790_300450418_0,195,Low
osm_1454653790_300450313_0,195,Low
osm_1454653829_1454653830_0,898,Very Low
osm_1454653830_1944183687_0,898,Very Low
osm_1454653830_1944183685_0,838,Very Low
osm_1454653830_1944183685_0,898,Very Low
osm_1454653830_1454653829_0,898,Very Low
osm_1454653834_1944183692_0,838,Very Low
osm_1454653834_1944183692_0,898,Very Low
osm_1454653834_11765562044_0,838,Very Low
osm_1454653834_2168809996_0,838,Very Low
osm_1454653834_2168809996_0,898,Very Low
osm_1454653834_11765562061_0,838,Very Low
osm_1454653834_11765562061_0,2062,Moderate
osm_1454653838_1944183727_0,197,Low
osm_1454653838_1944183728_0,197,Low
osm_1454653838_11756913822_0,197,Low
osm_1454653838_1944183698_0,197,Low
osm_1454653842_10239603820_0,2055,Low
osm_1454653842_2168810013_0,2055,Low
osm_1454653842_300455070_0,2055,Low
osm_1454653843_11056036253_0,898,Very Low
osm_1454653843_11056036253_0,2063,Low
osm_1454653843_11645284463_0,838,Very Low
osm_1454653843_11645284463_0,898,Very Low
osm_1454653843_11402807614_0,838,Very Low
osm_1454653843_11402807614_0,898,Very Low
osm_1457503198_338406415_0,3985,Very High
osm_1457503198_338406415_0,3987,High
osm_1457503198_11612773138_0,3987,High
osm_1457503198_1457503207_0,3985,Very High
osm_1457503198_1457503207_0,3987,High
osm_1457503198_1457503207_0,1342,Low
osm_1457503207_1457503208_0,3985,Very High
osm_1457503207_1457503208_0,1342,Low
osm_1457503207_1457503198_0,3985,Very High
osm_1457503207_1457503198_0,3987,High
osm_1457503207_1457503198_0,1342,Low
osm_1457503207_7800752329_0,1342,Low
osm_1457503207_338406416_0,3673,Very High
osm_1457503207_338406416_0,3985,Very High
osm_1457503207_338406416_0,1342,Low
osm_1457503208_338406416_0,3673,Very High
osm_1457503208_338406416_0,3985,Very High
osm_1457503208_338406415_0,3985,Very High
osm_1457503208_1457503214_0,3985,Very High
osm_1457503208_1457503207_0,3985,Very High
osm_1457503208_1457503207_0,1342,Low
osm_1457503214_6245918932_0,3985,Very High
osm_1457503214_338406414_0,3985,Very High
osm_1457503214_1457503208_0,3985,Very High
osm_1457503216_1986353938_0,3985,Very High
osm_1457503216_1457503221_0,3985,Very High
osm_1457503216_6307225153_0,3673,Very High
osm_1457503216_6307225153_0,3985,Very High
osm_1457503217_6307225153_0,3673,Very High
osm_1457503217_299879272_0,3673,Very High
osm_1457503217_2168576074_0,3673,Very High
osm_1457503217_4252220048_0,3673,Very High
osm_1457503221_1457503224_0,3673,Very High
osm_1457503221_1457503224_0,3985,Very High
osm_1457503221_1457503216_0,3985,Very High
osm_1457503221_1457503229_0,3985,Very High
osm_1457503224_1457503221_0,3673,Very High
osm_1457503224_1457503221_0,3985,Very High
osm_1457503224_6307225153_0,3673,Very High
osm_1457503224_1457503237_0,3673,Very High
osm_1457503226_1457503227_0,3988,High
osm_1457503227_1986353944_0,3985,Very High
osm_1457503227_1986353944_0,3988,High
osm_1457503227_1457503226_0,3988,High
osm_1457503227_1457503240_0,3988,High
osm_1457503229_1986353944_0,3985,Very High
osm_1457503229_1457503239_0,3985,Very High
osm_1457503229_1457503221_0,3985,Very High
osm_1457503229_1457503237_0,3673,Very High
osm_1457503229_1457503237_0,3985,Very High
osm_1457503237_1457503224_0,3673,Very High
osm_1457503237_8042009288_0,3673,Very High
osm_1457503237_1457503229_0,3673,Very High
osm_1457503237_1457503229_0,3985,Very High
osm_1457503239_1457503240_0,3985,Very High
osm_1457503239_1457503240_0,3988,High
osm_1457503239_1457503229_0,3985,Very High
osm_1457503239_1457503242_0,3985,Very High
osm_1457503240_1457503239_0,3985,Very High
osm_1457503240_1457503239_0,3988,High
osm_1457503240_1457503248_0,3988,High
osm_1457503240_1457503227_0,3988,High
osm_1457503242_1457503249_0,3985,Very High
osm_1457503242_1457503239_0,3985,Very High
osm_1457503242_1457503247_0,3985,Very High
osm_1457503247_1457503248_0,3985,Very High
osm_1457503247_1457503248_0,3988,High
osm_1457503247_1457503242_0,3985,Very High
osm_1457503247_1641564604_0,3985,Very High
osm_1457503248_1457503247_0,3985,Very High
osm_1457503248_1457503247_0,3988,High
osm_1457503248_1457503240_0,3988,High
osm_1457503248_1765262586_0,3988,High
osm_1457503248_1457503254_0,3985,Very High
osm_1457503248_1457503254_0,3988,High
osm_1457503249_1457503242_0,3985,Very High
osm_1457503249_1641561884_0,3673,Very High
osm_1457503249_1641561884_0,3985,Very High
osm_1457503249_1641564602_0,3985,Very High
osm_1457503250_1457503275_0,3985,Very High
osm_1457503250_1457503275_0,3988,High
osm_1457503254_1641564604_0,3985,Very High
osm_1457503254_1641563438_0,3985,Very High
osm_1457503254_1641563438_0,3988,High
osm_1457503254_1457503248_0,3985,Very High
osm_1457503254_1457503248_0,3988,High
osm_1457503257_11054537025_0,3985,Very High
osm_1457503257_11054537025_0,3988,High
osm_1457503263_1641564604_0,3985,Very High
osm_1457503263_1641564602_0,3985,Very High
osm_1457503263_1641563440_0,3985,Very High
osm_1457503274_4252220057_0,3985,Very High
osm_1457503274_1641564603_0,3985,Very High
osm_1457503274_1641564603_0,3988,High
osm_1457503274_11612806383_0,3985,Very High
osm_1457503274_338223248_0,3985,Very High
osm_1457503274_338223248_0,3988,High
osm_1457503275_1457503250_0,3985,Very High
osm_1457503275_1457503250_0,3988,High
osm_1457503275_1457503277_0,3985,Very High
osm_1457503275_300464568_0,3985,Very High
osm_1457503275_338223254_0,3985,Very High
osm_1457503277_1765261172_0,3985,Very High
osm_1457503277_300464592_0,3985,Very High
osm_1457503277_1457503275_0,3985,Very High
osm_1457503368_4278284249_0,3985,Very High
osm_1457503368_300464668_0,3985,Very High
osm_1457503368_4239255900_0,3985,Very High
osm_1457503368_4239255900_0,3988,High
osm_1457503500_300464879_0,2062,Moderate
osm_1457503500_11066180647_0,2062,Moderate
osm_1457503500_300464897_0,2062,Moderate
osm_1457503500_300464897_0,3988,High
osm_1457503502_300464877_0,2063,Low
osm_1457503503_338461405_0,2063,Low
osm_1457503503_8041810500_0,2063,Low
osm_1457503505_300464597_0,2063,Low
osm_1457503505_4450539390_0,2063,Low
osm_1457503505_13019074034_0,2063,Low
osm_1457503507_1457503509_0,2063,Low
osm_1457503507_1457503509_1,2063,Low
osm_1457503507_300464597_0,2063,Low
osm_1457503509_1457503507_0,2063,Low
osm_1457503509_1457503507_1,2063,Low
osm_1457503509_1457503518_0,2063,Low
osm_1457503510_300464686_0,2063,Low
osm_1457503510_1457503516_0,2063,Low
osm_1457503510_338461183_0,2062,Moderate
osm_1457503510_338461183_0,2063,Low
osm_1457503511_12156990400_0,2063,Low
osm_1457503511_4450539392_0,2063,Low
osm_1457503511_10120161792_0,2063,Low
osm_1457503516_1640674279_0,2063,Low
osm_1457503516_11066184597_0,2063,Low
osm_1457503516_1457503510_0,2063,Low
osm_1457503518_1457503509_0,2063,Low
osm_1457503518_1457503511_0,2063,Low
osm_1528037753_325210159_0,2063,Low
osm_1528037753_325210158_0,2063,Low
osm_1528037753_4278284257_0,2063,Low
osm_1640633833_338461249_0,3988,High
osm_1640636923_338461267_0,2056,Moderate
osm_1640636923_338461267_0,838,Very Low
osm_1640636923_338461267_0,4023,High
osm_1640636923_338461267_1,2056,Moderate
osm_1640636923_338461267_1,838,Very Low
osm_1640636923_338461267_1,2062,Moderate
osm_1640636923_338461267_1,3988,High
osm_1640636923_338461267_1,4023,High
osm_1640636923_1640636924_0,4023,High
osm_1640636924_338461288_0,4023,High
osm_1640636924_1640636923_0,4023,High
osm_1640636924_11801625127_0,2056,Moderate
osm_1640636924_11801625127_0,4023,High
osm_1640665331_4294274206_0,3988,High
osm_1640665331_300455463_0,3988,High
osm_1640665331_300455463_0,2063,Low
osm_1640665331_300455463_0,3989,Moderate
osm_1640665331_1640665340_0,3988,High
osm_1640665331_1640665340_0,2063,Low
osm_1640665331_1640665340_0,3989,Moderate
osm_1640665340_1640665331_0,3988,High
osm_1640665340_1640665331_0,2063,Low
osm_1640665340_1640665331_0,3989,Moderate
osm_1640674279_1457503516_0,2063,Low
osm_1640674279_4265547662_0,2063,Low
osm_1640674279_4265547662_0,199,Low
osm_1640674279_338461216_0,2063,Low
osm_1640674279_2146414136_0,2063,Low
osm_1640674279_2146414136_0,199,Low
osm_1640674281_300464740_0,3988,High
osm_1640674281_300464737_0,2062,Moderate
osm_1640674281_300464737_0,3988,High
osm_1640674281_338461031_0,2062,Moderate
osm_1640674281_338461031_0,3988,High
osm_1640674290_1457503518_0,2063,Low
osm_1640674290_300464686_0,2063,Low
osm_1641561884_1641561887_0,3673,Very High
osm_1641561884_1457503249_0,3673,Very High
osm_1641561884_1457503249_0,3985,Very High
osm_1641561884_8042009288_0,3673,Very High
osm_1641561885_1641561887_0,3673,Very High
osm_1641561885_1641561887_0,3985,Very High
osm_1641561887_1641561884_0,3673,Very High
osm_1641561887_4450560887_0,3673,Very High
osm_1641561887_4450560887_0,3985,Very High
osm_1641561887_1641561885_0,3673,Very High
osm_1641561887_1641561885_0,3985,Very High
osm_1641563438_1457503254_0,3985,Very High
osm_1641563438_1457503254_0,3988,High
osm_1641563438_1641563439_0,3988,High
osm_1641563438_1641563440_0,3985,Very High
osm_1641563438_1641563440_0,3988,High
osm_1641563439_1641563438_0,3988,High
osm_1641563439_1641563441_0,3985,Very High
osm_1641563439_1641563441_0,3988,High
osm_1641563439_300464560_0,3988,High
osm_1641563440_1641563438_0,3985,Very High
osm_1641563440_1641563438_0,3988,High
osm_1641563440_1457503263_0,3985,Very High
osm_1641563440_1641563441_0,3985,Very High
osm_1641563441_1641563439_0,3985,Very High
osm_1641563441_1641563439_0,3988,High
osm_1641563441_1641563440_0,3985,Very High
osm_1641563441_300464559_0,3985,Very High
osm_1641563441_300464559_0,3988,High
osm_1641563441_11612806014_0,3985,Very High
osm_1641564598_4252220058_0,3985,Very High
osm_1641564598_4252220057_0,3985,Very High
osm_1641564598_1641564600_0,3985,Very High
osm_1641564599_1641564602_0,3985,Very High
osm_1641564599_300464572_0,3985,Very High
osm_1641564599_11612806014_0,3985,Very High
osm_1641564600_1641564598_0,3985,Very High
osm_1641564602_1641564599_0,3985,Very High
osm_1641564602_1457503249_0,3985,Very High
osm_1641564602_1457503263_0,3985,Very High
osm_1641564603_1457503274_0,3985,Very High
osm_1641564603_1457503274_0,3988,High
osm_1641564603_300464559_0,3988,High
osm_1641564603_11612806014_0,3985,Very High
osm_1641564603_11612806014_0,3988,High
osm_1641564604_1457503247_0,3985,Very High
osm_1641564604_1457503254_0,3985,Very High
osm_1641564604_1457503263_0,3985,Very High
osm_1751203571_2167148976_0,211,Low
osm_1751203571_10120160596_0,211,Low
osm_1751203571_5388533203_0,2124,Low
osm_1751203571_5388533203_0,211,Low
osm_1751203573_338223259_0,2124,Low
osm_1751203573_1751205809_0,2124,Low
osm_1751203573_313857702_0,898,Very Low
osm_1751203573_313857702_0,2124,Low
osm_1751205028_1751205809_0,2124,Low
osm_1751205028_2167148976_0,2124,Low
osm_1751205028_2167148976_0,211,Low
osm_1751205028_1751205029_0,2124,Low
osm_1751205028_1751205029_0,211,Low
osm_1751205029_1751205028_0,2124,Low
osm_1751205029_1751205028_0,211,Low
osm_1751205809_1751203573_0,2124,Low
osm_1751205809_1751205028_0,2124,Low
osm_1751205809_6583208815_0,2124,Low
osm_1751205809_6583208815_0,211,Low
osm_1764122477_299883981_0,3664,Very High
osm_1764122477_330401249_0,3664,Very High
osm_1764122477_2230781350_0,3664,Very High
osm_1764122477_2230781350_0,3993,Very High
osm_1765256379_13747462082_0,4999,High
osm_1765256379_13747462079_0,4999,High
osm_1765260863_11801625127_0,2056,Moderate
osm_1765260863_1141163143_0,2056,Moderate
osm_1765260863_338461274_0,2056,Moderate
osm_1765261170_300464612_0,3985,Very High
osm_1765261170_1765261172_0,3985,Very High
osm_1765261170_2168576080_0,3985,Very High
osm_1765261170_2168576080_0,3988,High
osm_1765261172_1457503277_0,3985,Very High
osm_1765261172_2168576077_0,3985,Very High
osm_1765261172_1765261170_0,3985,Very High
osm_1765262586_1457503248_0,3988,High
osm_1768289876_1986353938_0,3985,Very High
osm_1768289876_338223258_0,3985,Very High
osm_1768289876_338223258_0,3571,Low
osm_1768289876_299879312_0,3985,Very High
osm_1768289876_299879312_0,3571,Low
osm_1768289876_299879312_0,3988,High
osm_1789988690_299878107_0,1344,Very Low
osm_1789988690_299881118_0,1344,Very Low
osm_1789988690_299881118_0,1345,Very Low
osm_1789988690_6305062118_0,1344,Very Low
osm_1878169816_277912055_0,3998,High
osm_1878169816_300368904_0,3998,High
osm_1878169816_2166791410_0,3998,High
osm_1889993380_299878818_0,2124,Low
osm_1889993380_313857700_0,3995,High
osm_1889993380_313857700_0,2123,Moderate
osm_1889993380_313857700_0,2124,Low
osm_1889993380_1889993384_0,2124,Low
osm_1889993384_1889993380_0,2124,Low
osm_1889993384_10281826355_0,2124,Low
osm_1889993394_313857704_0,2124,Low
osm_1889993394_299878818_0,2124,Low
osm_1889993394_299878821_0,3995,High
osm_1889993394_299878821_0,2124,Low
osm_1889993394_299878821_0,3996,Moderate
osm_1944183568_1944183571_0,898,Very Low
osm_1944183568_300450312_0,838,Very Low
osm_1944183568_300450312_0,3941,Very High
osm_1944183568_300450312_0,898,Very Low
osm_1944183568_300450312_0,2062,Moderate
osm_1944183568_300450312_0,3943,High
osm_1944183568_1952250982_0,2047,Moderate
osm_1944183568_1952250982_0,898,Very Low
osm_1944183568_1952250982_0,2049,Low
osm_1944183568_300450313_0,195,Low
osm_1944183568_300450313_0,898,Very Low
osm_1944183568_300450313_0,2049,Low
osm_1944183571_1944183575_0,838,Very Low
osm_1944183571_1944183575_0,3941,Very High
osm_1944183571_1944183575_0,898,Very Low
osm_1944183571_1944183575_0,2062,Moderate
osm_1944183571_1944183575_0,3943,High
osm_1944183571_1944183568_0,898,Very Low
osm_1944183571_1944183578_0,898,Very Low
osm_1944183575_1944183571_0,838,Very Low
osm_1944183575_1944183571_0,3941,Very High
osm_1944183575_1944183571_0,898,Very Low
osm_1944183575_1944183571_0,2062,Moderate
osm_1944183575_1944183571_0,3943,High
osm_1944183575_2168557372_0,3941,Very High
osm_1944183575_300450312_0,3941,Very High
osm_1944183578_1944183582_0,195,Low
osm_1944183578_1944183582_0,898,Very Low
osm_1944183578_1944183571_0,898,Very Low
osm_1944183578_1944183589_0,898,Very Low
osm_1944183580_355910976_0,195,Low
osm_1944183580_300450418_0,195,Low
osm_1944183580_1944183586_0,195,Low
osm_1944183582_1944183578_0,195,Low
osm_1944183582_1944183578_0,898,Very Low
osm_1944183582_1454653790_0,195,Low
osm_1944183582_1944183591_0,195,Low
osm_1944183586_1944183580_0,195,Low
osm_1944183586_11756913793_0,195,Low
osm_1944183589_1944183578_0,898,Very Low
osm_1944183589_1944183606_0,898,Very Low
osm_1944183589_7801174414_0,838,Very Low
osm_1944183589_7801174414_0,3941,Very High
osm_1944183589_7801174414_0,898,Very Low
osm_1944183589_7801174414_0,2062,Moderate
osm_1944183589_7801174414_0,3943,High
osm_1944183589_1944183591_0,195,Low
osm_1944183589_1944183591_0,898,Very Low
osm_1944183591_1944183607_0,195,Low
osm_1944183591_1944183582_0,195,Low
osm_1944183591_1944183589_0,195,Low
osm_1944183591_1944183589_0,898,Very Low
osm_1944183594_1944183607_0,195,Low
osm_1944183594_300450420_0,195,Low
osm_1944183594_1944183694_0,195,Low
osm_1944183606_1944183589_0,898,Very Low
osm_1944183606_1944183616_0,898,Very Low
osm_1944183606_7801174405_0,838,Very Low
osm_1944183606_7801174405_0,3941,Very High
osm_1944183606_7801174405_0,898,Very Low
osm_1944183606_7801174405_0,2062,Moderate
osm_1944183606_7801174405_0,3943,High
osm_1944183607_1944183608_0,195,Low
osm_1944183607_1944183594_0,195,Low
osm_1944183607_1944183591_0,195,Low
osm_1944183608_1944183607_0,195,Low
osm_1944183608_1944183674_0,195,Low
osm_1944183608_11801351212_0,195,Low
osm_1944183614_11801351212_0,195,Low
osm_1944183614_1944183616_0,195,Low
osm_1944183614_1944183616_0,898,Very Low
osm_1944183614_1944183647_0,195,Low
osm_1944183616_1944183606_0,898,Very Low
osm_1944183616_1944183618_0,898,Very Low
osm_1944183616_1944183614_0,195,Low
osm_1944183616_1944183614_0,898,Very Low
osm_1944183618_1944183623_0,898,Very Low
osm_1944183618_1944183616_0,898,Very Low
osm_1944183618_2168557380_0,838,Very Low
osm_1944183618_2168557380_0,3941,Very High
osm_1944183618_2168557380_0,898,Very Low
osm_1944183618_2168557380_0,2062,Moderate
osm_1944183618_2168557380_0,3943,High
osm_1944183621_1944183626_0,195,Low
osm_1944183623_1944183618_0,898,Very Low
osm_1944183623_7801174407_0,1306,Very Low
osm_1944183623_7801174407_0,838,Very Low
osm_1944183623_7801174407_0,3941,Very High
osm_1944183623_7801174407_0,898,Very Low
osm_1944183623_7801174407_0,3943,High
osm_1944183626_1944183634_0,195,Low
osm_1944183626_1944183621_0,195,Low
osm_1944183626_300450420_0,195,Low
osm_1944183632_1944183633_0,898,Very Low
osm_1944183633_1944183632_0,898,Very Low
osm_1944183633_2168557386_0,1306,Very Low
osm_1944183633_2168557386_0,838,Very Low
osm_1944183633_2168557386_0,3941,Very High
osm_1944183633_2168557386_0,898,Very Low
osm_1944183633_2168557386_0,3943,High
osm_1944183633_2168557387_0,1300,Low
osm_1944183633_2168557387_0,1306,Very Low
osm_1944183633_2168557387_0,838,Very Low
osm_1944183633_2168557387_0,3941,Very High
osm_1944183633_2168557387_0,898,Very Low
osm_1944183634_1944183645_0,195,Low
osm_1944183634_1944183626_0,195,Low
osm_1944183634_11756913793_0,195,Low
osm_1944183638_7800965134_0,195,Low
osm_1944183639_1944183658_0,1300,Low
osm_1944183639_1944183658_0,1306,Very Low
osm_1944183639_1944183658_0,838,Very Low
osm_1944183639_1944183658_0,3941,Very High
osm_1944183639_1944183658_0,898,Very Low
osm_1944183645_1944183657_0,195,Low
osm_1944183645_1944183634_0,195,Low
osm_1944183645_7800965120_0,195,Low
osm_1944183647_1944183661_0,195,Low
osm_1944183647_1944183660_0,195,Low
osm_1944183647_1944183614_0,195,Low
osm_1944183649_1944183657_0,195,Low
osm_1944183657_1944183665_0,195,Low
osm_1944183657_1944183645_0,195,Low
osm_1944183657_1944183649_0,195,Low
osm_1944183658_2168557391_0,3941,Very High
osm_1944183658_2168557388_0,3941,Very High
osm_1944183658_1944183639_0,1300,Low
osm_1944183658_1944183639_0,1306,Very Low
osm_1944183658_1944183639_0,838,Very Low
osm_1944183658_1944183639_0,3941,Very High
osm_1944183658_1944183639_0,898,Very Low
osm_1944183660_1944183647_0,195,Low
osm_1944183661_1944183647_0,195,Low
osm_1944183661_1944183667_0,195,Low
osm_1944183661_1944183668_0,195,Low
osm_1944183664_1944183673_0,1306,Very Low
osm_1944183664_1944183673_0,838,Very Low
osm_1944183664_1944183673_0,3941,Very High
osm_1944183664_1944183673_0,898,Very Low
osm_1944183664_1944183673_0,3943,High
osm_1944183665_1944183657_0,195,Low
osm_1944183665_11801247505_0,195,Low
osm_1944183667_1944183661_0,195,Low
osm_1944183667_11801351212_0,195,Low
osm_1944183668_1944183661_0,195,Low
osm_1944183670_1944183684_0,838,Very Low
osm_1944183670_1944183684_0,898,Very Low
osm_1944183670_1944183684_0,2062,Moderate
osm_1944183673_2168557393_0,3941,Very High
osm_1944183673_300450429_0,3941,Very High
osm_1944183673_1944183664_0,1306,Very Low
osm_1944183673_1944183664_0,838,Very Low
osm_1944183673_1944183664_0,3941,Very High
osm_1944183673_1944183664_0,898,Very Low
osm_1944183673_1944183664_0,3943,High
osm_1944183674_1944183608_0,195,Low
osm_1944183683_1944183687_0,898,Very Low
osm_1944183684_2168576064_0,2062,Moderate
osm_1944183684_2168576062_0,2062,Moderate
osm_1944183684_1944183670_0,838,Very Low
osm_1944183684_1944183670_0,898,Very Low
osm_1944183684_1944183670_0,2062,Moderate
osm_1944183685_1454653830_0,838,Very Low
osm_1944183685_1454653830_0,898,Very Low
osm_1944183686_1944183722_0,197,Low
osm_1944183687_1454653830_0,898,Very Low
osm_1944183687_1944183692_0,898,Very Low
osm_1944183687_1944183683_0,898,Very Low
osm_1944183689_1944183724_0,197,Low
osm_1944183691_1944183725_0,197,Low
osm_1944183692_1944183687_0,898,Very Low
osm_1944183692_1454653834_0,838,Very Low
osm_1944183692_1454653834_0,898,Very Low
osm_1944183692_1944183697_0,838,Very Low
osm_1944183692_1944183697_0,898,Very Low
osm_1944183692_1944183697_0,2062,Moderate
osm_1944183693_300454818_0,197,Low
osm_1944183694_1944183594_0,195,Low
osm_1944183695_300454817_0,197,Low
osm_1944183696_1944183727_0,197,Low
osm_1944183697_1944183692_0,838,Very Low
osm_1944183697_1944183692_0,898,Very Low
osm_1944183697_1944183692_0,2062,Moderate
osm_1944183697_1944183710_0,2062,Moderate
osm_1944183697_2168576064_0,2062,Moderate
osm_1944183698_1454653838_0,197,Low
osm_1944183699_1944183728_0,197,Low
osm_1944183700_1944183729_0,197,Low
osm_1944183700_1944183729_0,2055,Low
osm_1944183701_1944183732_0,2055,Low
osm_1944183701_1944183732_0,898,Very Low
osm_1944183703_1944183730_0,2055,Low
osm_1944183703_1944183730_0,898,Very Low
osm_1944183704_2168809994_0,898,Very Low
osm_1944183704_1944183731_0,2055,Low
osm_1944183704_1944183731_0,898,Very Low
osm_1944183708_1944183710_0,2062,Moderate
osm_1944183709_1944183719_0,197,Low
osm_1944183710_1944183708_0,2062,Moderate
osm_1944183710_11765562058_0,2062,Moderate
osm_1944183710_1944183697_0,2062,Moderate
osm_1944183710_7800740028_0,2062,Moderate
osm_1944183710_7800740028_0,2063,Low
osm_1944183719_1944183720_0,197,Low
osm_1944183719_1944183709_0,197,Low
osm_1944183720_1944183719_0,197,Low
osm_1944183720_1944183721_0,197,Low
osm_1944183720_300454761_0,197,Low
osm_1944183720_1944183768_0,197,Low
osm_1944183720_1944183768_0,2055,Low
osm_1944183721_1944183720_0,197,Low
osm_1944183721_1944183722_0,197,Low
osm_1944183721_300454760_0,197,Low
osm_1944183721_1944183770_0,197,Low
osm_1944183721_1944183770_0,2055,Low
osm_1944183722_1944183721_0,197,Low
osm_1944183722_1944183723_0,197,Low
osm_1944183722_1944183686_0,197,Low
osm_1944183722_300454915_0,197,Low
osm_1944183722_300454915_0,2055,Low
osm_1944183723_1944183722_0,197,Low
osm_1944183723_1944183724_0,197,Low
osm_1944183723_11801251153_0,197,Low
osm_1944183723_1944183766_0,197,Low
osm_1944183723_1944183766_0,2055,Low
osm_1944183724_1944183723_0,197,Low
osm_1944183724_1944183725_0,197,Low
osm_1944183724_1944183689_0,197,Low
osm_1944183724_1944183763_0,197,Low
osm_1944183724_1944183763_0,2055,Low
osm_1944183725_1944183724_0,197,Low
osm_1944183725_2168810004_0,197,Low
osm_1944183725_1944183691_0,197,Low
osm_1944183725_1944183759_0,197,Low
osm_1944183725_1944183759_0,2055,Low
osm_1944183726_2168810005_0,197,Low
osm_1944183726_300454818_0,197,Low
osm_1944183726_300454713_0,197,Low
osm_1944183726_2168810029_0,197,Low
osm_1944183726_2168810029_0,2055,Low
osm_1944183727_300454817_0,197,Low
osm_1944183727_1454653838_0,197,Low
osm_1944183727_1944183696_0,197,Low
osm_1944183728_1454653838_0,197,Low
osm_1944183728_1944183729_0,197,Low
osm_1944183728_1944183729_0,2055,Low
osm_1944183728_1944183699_0,197,Low
osm_1944183728_2168810026_0,197,Low
osm_1944183728_2168810026_0,2055,Low
osm_1944183729_1944183728_0,197,Low
osm_1944183729_1944183728_0,2055,Low
osm_1944183729_1944183732_0,2055,Low
osm_1944183729_1944183700_0,197,Low
osm_1944183729_1944183700_0,2055,Low
osm_1944183729_1944183746_0,2055,Low
osm_1944183729_1944183746_0,2054,Moderate
osm_1944183730_11644823613_0,2055,Low
osm_1944183730_1944183731_0,2055,Low
osm_1944183730_1944183703_0,2055,Low
osm_1944183730_1944183703_0,898,Very Low
osm_1944183730_11644823614_0,2055,Low
osm_1944183730_11644823614_0,2054,Moderate
osm_1944183731_1944183730_0,2055,Low
osm_1944183731_1944183741_0,2055,Low
osm_1944183731_1944183741_0,2054,Moderate
osm_1944183731_11644819857_0,197,Low
osm_1944183731_11644819857_0,2055,Low
osm_1944183731_11644819857_0,2054,Moderate
osm_1944183731_11644819857_0,838,Very Low
osm_1944183731_1944183704_0,2055,Low
osm_1944183731_1944183704_0,898,Very Low
osm_1944183732_1944183729_0,2055,Low
osm_1944183732_2168810008_0,2055,Low
osm_1944183732_1944183746_0,2055,Low
osm_1944183732_1944183746_0,2054,Moderate
osm_1944183732_1944183701_0,2055,Low
osm_1944183732_1944183701_0,898,Very Low
osm_1944183741_1944183731_0,2055,Low
osm_1944183741_1944183731_0,2054,Moderate
osm_1944183741_11644823614_0,2054,Moderate
osm_1944183741_11644819857_0,2054,Moderate
osm_1944183741_11644819857_0,838,Very Low
osm_1944183746_11508096840_0,2054,Moderate
osm_1944183746_11644823609_0,2054,Moderate
osm_1944183746_1944183732_0,2055,Low
osm_1944183746_1944183732_0,2054,Moderate
osm_1944183746_1944183729_0,2055,Low
osm_1944183746_1944183729_0,2054,Moderate
osm_1944183755_10239603819_0,2055,Low
osm_1944183755_300455070_0,2055,Low
osm_1944183755_1944183840_0,2055,Low
osm_1944183755_1944183840_0,2054,Moderate
osm_1944183755_1944183840_0,838,Very Low
osm_1944183759_1944183763_0,2055,Low
osm_1944183759_2168810030_0,2055,Low
osm_1944183759_1944183725_0,197,Low
osm_1944183759_1944183725_0,2055,Low
osm_1944183763_1944183766_0,2055,Low
osm_1944183763_1944183759_0,2055,Low
osm_1944183763_1944183775_0,2055,Low
osm_1944183763_1944183775_0,2054,Moderate
osm_1944183763_1944183724_0,197,Low
osm_1944183763_1944183724_0,2055,Low
osm_1944183766_11645095769_0,2055,Low
osm_1944183766_1944183763_0,2055,Low
osm_1944183766_300455072_0,2055,Low
osm_1944183766_300455072_0,2054,Moderate
osm_1944183766_1944183723_0,197,Low
osm_1944183766_1944183723_0,2055,Low
osm_1944183768_1944183770_0,2055,Low
osm_1944183768_1944183720_0,197,Low
osm_1944183768_1944183720_0,2055,Low
osm_1944183768_1944183801_0,2055,Low
osm_1944183768_1944183801_0,2054,Moderate
osm_1944183770_1944183768_0,2055,Low
osm_1944183770_300454915_0,2055,Low
osm_1944183770_1944183721_0,197,Low
osm_1944183770_1944183721_0,2055,Low
osm_1944183770_1944183796_0,2055,Low
osm_1944183770_1944183796_0,2054,Moderate
osm_1944183771_1944183772_0,2054,Moderate
osm_1944183771_11757094587_0,2055,Low
osm_1944183771_11757094587_0,2054,Moderate
osm_1944183771_1944183843_0,2054,Moderate
osm_1944183771_1944183843_0,838,Very Low
osm_1944183772_1944183824_0,2054,Moderate
osm_1944183772_1944183774_0,2054,Moderate
osm_1944183772_1944183771_0,2054,Moderate
osm_1944183774_1944183775_0,2054,Moderate
osm_1944183774_1944183772_0,2054,Moderate
osm_1944183774_2168810050_0,2054,Moderate
osm_1944183774_2168810050_0,838,Very Low
osm_1944183775_1944183763_0,2055,Low
osm_1944183775_1944183763_0,2054,Moderate
osm_1944183775_300455072_0,2054,Moderate
osm_1944183775_1944183774_0,2054,Moderate
osm_1944183790_1944183796_0,2054,Moderate
osm_1944183790_3187999864_0,2054,Moderate
osm_1944183790_1944183842_0,2054,Moderate
osm_1944183790_1944183842_0,838,Very Low
osm_1944183795_1944183835_0,2054,Moderate
osm_1944183795_1944183835_0,838,Very Low
osm_1944183795_1944183835_0,4020,High
osm_1944183795_1944183835_0,1367,Very Low
osm_1944183795_11508096840_0,2054,Moderate
osm_1944183795_300455516_0,2054,Moderate
osm_1944183795_300455516_0,4020,High
osm_1944183796_1944183801_0,2054,Moderate
osm_1944183796_1944183790_0,2054,Moderate
osm_1944183796_1944183770_0,2055,Low
osm_1944183796_1944183770_0,2054,Moderate
osm_1944183801_1944183796_0,2054,Moderate
osm_1944183801_1944183768_0,2055,Low
osm_1944183801_1944183768_0,2054,Moderate
osm_1944183801_11508096849_0,2054,Moderate
osm_1944183801_11508096849_0,838,Very Low
osm_1944183824_1944183772_0,2054,Moderate
osm_1944183824_2168810049_0,2054,Moderate
osm_1944183824_2168810049_0,838,Very Low
osm_1944183824_1944183844_0,2054,Moderate
osm_1944183824_1944183844_0,838,Very Low
osm_1944183835_1944183837_0,838,Very Low
osm_1944183835_300455150_0,838,Very Low
osm_1944183835_300455150_0,898,Very Low
osm_1944183835_2230812057_0,2057,Low
osm_1944183835_2230812057_0,838,Very Low
osm_1944183835_2230812057_0,898,Very Low
osm_1944183835_1944183795_0,2054,Moderate
osm_1944183835_1944183795_0,838,Very Low
osm_1944183835_1944183795_0,4020,High
osm_1944183835_1944183795_0,1367,Very Low
osm_1944183837_1944183838_0,838,Very Low
osm_1944183837_1944183835_0,838,Very Low
osm_1944183837_11757094621_0,2057,Low
osm_1944183837_11757094621_0,838,Very Low
osm_1944183837_11757094621_0,898,Very Low
osm_1944183837_11757094576_0,2054,Moderate
osm_1944183837_11757094576_0,838,Very Low
osm_1944183838_1944183840_0,838,Very Low
osm_1944183838_1944183837_0,838,Very Low
osm_1944183838_11757094575_0,2054,Moderate
osm_1944183838_11757094575_0,838,Very Low
osm_1944183838_2168810052_0,838,Very Low
osm_1944183840_303453573_0,838,Very Low
osm_1944183840_1944183838_0,838,Very Low
osm_1944183840_1944183755_0,2055,Low
osm_1944183840_1944183755_0,2054,Moderate
osm_1944183840_1944183755_0,838,Very Low
osm_1944183841_11508096849_0,838,Very Low
osm_1944183842_300455152_0,838,Very Low
osm_1944183842_11508096849_0,838,Very Low
osm_1944183842_1944183790_0,2054,Moderate
osm_1944183842_1944183790_0,838,Very Low
osm_1944183843_1944183844_0,838,Very Low
osm_1944183843_303453573_0,838,Very Low
osm_1944183843_1944183771_0,2054,Moderate
osm_1944183843_1944183771_0,838,Very Low
osm_1944183844_2168810047_0,838,Very Low
osm_1944183844_1944183843_0,838,Very Low
osm_1944183844_1944183824_0,2054,Moderate
osm_1944183844_1944183824_0,838,Very Low
osm_1944183845_11757094597_0,838,Very Low
osm_1944183845_2168810050_0,838,Very Low
osm_1944183845_300455072_0,2054,Moderate
osm_1944183845_300455072_0,838,Very Low
osm_1944183846_2230812039_0,838,Very Low
osm_1944183846_11757094597_0,838,Very Low
osm_1944183846_300455073_0,2054,Moderate
osm_1944183846_300455073_0,838,Very Low
osm_1952250976_7800528131_0,195,Low
osm_1952250976_1454653747_0,195,Low
osm_1952250976_11064305533_0,195,Low
osm_1952250976_11064305533_0,2049,Low
osm_1952250981_2168854182_0,195,Low
osm_1952250981_7800644210_0,195,Low
osm_1952250981_7800644211_0,195,Low
osm_1952250982_1944183568_0,2047,Moderate
osm_1952250982_1944183568_0,898,Very Low
osm_1952250982_1944183568_0,2049,Low
osm_1952250982_7800644211_0,195,Low
osm_1952250982_7800644211_0,2047,Moderate
osm_1952250982_7800644211_0,2049,Low
osm_1986353938_1768289876_0,3985,Very High
osm_1986353938_1457503216_0,3985,Very High
osm_1986353938_6245918932_0,3985,Very High
osm_1986353938_1986353944_0,3985,Very High
osm_1986353944_1457503229_0,3985,Very High
osm_1986353944_1457503227_0,3985,Very High
osm_1986353944_1457503227_0,3988,High
osm_1986353944_1986353938_0,3985,Very High
osm_2116367796_7825039600_0,210,Low
osm_2116367796_277912692_0,210,Low
osm_2146414136_4265547662_0,199,Low
osm_2146414136_1640674279_0,2063,Low
osm_2146414136_1640674279_0,199,Low
osm_2146414136_2146414141_0,199,Low
osm_2146414137_4265547662_0,199,Low
osm_2146414137_1640674290_0,2063,Low
osm_2146414137_1640674290_0,199,Low
osm_2146414141_2146414136_0,199,Low
osm_2165528729_300465145_0,212,Low
osm_2165528729_300465150_0,212,Low
osm_2166705612_2166705619_0,1973,Low
osm_2166705612_2166705620_0,5003,Very High
osm_2166705612_2166705620_0,1973,Low
osm_2166705612_2166705620_0,3666,Very High
osm_2166705618_2166705620_0,5003,Very High
osm_2166705618_2166705620_0,1973,Low
osm_2166705618_2166705620_0,3666,Very High
osm_2166705619_2166705622_0,1973,Low
osm_2166705619_2166705622_0,3666,Very High
osm_2166705619_2166705622_0,1161,Low
osm_2166705619_2166705621_0,1973,Low
osm_2166705619_2166705612_0,1973,Low
osm_2166705620_2166705618_0,5003,Very High
osm_2166705620_2166705618_0,1973,Low
osm_2166705620_2166705618_0,3666,Very High
osm_2166705620_2166705622_0,3666,Very High
osm_2166705620_6588360701_0,5003,Very High
osm_2166705620_6588360701_0,3666,Very High
osm_2166705620_2166705612_0,5003,Very High
osm_2166705620_2166705612_0,1973,Low
osm_2166705620_2166705612_0,3666,Very High
osm_2166705621_2166705625_0,1973,Low
osm_2166705621_2166705625_0,1161,Low
osm_2166705621_2166705626_0,1973,Low
osm_2166705621_2166705619_0,1973,Low
osm_2166705622_2166705619_0,1973,Low
osm_2166705622_2166705619_0,3666,Very High
osm_2166705622_2166705619_0,1161,Low
osm_2166705622_2166705624_0,3666,Very High
osm_2166705622_2166705624_0,1161,Low
osm_2166705622_2166705620_0,3666,Very High
osm_2166705624_2166705625_0,1161,Low
osm_2166705624_2166705622_0,3666,Very High
osm_2166705624_2166705622_0,1161,Low
osm_2166705624_6588360700_0,3666,Very High
osm_2166705624_6588360700_0,1161,Low
osm_2166705625_2166705621_0,1973,Low
osm_2166705625_2166705621_0,1161,Low
osm_2166705625_2166705627_0,1161,Low
osm_2166705625_2166705624_0,1161,Low
osm_2166705626_2166705629_0,1973,Low
osm_2166705626_2166705621_0,1973,Low
osm_2166705626_2166705627_0,1973,Low
osm_2166705626_2166705627_0,1161,Low
osm_2166705627_2166705633_0,3529,Low
osm_2166705627_2166705633_0,3528,Low
osm_2166705627_2166705633_0,1161,Low
osm_2166705627_2166705625_0,1161,Low
osm_2166705627_2166705626_0,1973,Low
osm_2166705627_2166705626_0,1161,Low
osm_2166705627_11041690055_0,3666,Very High
osm_2166705627_11041690055_0,1161,Low
osm_2166705629_2166705626_0,1973,Low
osm_2166705629_2166739395_0,1974,Very Low
osm_2166705629_2166739395_0,1973,Low
osm_2166705629_2166739395_0,1161,Low
osm_2166705629_2166705633_0,3529,Low
osm_2166705629_2166705633_0,3528,Low
osm_2166705629_2166705633_0,1973,Low
osm_2166705629_2166705633_0,1161,Low
osm_2166705633_2166739361_0,3529,Low
osm_2166705633_2166739361_0,3528,Low
osm_2166705633_2166739361_0,6015,Very High
osm_2166705633_2166739361_0,6014,Low
osm_2166705633_2166705627_0,3529,Low
osm_2166705633_2166705627_0,3528,Low
osm_2166705633_2166705627_0,1161,Low
osm_2166705633_11041690054_0,3529,Low
osm_2166705633_11041690054_0,3528,Low
osm_2166705633_11041690054_0,1161,Low
osm_2166705633_2166705629_0,3529,Low
osm_2166705633_2166705629_0,3528,Low
osm_2166705633_2166705629_0,1973,Low
osm_2166705633_2166705629_0,1161,Low
osm_2166739361_7817675852_0,6015,Very High
osm_2166739361_7817675852_0,6014,Low
osm_2166739361_2166705633_0,3529,Low
osm_2166739361_2166705633_0,3528,Low
osm_2166739361_2166705633_0,6015,Very High
osm_2166739361_2166705633_0,6014,Low
osm_2166739361_11469197686_0,3529,Low
osm_2166739361_11469197686_0,3528,Low
osm_2166739361_11469197686_0,6015,Very High
osm_2166739361_11469197686_0,6014,Low
osm_2166739395_2166739411_0,1974,Very Low
osm_2166739395_2166739411_0,5002,High
osm_2166739395_2166739411_0,2122,Moderate
osm_2166739395_2166705629_0,1974,Very Low
osm_2166739395_2166705629_0,1973,Low
osm_2166739395_2166705629_0,1161,Low
osm_2166739395_2166739407_0,1974,Very Low
osm_2166739395_2166739407_0,3663,Low
osm_2166739395_2166739407_0,3662,Low
osm_2166739395_2166739407_0,6015,Very High
osm_2166739395_2166739407_0,6014,Low
osm_2166739395_2166739407_0,3664,Very High
osm_2166739395_2166739407_0,1973,Low
osm_2166739395_2166739407_0,1161,Low
osm_2166739402_2166739407_0,6015,Very High
osm_2166739402_2166739407_0,6014,Low
osm_2166739402_7817675852_0,6015,Very High
osm_2166739402_7817675852_0,6014,Low
osm_2166739402_299875541_0,3529,Low
osm_2166739402_299875541_0,3528,Low
osm_2166739402_299875541_0,6015,Very High
osm_2166739402_299875541_0,6014,Low
osm_2166739402_299875541_0,1161,Low
osm_2166739407_2166739418_0,6015,Very High
osm_2166739407_2166739418_0,6014,Low
osm_2166739407_2166739418_0,3664,Very High
osm_2166739407_2166739402_0,6015,Very High
osm_2166739407_2166739402_0,6014,Low
osm_2166739407_2166739395_0,1974,Very Low
osm_2166739407_2166739395_0,3663,Low
osm_2166739407_2166739395_0,3662,Low
osm_2166739407_2166739395_0,6015,Very High
osm_2166739407_2166739395_0,6014,Low
osm_2166739407_2166739395_0,3664,Very High
osm_2166739407_2166739395_0,1973,Low
osm_2166739407_2166739395_0,1161,Low
osm_2166739411_2166739395_0,1974,Very Low
osm_2166739411_2166739395_0,5002,High
osm_2166739411_2166739395_0,2122,Moderate
osm_2166739418_2166739443_0,3664,Very High
osm_2166739418_2166739407_0,6015,Very High
osm_2166739418_2166739407_0,6014,Low
osm_2166739418_2166739407_0,3664,Very High
osm_2166739418_2166791416_0,3529,Low
osm_2166739418_2166791416_0,3528,Low
osm_2166739418_2166791416_0,6015,Very High
osm_2166739418_2166791416_0,6014,Low
osm_2166739418_2166791416_0,3664,Very High
osm_2166739418_2166791416_0,1161,Low
osm_2166739443_2166739418_0,3664,Very High
osm_2166739443_11414478364_0,3664,Very High
osm_2166739443_2166739455_0,6015,Very High
osm_2166739443_2166739455_0,6014,Low
osm_2166739443_2166739455_0,3664,Very High
osm_2166739455_2166739484_0,6015,Very High
osm_2166739455_2166739484_0,6014,Low
osm_2166739455_2166739443_0,6015,Very High
osm_2166739455_2166739443_0,6014,Low
osm_2166739455_2166739443_0,3664,Very High
osm_2166739455_2166791417_0,6015,Very High
osm_2166739455_2166791417_0,6014,Low
osm_2166739455_2166791417_0,3664,Very High
osm_2166739455_2166791417_0,1161,Low
osm_2166739455_6245878228_0,6015,Very High
osm_2166739455_6245878228_0,6014,Low
osm_2166739455_6245878228_0,3664,Very High
osm_2166739484_6799854480_0,6015,Very High
osm_2166739484_6799854480_0,6014,Low
osm_2166739484_6799854480_0,3664,Very High
osm_2166739484_6799854479_0,6015,Very High
osm_2166739484_6799854479_0,6014,Low
osm_2166739484_6799854479_0,3664,Very High
osm_2166739484_2166739455_0,6015,Very High
osm_2166739484_2166739455_0,6014,Low
osm_2166739512_300185429_0,2121,High
osm_2166739512_300185429_0,3664,Very High
osm_2166739512_300185429_0,3993,Very High
osm_2166791406_2166791408_0,3998,High
osm_2166791406_6590123061_0,3997,Very High
osm_2166791406_6590123061_0,3998,High
osm_2166791407_2166791408_0,3997,Very High
osm_2166791407_2166791408_0,3998,High
osm_2166791407_6590123062_0,3997,Very High
osm_2166791407_6590123062_0,3666,Very High
osm_2166791407_6590123061_0,3997,Very High
osm_2166791408_2166791407_0,3997,Very High
osm_2166791408_2166791407_0,3998,High
osm_2166791408_2166791406_0,3998,High
osm_2166791408_2166791411_0,3998,High
osm_2166791410_338223119_0,2131,Low
osm_2166791410_338223119_0,3998,High
osm_2166791410_338223119_0,3999,Moderate
osm_2166791410_1878169816_0,3998,High
osm_2166791410_2166791412_0,3998,High
osm_2166791410_11659116587_0,3998,High
osm_2166791411_299883121_0,3998,High
osm_2166791411_6590123062_0,3997,Very High
osm_2166791411_6590123062_0,3998,High
osm_2166791411_6590123062_0,3666,Very High
osm_2166791411_2166791408_0,3998,High
osm_2166791412_300368904_0,3998,High
osm_2166791412_338223125_0,2130,Moderate
osm_2166791412_338223125_0,2131,Low
osm_2166791412_338223125_0,3998,High
osm_2166791412_2166791410_0,3998,High
osm_2166791413_11469197689_0,1161,Low
osm_2166791414_299875423_0,3666,Very High
osm_2166791414_299876860_0,3666,Very High
osm_2166791414_11469197689_0,3666,Very High
osm_2166791414_11469197689_0,1161,Low
osm_2166791415_299875468_0,3666,Very High
osm_2166791415_299875468_0,1161,Low
osm_2166791415_299875423_0,3666,Very High
osm_2166791415_11469197686_0,3529,Low
osm_2166791415_11469197686_0,3528,Low
osm_2166791415_11469197686_0,3666,Very High
osm_2166791415_11469197686_0,1161,Low
osm_2166791416_299875543_0,1161,Low
osm_2166791416_299875581_0,1161,Low
osm_2166791416_2166739418_0,3529,Low
osm_2166791416_2166739418_0,3528,Low
osm_2166791416_2166739418_0,6015,Very High
osm_2166791416_2166739418_0,6014,Low
osm_2166791416_2166739418_0,3664,Very High
osm_2166791416_2166739418_0,1161,Low
osm_2166791417_299875581_0,1161,Low
osm_2166791417_299876185_0,1161,Low
osm_2166791417_2166739455_0,6015,Very High
osm_2166791417_2166739455_0,6014,Low
osm_2166791417_2166739455_0,3664,Very High
osm_2166791417_2166739455_0,1161,Low
osm_2166791418_12030565393_0,3998,High
osm_2166791418_338238791_0,3998,High
osm_2166791418_299883140_0,3998,High
osm_2166791418_299883140_0,1344,Very Low
osm_2166791422_2166791425_0,3664,Very High
osm_2166791422_299876302_0,3664,Very High
osm_2166791422_299876270_0,3664,Very High
osm_2166791422_299876270_0,1161,Low
osm_2166791425_2166791422_0,3664,Very High
osm_2166791425_2166791426_0,3664,Very High
osm_2166791425_4793234005_0,3664,Very High
osm_2166791425_299876354_0,3664,Very High
osm_2166791426_2166791425_0,3664,Very High
osm_2166791426_2166791427_0,3664,Very High
osm_2166791426_4793221893_0,3664,Very High
osm_2166791426_338238799_0,3664,Very High
osm_2166791427_2166791426_0,3664,Very High
osm_2166791427_299876545_0,3664,Very High
osm_2166791427_2669707478_0,3664,Very High
osm_2166791427_2669707478_0,3993,Very High
osm_2166857702_6451815451_0,2131,Low
osm_2166857702_338238832_0,2131,Low
osm_2166857702_338238832_0,898,Very Low
osm_2166857702_7817569284_0,2131,Low
osm_2166857702_7817569284_0,898,Very Low
osm_2166857709_338238832_0,898,Very Low
osm_2166857718_300368327_0,898,Very Low
osm_2166938761_300368045_0,2124,Low
osm_2166938761_300368045_0,211,Low
osm_2166938761_7806767061_0,898,Very Low
osm_2166938761_7806767061_0,2124,Low
osm_2166938761_338239003_0,838,Very Low
osm_2166938761_338239003_0,898,Very Low
osm_2166938761_338239003_0,2124,Low
osm_2166938766_7806646862_0,1344,Very Low
osm_2166938766_300367776_0,1344,Very Low
osm_2166938766_6307220900_0,1344,Very Low
osm_2166938766_338239013_0,838,Very Low
osm_2166938766_338239013_0,1344,Very Low
osm_2166938789_338249929_0,1344,Very Low
osm_2166938789_338249929_0,3995,High
osm_2166938789_338249930_0,1344,Very Low
osm_2166938789_338249913_0,1344,Very Low
osm_2166938805_2166938806_0,3995,High
osm_2166938806_2166938805_0,3995,High
osm_2166938806_338249924_0,3995,High
osm_2166938806_277912047_0,3995,High
osm_2166938807_300367502_0,2124,Low
osm_2166938807_2166938810_0,2124,Low
osm_2166938807_2166938808_0,2124,Low
osm_2166938808_2166938814_0,2124,Low
osm_2166938808_2166938807_0,2124,Low
osm_2166938808_11372788870_0,2124,Low
osm_2166938809_2166938810_0,2124,Low
osm_2166938810_2166938809_0,2124,Low
osm_2166938810_2166938807_0,2124,Low
osm_2166938810_338250098_0,2124,Low
osm_2166938813_2166938814_0,2124,Low
osm_2166938813_2166938814_0,3996,Moderate
osm_2166938814_2166938813_0,2124,Low
osm_2166938814_2166938813_0,3996,Moderate
osm_2166938814_2166938808_0,2124,Low
osm_2166938814_11372797084_0,2124,Low
osm_2166938816_338222985_0,2117,Low
osm_2166938816_300165876_0,2117,Low
osm_2166938828_338222978_0,3992,Moderate
osm_2166938828_338222985_0,3992,Moderate
osm_2166938828_338222985_0,2117,Low
osm_2166938830_299883031_0,3995,High
osm_2166938830_338250049_0,3995,High
osm_2166938830_2166938835_0,3995,High
osm_2166938835_2166938836_0,3995,High
osm_2166938835_2166938830_0,3995,High
osm_2166938835_2166938844_0,3995,High
osm_2166938835_11372770364_0,3995,High
osm_2166938836_2166938835_0,3995,High
osm_2166938844_338250045_0,3995,High
osm_2166938844_2230781401_0,1344,Very Low
osm_2166938844_2230781401_0,3995,High
osm_2166938844_2166938835_0,3995,High
osm_2166938846_2166938855_0,3995,High
osm_2166938846_299878048_0,3995,High
osm_2166938846_300165042_0,3995,High
osm_2166938853_338249943_0,3995,High
osm_2166938853_2166938859_0,3995,High
osm_2166938853_280086367_0,3995,High
osm_2166938855_2166938846_0,3995,High
osm_2166938857_299882962_0,1344,Very Low
osm_2166938857_2166938869_0,1344,Very Low
osm_2166938857_6451736134_0,1344,Very Low
osm_2166938857_6451736134_0,3992,Moderate
osm_2166938857_6451736134_0,3991,High
osm_2166938857_6451736134_0,2117,Low
osm_2166938859_978534827_0,1344,Very Low
osm_2166938859_978534827_0,3995,High
osm_2166938859_2166938853_0,3995,High
osm_2166938859_299883031_0,3995,High
osm_2166938860_11052248451_0,3992,Moderate
osm_2166938860_338222995_0,3992,Moderate
osm_2166938860_2166938879_0,3992,Moderate
osm_2166938860_2166938879_0,2117,Low
osm_2166938861_2230781401_0,1344,Very Low
osm_2166938861_6452022958_0,1344,Very Low
osm_2166938861_299881789_0,1344,Very Low
osm_2166938862_300369981_0,3992,Moderate
osm_2166938862_300369981_0,3991,High
osm_2166938862_11052248451_0,3992,Moderate
osm_2166938862_11372787922_0,3992,Moderate
osm_2166938862_11372787922_0,2117,Low
osm_2166938864_299878109_0,3993,Very High
osm_2166938864_299878109_0,3995,High
osm_2166938864_299877683_0,3993,Very High
osm_2166938864_299878107_0,3993,Very High
osm_2166938864_299878107_0,1344,Very Low
osm_2166938864_299878107_0,3995,High
osm_2166938868_2166938872_0,1344,Very Low
osm_2166938868_299882962_0,1344,Very Low
osm_2166938868_2166938869_0,1344,Very Low
osm_2166938869_2166938857_0,1344,Very Low
osm_2166938869_11348288658_0,1344,Very Low
osm_2166938869_2166938868_0,1344,Very Low
osm_2166938870_6583386224_0,2117,Low
osm_2166938870_7806646857_0,2117,Low
osm_2166938870_7806646858_0,2117,Low
osm_2166938871_11348288658_0,1344,Very Low
osm_2166938871_11348288658_0,3992,Moderate
osm_2166938871_11348288658_0,3991,High
osm_2166938872_299881789_0,1344,Very Low
osm_2166938872_2166938868_0,1344,Very Low
osm_2166938872_6452022958_0,1344,Very Low
osm_2166938879_300370123_0,2117,Low
osm_2166938879_2166938882_0,2117,Low
osm_2166938879_2166938860_0,3992,Moderate
osm_2166938879_2166938860_0,2117,Low
osm_2166938882_2166938879_0,2117,Low
osm_2166938882_11052248450_0,2117,Low
osm_2166938882_2166938893_0,2117,Low
osm_2166938893_2166938882_0,2117,Low
osm_2166938926_6305062118_0,1344,Very Low
osm_2166938938_299881120_0,898,Very Low
osm_2166938938_299881120_0,1344,Very Low
osm_2166938938_299881120_0,1345,Very Low
osm_2167027568_299883167_0,3998,High
osm_2167027576_299883115_0,1342,Low
osm_2167027576_277912051_0,1342,Low
osm_2167027576_13816805235_0,3664,Very High
osm_2167027576_13816805235_0,1342,Low
osm_2167027576_13816805235_0,1161,Low
osm_2167027583_299883152_0,3993,Very High
osm_2167027583_300367983_0,3993,Very High
osm_2167027583_2669699417_0,3664,Very High
osm_2167027583_2669699417_0,3993,Very High
osm_2167027593_11101583942_0,3995,High
osm_2167027593_2167027596_0,3995,High
osm_2167027593_300185991_0,3995,High
osm_2167027596_2167027593_0,3995,High
osm_2167027598_6451643707_0,1342,Low
osm_2167027598_277912050_0,3993,Very High
osm_2167027598_277912050_0,1342,Low
osm_2167027598_277912049_0,1344,Very Low
osm_2167027598_277912049_0,1342,Low
osm_2167027604_2407564026_0,3670,Very High
osm_2167027604_2407564026_0,3669,Very High
osm_2167027604_2407564026_0,3995,High
osm_2167027609_2230781378_0,3669,Very High
osm_2167027610_2167027611_0,3669,Very High
osm_2167027610_2230781369_0,3993,Very High
osm_2167027610_2230781369_0,3669,Very High
osm_2167027610_2230781369_0,3995,High
osm_2167027610_7806740567_0,3669,Very High
osm_2167027611_11043604982_0,3669,Very High
osm_2167027611_2167027610_0,3669,Very High
osm_2167027611_2407564028_0,3669,Very High
osm_2167027612_11626077035_0,3669,Very High
osm_2167027612_300464332_0,3993,Very High
osm_2167027612_300464332_0,3669,Very High
osm_2167027612_2230781378_0,3669,Very High
osm_2167027614_2167027702_0,3669,Very High
osm_2167027616_2407564027_0,3995,High
osm_2167027616_11626076949_0,3995,High
osm_2167027616_2167027623_0,3993,Very High
osm_2167027616_2167027623_0,3995,High
osm_2167027618_2167027623_0,3993,Very High
osm_2167027618_2167027623_0,3669,Very High
osm_2167027623_2167027618_0,3993,Very High
osm_2167027623_2167027618_0,3669,Very High
osm_2167027623_11032257976_0,3993,Very High
osm_2167027623_2167027616_0,3993,Very High
osm_2167027623_2167027616_0,3995,High
osm_2167027627_2167027630_0,3669,Very High
osm_2167027630_11626077035_0,3669,Very High
osm_2167027630_2167027627_0,3669,Very High
osm_2167027630_2407564029_0,3669,Very High
osm_2167027634_6786335839_0,3669,Very High
osm_2167027634_6786335841_0,3669,Very High
osm_2167027634_299877804_0,1163,Low
osm_2167027634_299877804_0,3669,Very High
osm_2167027689_7806740567_0,3669,Very High
osm_2167027689_299877896_0,3669,Very High
osm_2167027689_2167027702_0,3669,Very High
osm_2167027702_2167027614_0,3669,Very High
osm_2167027702_2167027707_0,3669,Very High
osm_2167027702_2167027689_0,3669,Very High
osm_2167027707_300186162_0,3993,Very High
osm_2167027707_300186162_0,3669,Very High
osm_2167027707_2167027702_0,3669,Very High
osm_2167027707_6786335839_0,3669,Very High
osm_2167027717_2167027722_0,3993,Very High
osm_2167027717_300165043_0,3993,Very High
osm_2167027717_2167027759_0,3993,Very High
osm_2167027717_299878483_0,3993,Very High
osm_2167027722_2167027717_0,3993,Very High
osm_2167027722_300376604_0,3993,Very High
osm_2167027722_2167027727_0,3993,Very High
osm_2167027727_2167027759_0,3993,Very High
osm_2167027727_300165044_0,3993,Very High
osm_2167027727_2167027722_0,3993,Very High
osm_2167027759_2167027727_0,3993,Very High
osm_2167027759_300165032_0,3993,Very High
osm_2167027759_2167027717_0,3993,Very High
osm_2167027768_2167027776_0,2124,Low
osm_2167027768_299883833_0,2124,Low
osm_2167027768_2167027807_0,2124,Low
osm_2167027768_2167027807_0,211,Low
osm_2167027772_299878327_0,1344,Very Low
osm_2167027772_299878326_0,1344,Very Low
osm_2167027772_299878196_0,1344,Very Low
osm_2167027776_2167027768_0,2124,Low
osm_2167027781_299878327_0,1344,Very Low
osm_2167027781_299878252_0,1344,Very Low
osm_2167027781_299878409_0,1344,Very Low
osm_2167027785_299878327_0,1344,Very Low
osm_2167027803_2167027819_0,3995,High
osm_2167027803_299878024_0,3995,High
osm_2167027803_2167027823_0,3995,High
osm_2167027807_11043633900_0,2124,Low
osm_2167027807_11043633900_0,211,Low
osm_2167027807_2167027768_0,2124,Low
osm_2167027807_2167027768_0,211,Low
osm_2167027807_2167027821_0,211,Low
osm_2167027811_300164886_0,3995,High
osm_2167027811_299878272_0,3995,High
osm_2167027811_2167027819_0,3995,High
osm_2167027819_300164887_0,3995,High
osm_2167027819_2167027803_0,3995,High
osm_2167027819_2167027811_0,3995,High
osm_2167027821_6445191536_0,211,Low
osm_2167027821_6245904904_0,211,Low
osm_2167027821_2167027807_0,211,Low
osm_2167027823_2167027803_0,3995,High
osm_2167027825_6445191536_0,211,Low
osm_2167027825_338406630_0,211,Low
osm_2167027827_299878409_0,1344,Very Low
osm_2167027827_300464005_0,1344,Very Low
osm_2167027827_300464005_0,3995,High
osm_2167027827_11039711234_0,1344,Very Low
osm_2167027827_11054051465_0,1344,Very Low
osm_2167027835_6307239350_0,3995,High
osm_2167027849_300464005_0,3995,High
osm_2167027849_300463580_0,3995,High
osm_2167027849_2167027852_0,3995,High
osm_2167027852_300463595_0,3995,High
osm_2167027852_6307239351_0,3995,High
osm_2167027852_2167027849_0,3995,High
osm_2167027857_300305744_0,2124,Low
osm_2167027857_300165244_0,2124,Low
osm_2167027857_2167027860_0,2124,Low
osm_2167027860_300164903_0,2124,Low
osm_2167027860_2167027864_0,2124,Low
osm_2167027860_2167027857_0,2124,Low
osm_2167027860_299880845_0,2124,Low
osm_2167027864_2167027860_0,2124,Low
osm_2167027864_300376050_0,2124,Low
osm_2167027864_300164884_0,2124,Low
osm_2167027867_2167027874_0,3995,High
osm_2167027870_300305744_0,2124,Low
osm_2167027874_2167027867_0,3995,High
osm_2167027874_11189886678_0,3995,High
osm_2167027874_300305742_0,3995,High
osm_2167027874_300305742_0,2124,Low
osm_2167027874_300305742_0,3996,Moderate
osm_2167027874_11612775782_0,3995,High
osm_2167148939_299883820_0,2124,Low
osm_2167148939_299883817_0,2124,Low
osm_2167148939_299883943_0,2124,Low
osm_2167148944_338223259_0,2124,Low
osm_2167148944_299883943_0,2124,Low
osm_2167148944_6502889951_0,2124,Low
osm_2167148947_299883766_0,3995,High
osm_2167148947_299883766_0,3996,Moderate
osm_2167148947_300464334_0,3995,High
osm_2167148947_299883820_0,3995,High
osm_2167148947_299883820_0,2124,Low
osm_2167148947_299883820_0,3996,Moderate
osm_2167148951_6502889951_0,2124,Low
osm_2167148951_299883943_0,2124,Low
osm_2167148951_2167148957_0,2124,Low
osm_2167148954_299883747_0,2124,Low
osm_2167148954_299883820_0,2124,Low
osm_2167148954_2167148957_0,2124,Low
osm_2167148957_2167148954_0,2124,Low
osm_2167148957_2167148951_0,2124,Low
osm_2167148957_2167148962_0,2124,Low
osm_2167148962_6502889952_0,2124,Low
osm_2167148962_2167148957_0,2124,Low
osm_2167148962_300464089_0,2124,Low
osm_2167148965_6502889952_0,2124,Low
osm_2167148970_2167148980_0,1344,Very Low
osm_2167148970_11626123124_0,1344,Very Low
osm_2167148970_11626123124_0,1345,Very Low
osm_2167148970_2167148972_0,1344,Very Low
osm_2167148970_2167148972_0,1345,Very Low
osm_2167148972_338222949_0,898,Very Low
osm_2167148972_338222949_0,1345,Very Low
osm_2167148972_299878738_0,3996,Moderate
osm_2167148972_299878738_0,1345,Very Low
osm_2167148972_2167148970_0,1344,Very Low
osm_2167148972_2167148970_0,1345,Very Low
osm_2167148976_1751205028_0,2124,Low
osm_2167148976_1751205028_0,211,Low
osm_2167148976_1751203571_0,211,Low
osm_2167148976_5388533203_0,2124,Low
osm_2167148976_5388533203_0,211,Low
osm_2167148980_2167148994_0,1344,Very Low
osm_2167148980_2167148970_0,1344,Very Low
osm_2167148980_299883766_0,1344,Very Low
osm_2167148980_299883766_0,3670,Very High
osm_2167148980_299883766_0,3669,Very High
osm_2167148980_299883766_0,3995,High
osm_2167148980_299883766_0,3996,Moderate
osm_2167148985_2167148991_0,898,Very Low
osm_2167148985_2167148991_0,2124,Low
osm_2167148991_2167148985_0,898,Very Low
osm_2167148991_2167148985_0,2124,Low
osm_2167148991_300464089_0,2124,Low
osm_2167148991_2167149016_0,2124,Low
osm_2167148994_299883758_0,1344,Very Low
osm_2167148994_2167148980_0,1344,Very Low
osm_2167148994_10718193947_0,1344,Very Low
osm_2167148994_10718193947_0,1163,Low
osm_2167148994_10718193947_0,1164,Low
osm_2167148997_2167149026_0,898,Very Low
osm_2167148997_2167149026_0,2124,Low
osm_2167149000_2167149016_0,898,Very Low
osm_2167149000_2167149016_0,2124,Low
osm_2167149016_2167149000_0,898,Very Low
osm_2167149016_2167149000_0,2124,Low
osm_2167149016_2167148991_0,2124,Low
osm_2167149016_2407565207_0,2124,Low
osm_2167149026_2407565207_0,2124,Low
osm_2167149026_300464027_0,2124,Low
osm_2167149026_2167148997_0,898,Very Low
osm_2167149026_2167148997_0,2124,Low
osm_2167149030_300464027_0,2124,Low
osm_2167149030_299883833_0,2124,Low
osm_2167149030_300464073_0,898,Very Low
osm_2167149030_300464073_0,2124,Low
osm_2167149032_5388533203_0,2124,Low
osm_2167149032_5388533203_0,211,Low
osm_2167149032_2167027825_0,211,Low
osm_2167149046_10669042771_0,211,Low
osm_2167149056_300372984_0,898,Very Low
osm_2167149056_300372984_0,1345,Very Low
osm_2167149056_2167149059_0,898,Very Low
osm_2167149056_299881959_0,898,Very Low
osm_2167149059_338223155_0,898,Very Low
osm_2167149059_1403766607_0,898,Very Low
osm_2167149059_2167149056_0,898,Very Low
osm_2167149059_11059292682_0,898,Very Low
osm_2167149063_299883311_0,3995,High
osm_2167149063_2167149068_0,3995,High
osm_2167149063_299883577_0,3995,High
osm_2167149063_299883577_0,2124,Low
osm_2167149063_299883577_0,3996,Moderate
osm_2167149068_2167149063_0,3995,High
osm_2167149073_299385837_0,2124,Low
osm_2167149073_6444890773_0,2124,Low
osm_2167149073_299881747_0,2124,Low
osm_2167149075_299881748_0,2124,Low
osm_2167149075_6444890773_0,2124,Low
osm_2167149075_277912042_0,2124,Low
osm_2167149080_2167149086_0,898,Very Low
osm_2167149080_2167149086_0,210,Low
osm_2167149080_2230781449_0,898,Very Low
osm_2167149080_2230781446_0,898,Very Low
osm_2167149086_300165548_0,210,Low
osm_2167149086_300303470_0,210,Low
osm_2167149086_2167149080_0,898,Very Low
osm_2167149086_2167149080_0,210,Low
osm_2167149092_2987837511_0,2118,Low
osm_2167149092_300165548_0,2118,Low
osm_2167149092_300165548_0,210,Low
osm_2167149092_300374764_0,898,Very Low
osm_2167149092_300374764_0,2118,Low
osm_2167149106_299383238_0,2124,Low
osm_2167149106_299385830_0,2124,Low
osm_2167149106_299383231_0,2124,Low
osm_2167149115_300374764_0,898,Very Low
osm_2167149115_300372399_0,898,Very Low
osm_2167149115_300372399_0,1410,Very Low
osm_2167149115_2987837511_0,898,Very Low
osm_2167149115_2987837511_0,2118,Low
osm_2167149131_299881958_0,898,Very Low
osm_2167149131_299881958_0,1410,Very Low
osm_2167149131_299384637_0,1410,Very Low
osm_2167149131_6444948939_0,1410,Very Low
osm_2167149140_300274611_0,210,Low
osm_2167149140_7806646854_0,210,Low
osm_2167149140_300133898_0,210,Low
osm_2167149149_2167149156_0,898,Very Low
osm_2167149156_2407565221_0,898,Very Low
osm_2167149156_299883587_0,898,Very Low
osm_2167149156_2167149149_0,898,Very Low
osm_2167149158_6445046257_0,1344,Very Low
osm_2167149160_300136155_0,2118,Low
osm_2167149160_2167149168_0,2118,Low
osm_2167149160_11066687199_0,2118,Low
osm_2167149162_300188504_0,1344,Very Low
osm_2167149162_6445046905_0,1344,Very Low
osm_2167149162_299881867_0,1344,Very Low
osm_2167149162_299881867_0,3995,High
osm_2167149164_299883587_0,898,Very Low
osm_2167149168_2167149160_0,2118,Low
osm_2167149168_300135909_0,2118,Low
osm_2167149168_2167149177_0,2118,Low
osm_2167149172_299881659_0,4063,Moderate
osm_2167149172_300372304_0,1410,Very Low
osm_2167149172_300372304_0,4063,Moderate
osm_2167149172_2167149198_0,4063,Moderate
osm_2167149172_11182635830_0,1410,Very Low
osm_2167149172_11182635830_0,4063,Moderate
osm_2167149177_2167149168_0,2118,Low
osm_2167149180_300165164_0,1345,Very Low
osm_2167149180_299879549_0,1345,Very Low
osm_2167149180_2167149183_0,898,Very Low
osm_2167149180_2167149183_0,1345,Very Low
osm_2167149183_300188534_0,898,Very Low
osm_2167149183_300188534_0,2063,Low
osm_2167149183_300188503_0,898,Very Low
osm_2167149183_300188503_0,1345,Very Low
osm_2167149183_2167149180_0,898,Very Low
osm_2167149183_2167149180_0,1345,Very Low
osm_2167149198_2167149172_0,4063,Moderate
osm_2167149198_11626279470_0,4063,Moderate
osm_2167149198_300136155_0,4063,Moderate
osm_2167149198_300136155_0,2118,Low
osm_2167149203_300136371_0,4063,Moderate
osm_2167149203_300135045_0,4063,Moderate
osm_2167149203_300135045_0,2118,Low
osm_2167149203_2167149204_0,1410,Very Low
osm_2167149203_2167149204_0,4063,Moderate
osm_2167149204_300136156_0,1410,Very Low
osm_2167149204_300136371_0,1410,Very Low
osm_2167149204_300136371_0,4063,Moderate
osm_2167149204_2167149203_0,1410,Very Low
osm_2167149204_2167149203_0,4063,Moderate
osm_2167149204_338223186_0,1410,Very Low
osm_2167149204_338223186_0,4063,Moderate
osm_2167149210_299382716_0,2063,Low
osm_2167149210_299886460_0,2063,Low
osm_2167149210_2167149212_0,2063,Low
osm_2167149212_338223169_0,2063,Low
osm_2167149212_338223175_0,2063,Low
osm_2167149212_2167149210_0,2063,Low
osm_2167149252_299886615_0,2063,Low
osm_2167149252_6305009114_0,2063,Low
osm_2167149252_6245972922_0,2063,Low
osm_2167149252_6245972922_0,199,Low
osm_2167149303_330420309_0,199,Low
osm_2167149303_330420320_0,199,Low
osm_2167149303_2167149327_0,199,Low
osm_2167149306_330420245_0,199,Low
osm_2167149306_300194151_0,199,Low
osm_2167149306_2167149309_0,199,Low
osm_2167149309_300159433_0,199,Low
osm_2167149309_330420320_0,199,Low
osm_2167149309_2167149306_0,199,Low
osm_2167149315_300159443_0,199,Low
osm_2167149315_330420309_0,199,Low
osm_2167149315_2167149324_0,199,Low
osm_2167149321_299880734_0,210,Low
osm_2167149321_2167149333_0,210,Low
osm_2167149324_338223214_0,199,Low
osm_2167149324_300159299_0,199,Low
osm_2167149324_2167149315_0,199,Low
osm_2167149327_300159443_0,199,Low
osm_2167149327_300159433_0,199,Low
osm_2167149327_2167149303_0,199,Low
osm_2167149333_2167149321_0,210,Low
osm_2168557351_2168557354_0,1300,Low
osm_2168557351_2168557353_0,1300,Low
osm_2168557351_2168557353_0,3939,Very High
osm_2168557351_2168557353_0,3658,Very High
osm_2168557351_7800965122_0,1300,Low
osm_2168557351_7800965122_0,3939,Very High
osm_2168557353_7800528105_0,3658,Very High
osm_2168557353_2168557357_0,3939,Very High
osm_2168557353_2168557357_0,3658,Very High
osm_2168557353_7800528100_0,3658,Very High
osm_2168557353_2168557351_0,1300,Low
osm_2168557353_2168557351_0,3939,Very High
osm_2168557353_2168557351_0,3658,Very High
osm_2168557354_2168557358_0,1300,Low
osm_2168557354_2168557351_0,1300,Low
osm_2168557354_2168557357_0,1300,Low
osm_2168557354_2168557357_0,3939,Very High
osm_2168557357_7800528120_0,3939,Very High
osm_2168557357_7800528120_0,3658,Very High
osm_2168557357_11465291323_0,3939,Very High
osm_2168557357_2168557353_0,3939,Very High
osm_2168557357_2168557353_0,3658,Very High
osm_2168557357_2168557354_0,1300,Low
osm_2168557357_2168557354_0,3939,Very High
osm_2168557358_2168557362_0,1300,Low
osm_2168557358_2168557354_0,1300,Low
osm_2168557358_11465291323_0,1300,Low
osm_2168557358_11465291323_0,3939,Very High
osm_2168557362_2168557367_0,1300,Low
osm_2168557362_2168557367_0,3941,Very High
osm_2168557362_2168557358_0,1300,Low
osm_2168557362_7800528106_0,1300,Low
osm_2168557362_7800528106_0,3939,Very High
osm_2168557362_7800528106_0,3658,Very High
osm_2168557367_300450312_0,3941,Very High
osm_2168557367_2168557362_0,1300,Low
osm_2168557367_2168557362_0,3941,Very High
osm_2168557367_7800528117_0,1300,Low
osm_2168557367_7800528117_0,3939,Very High
osm_2168557367_7800528117_0,3941,Very High
osm_2168557367_7800528117_0,3658,Very High
osm_2168557372_2168557374_0,3941,Very High
osm_2168557372_1944183575_0,3941,Very High
osm_2168557372_7800528111_0,1300,Low
osm_2168557372_7800528111_0,1157,Low
osm_2168557372_7800528111_0,3941,Very High
osm_2168557374_7801174414_0,3941,Very High
osm_2168557374_2168557372_0,3941,Very High
osm_2168557374_7800528118_0,1300,Low
osm_2168557374_7800528118_0,3941,Very High
osm_2168557377_7801174405_0,3941,Very High
osm_2168557377_7801174414_0,3941,Very High
osm_2168557377_7800528125_0,1300,Low
osm_2168557377_7800528125_0,3941,Very High
osm_2168557380_7801174407_0,3941,Very High
osm_2168557380_7800528096_0,3941,Very High
osm_2168557380_1944183618_0,838,Very Low
osm_2168557380_1944183618_0,3941,Very High
osm_2168557380_1944183618_0,898,Very Low
osm_2168557380_1944183618_0,2062,Moderate
osm_2168557380_1944183618_0,3943,High
osm_2168557380_7800528104_0,1300,Low
osm_2168557380_7800528104_0,1306,Very Low
osm_2168557380_7800528104_0,3941,Very High
osm_2168557383_2168557386_0,3941,Very High
osm_2168557383_7801174407_0,3941,Very High
osm_2168557383_7800528124_0,1300,Low
osm_2168557383_7800528124_0,1306,Very Low
osm_2168557383_7800528124_0,838,Very Low
osm_2168557383_7800528124_0,3941,Very High
osm_2168557386_2168557387_0,3941,Very High
osm_2168557386_2168557383_0,3941,Very High
osm_2168557386_1944183633_0,1306,Very Low
osm_2168557386_1944183633_0,838,Very Low
osm_2168557386_1944183633_0,3941,Very High
osm_2168557386_1944183633_0,898,Very Low
osm_2168557386_1944183633_0,3943,High
osm_2168557387_2168557388_0,3941,Very High
osm_2168557387_2168557386_0,3941,Very High
osm_2168557387_1944183633_0,1300,Low
osm_2168557387_1944183633_0,1306,Very Low
osm_2168557387_1944183633_0,838,Very Low
osm_2168557387_1944183633_0,3941,Very High
osm_2168557387_1944183633_0,898,Very Low
osm_2168557388_1944183658_0,3941,Very High
osm_2168557388_2168557387_0,3941,Very High
osm_2168557388_7800528113_0,3941,Very High
osm_2168557388_7800528113_0,2058,High
osm_2168557388_7800528113_0,2062,Moderate
osm_2168557391_300450429_0,3941,Very High
osm_2168557391_1944183658_0,3941,Very High
osm_2168557391_7800740029_0,3941,Very High
osm_2168557391_7800740029_0,2058,High
osm_2168557391_7800740029_0,2062,Moderate
osm_2168557393_2168576062_0,3941,Very High
osm_2168557393_2168576062_0,2062,Moderate
osm_2168557393_2168576062_0,3943,High
osm_2168557393_1944183673_0,3941,Very High
osm_2168557393_7800740030_0,3941,Very High
osm_2168557393_7800740030_0,2058,High
osm_2168557393_7800740030_0,2062,Moderate
osm_2168576062_1944183684_0,2062,Moderate
osm_2168576062_2168557393_0,3941,Very High
osm_2168576062_2168557393_0,2062,Moderate
osm_2168576062_2168557393_0,3943,High
osm_2168576062_7800740031_0,2062,Moderate
osm_2168576064_1944183697_0,2062,Moderate
osm_2168576064_1944183684_0,2062,Moderate
osm_2168576064_7800740026_0,2062,Moderate
osm_2168576064_7800740026_0,2063,Low
osm_2168576069_11765562067_0,2062,Moderate
osm_2168576069_11765562058_0,2062,Moderate
osm_2168576069_2168576070_0,2062,Moderate
osm_2168576069_2168576070_0,2063,Low
osm_2168576070_2168576069_0,2062,Moderate
osm_2168576070_2168576069_0,2063,Low
osm_2168576071_300450311_0,2062,Moderate
osm_2168576071_300450311_0,2063,Low
osm_2168576071_11465353248_0,2062,Moderate
osm_2168576071_2168576073_0,2062,Moderate
osm_2168576071_2168576073_0,2063,Low
osm_2168576071_11765562068_0,2062,Moderate
osm_2168576073_2168576071_0,2062,Moderate
osm_2168576073_2168576071_0,2063,Low
osm_2168576074_11054524287_0,3673,Very High
osm_2168576074_8042009288_0,3673,Very High
osm_2168576074_1457503217_0,3673,Very High
osm_2168576076_2168576084_0,3985,Very High
osm_2168576077_1765261172_0,3985,Very High
osm_2168576077_11054537025_0,3985,Very High
osm_2168576077_2168576080_0,3985,Very High
osm_2168576077_2168576080_0,3988,High
osm_2168576080_2168576077_0,3985,Very High
osm_2168576080_2168576077_0,3988,High
osm_2168576080_14141791482_0,3988,High
osm_2168576080_1765261170_0,3985,Very High
osm_2168576080_1765261170_0,3988,High
osm_2168576084_300464568_0,3985,Very High
osm_2168576084_4252220058_0,3985,Very High
osm_2168576084_2168576076_0,3985,Very High
osm_2168576086_300313916_0,3985,Very High
osm_2168576086_300464562_0,3985,Very High
osm_2168576086_300464562_0,3988,High
osm_2168576086_300464560_0,3985,Very High
osm_2168576086_300464560_0,3988,High
osm_2168576088_300313917_0,3988,High
osm_2168576088_300464570_0,3988,High
osm_2168576088_300464897_0,3988,High
osm_2168576090_2168576100_0,3988,High
osm_2168576094_4294274199_0,3988,High
osm_2168576097_300464753_0,3988,High
osm_2168576097_300464670_0,3988,High
osm_2168576097_4294274199_0,3988,High
osm_2168576100_2168576102_0,2062,Moderate
osm_2168576100_2168576102_0,3988,High
osm_2168576100_300464596_0,2062,Moderate
osm_2168576100_300464596_0,3988,High
osm_2168576100_2168576090_0,3988,High
osm_2168576102_2168576100_0,2062,Moderate
osm_2168576102_2168576100_0,3988,High
osm_2168576106_2168576107_0,2063,Low
osm_2168576107_2168576106_0,2063,Low
osm_2168576107_300464861_0,2062,Moderate
osm_2168576107_300464861_0,2063,Low
osm_2168576107_300464915_0,2063,Low
osm_2168576110_325210179_0,199,Low
osm_2168576110_4278284253_0,2063,Low
osm_2168576110_4278284253_0,199,Low
osm_2168576110_4265546765_0,2063,Low
osm_2168576110_4265546765_0,199,Low
osm_2168576111_6588259894_0,2063,Low
osm_2168576111_4278284253_0,2063,Low
osm_2168576111_4278284251_0,2063,Low
osm_2168591057_300311922_0,199,Low
osm_2168591059_300463862_0,199,Low
osm_2168591059_300463861_0,199,Low
osm_2168591059_4278233223_0,199,Low
osm_2168591067_300195626_0,199,Low
osm_2168591067_325207106_0,199,Low
osm_2168591067_4278233223_0,199,Low
osm_2168809991_2168810005_0,197,Low
osm_2168809992_2168810006_0,197,Low
osm_2168809993_2168810008_0,2055,Low
osm_2168809993_2168810008_0,898,Very Low
osm_2168809994_1944183704_0,898,Very Low
osm_2168809994_2168809995_0,898,Very Low
osm_2168809994_11644819857_0,838,Very Low
osm_2168809994_11644819857_0,898,Very Low
osm_2168809995_2168809994_0,898,Very Low
osm_2168809995_11765562398_0,898,Very Low
osm_2168809995_2168809996_0,898,Very Low
osm_2168809996_2168809995_0,898,Very Low
osm_2168809996_1454653834_0,838,Very Low
osm_2168809996_1454653834_0,898,Very Low
osm_2168809996_7800965133_0,838,Very Low
osm_2168809996_7800965133_0,898,Very Low
osm_2168810004_1944183725_0,197,Low
osm_2168810004_2168810005_0,197,Low
osm_2168810004_2168810030_0,197,Low
osm_2168810004_2168810030_0,2055,Low
osm_2168810005_2168810004_0,197,Low
osm_2168810005_1944183726_0,197,Low
osm_2168810005_2168809991_0,197,Low
osm_2168810006_300454818_0,197,Low
osm_2168810006_300454817_0,197,Low
osm_2168810006_2168810009_0,197,Low
osm_2168810006_2168809992_0,197,Low
osm_2168810008_1944183732_0,2055,Low
osm_2168810008_11644823613_0,2055,Low
osm_2168810008_2168809993_0,2055,Low
osm_2168810008_2168809993_0,898,Very Low
osm_2168810009_2168810006_0,197,Low
osm_2168810009_11756913814_0,197,Low
osm_2168810009_11756913814_0,2055,Low
osm_2168810009_11756913822_0,197,Low
osm_2168810011_2168810013_0,197,Low
osm_2168810011_2168810013_0,2055,Low
osm_2168810011_11756913822_0,197,Low
osm_2168810011_11756913814_0,197,Low
osm_2168810011_11756913814_0,2055,Low
osm_2168810013_1454653842_0,2055,Low
osm_2168810013_2168810011_0,197,Low
osm_2168810013_2168810011_0,2055,Low
osm_2168810013_2168810019_0,2055,Low
osm_2168810019_10239603820_0,2055,Low
osm_2168810019_2168810013_0,2055,Low
osm_2168810019_11756913814_0,2055,Low
osm_2168810026_300455070_0,2055,Low
osm_2168810026_1944183728_0,197,Low
osm_2168810026_1944183728_0,2055,Low
osm_2168810026_11757094576_0,2055,Low
osm_2168810026_11757094576_0,2054,Moderate
osm_2168810029_2168810030_0,2055,Low
osm_2168810029_10239603817_0,2055,Low
osm_2168810029_1944183726_0,197,Low
osm_2168810029_1944183726_0,2055,Low
osm_2168810030_1944183759_0,2055,Low
osm_2168810030_2168810029_0,2055,Low
osm_2168810030_2168810004_0,197,Low
osm_2168810030_2168810004_0,2055,Low
osm_2168810032_2168810035_0,898,Very Low
osm_2168810033_2168810035_0,898,Very Low
osm_2168810033_2168810035_0,2063,Low
osm_2168810035_11402782213_0,898,Very Low
osm_2168810035_2168810032_0,898,Very Low
osm_2168810035_2168810033_0,898,Very Low
osm_2168810035_2168810033_0,2063,Low
osm_2168810047_2168810049_0,838,Very Low
osm_2168810047_1944183844_0,838,Very Low
osm_2168810047_2168810052_0,838,Very Low
osm_2168810047_2168810052_0,1369,Very Low
osm_2168810049_2168810050_0,838,Very Low
osm_2168810049_2168810047_0,838,Very Low
osm_2168810049_1944183824_0,2054,Moderate
osm_2168810049_1944183824_0,838,Very Low
osm_2168810050_1944183845_0,838,Very Low
osm_2168810050_2168810049_0,838,Very Low
osm_2168810050_1944183774_0,2054,Moderate
osm_2168810050_1944183774_0,838,Very Low
osm_2168810052_2168810062_0,2057,Low
osm_2168810052_2168810062_0,838,Very Low
osm_2168810052_2168810062_0,898,Very Low
osm_2168810052_1944183838_0,838,Very Low
osm_2168810052_2168810047_0,838,Very Low
osm_2168810052_2168810047_0,1369,Very Low
osm_2168810062_2168810065_0,2057,Low
osm_2168810062_2168810065_0,2056,Moderate
osm_2168810062_2168810065_0,4021,High
osm_2168810062_2168810065_0,4022,Moderate
osm_2168810062_2168810052_0,2057,Low
osm_2168810062_2168810052_0,838,Very Low
osm_2168810062_2168810052_0,898,Very Low
osm_2168810062_11757094621_0,2057,Low
osm_2168810065_2230812043_0,2056,Moderate
osm_2168810065_2230812045_0,2056,Moderate
osm_2168810065_2168810062_0,2057,Low
osm_2168810065_2168810062_0,2056,Moderate
osm_2168810065_2168810062_0,4021,High
osm_2168810065_2168810062_0,4022,Moderate
osm_2168818035_11056036253_0,2063,Low
osm_2168818035_11056036253_1,838,Very Low
osm_2168818035_11056036253_1,898,Very Low
osm_2168818035_11056036253_1,2062,Moderate
osm_2168818035_11056036253_1,2063,Low
osm_2168818035_300450311_0,2063,Low
osm_2168854128_2168854137_0,195,Low
osm_2168854137_2168854128_0,195,Low
osm_2168854137_3926386341_0,195,Low
osm_2168854137_1454653747_0,195,Low
osm_2168854173_3926386342_0,195,Low
osm_2168854182_7800528131_0,195,Low
osm_2168854182_1952250981_0,195,Low
osm_2168854182_3926386342_0,195,Low
osm_2168854192_7800644210_0,195,Low
osm_2168854192_2168854202_0,195,Low
osm_2168854192_3926386343_0,195,Low
osm_2168854192_3926386343_0,2048,Low
osm_2168854202_7151309296_0,195,Low
osm_2168854202_2168854192_0,195,Low
osm_2168854202_355910976_0,195,Low
osm_2168854202_3926386344_0,195,Low
osm_2168854202_3926386344_0,2048,Low
osm_2168854204_355910976_0,195,Low
osm_2168854204_355910976_0,2048,Low
osm_2168854204_3926386344_0,2048,Low
osm_2168960104_11626010096_0,2064,Low
osm_2168960105_2168960107_0,210,Low
osm_2168960106_300159529_0,199,Low
osm_2168960106_300159070_0,199,Low
osm_2168960106_2168960109_0,199,Low
osm_2168960107_300183397_0,210,Low
osm_2168960107_2168960105_0,210,Low
osm_2168960107_1197444867_0,210,Low
osm_2168960108_277912693_0,210,Low
osm_2168960109_300159832_0,199,Low
osm_2168960109_12067413872_0,199,Low
osm_2168960109_2168960106_0,199,Low
osm_2168960112_300159867_0,2064,Low
osm_2168960112_2168960115_0,2064,Low
osm_2168960112_11190008351_0,2064,Low
osm_2168960112_11190008351_0,4061,Moderate
osm_2168960115_2168960112_0,2064,Low
osm_2168960115_11054248074_0,2064,Low
osm_2168960115_11190008352_0,2064,Low
osm_2168960116_6518316956_0,199,Low
osm_2168960117_300159832_0,199,Low
osm_2168960117_2168960127_0,199,Low
osm_2168960117_2168960119_0,199,Low
osm_2168960119_2168960117_0,199,Low
osm_2168960119_300184371_0,199,Low
osm_2168960119_6518316956_0,199,Low
osm_2168960127_2168960117_0,199,Low
osm_2168960127_277912704_0,199,Low
osm_2168960127_6518316956_0,199,Low
osm_2168960155_11625982860_0,199,Low
osm_2168960178_3729112486_0,199,Low
osm_2168960194_2168960219_0,199,Low
osm_2168960194_11058075115_0,199,Low
osm_2168960194_366081906_0,199,Low
osm_2168960201_300184118_0,199,Low
osm_2168960201_2168960204_0,199,Low
osm_2168960201_299880563_0,199,Low
osm_2168960203_300462967_0,354,Low
osm_2168960204_2168960211_0,199,Low
osm_2168960204_2168960209_0,199,Low
osm_2168960204_2168960201_0,199,Low
osm_2168960209_2168960204_0,199,Low
osm_2168960211_2168960218_0,199,Low
osm_2168960211_2168960204_0,199,Low
osm_2168960211_2168960213_0,199,Low
osm_2168960212_299880374_0,199,Low
osm_2168960212_7825577543_0,199,Low
osm_2168960212_299880590_0,199,Low
osm_2168960213_2168960211_0,199,Low
osm_2168960215_4221752130_0,354,Low
osm_2168960218_2168960211_0,199,Low
osm_2168960219_2168960194_0,199,Low
osm_2168960226_2168960231_0,199,Low
osm_2168960227_2168960228_0,354,Low
osm_2168960227_4221752132_0,354,Low
osm_2168960227_280086989_0,354,Low
osm_2168960228_300198100_0,354,Low
osm_2168960228_2168960227_0,354,Low
osm_2168960228_300198098_0,354,Low
osm_2168960231_7825577543_0,199,Low
osm_2168960231_11801377581_0,199,Low
osm_2168960231_2168960226_0,199,Low
osm_2168960238_2168960240_0,354,Low
osm_2168960240_2168960238_0,354,Low
osm_2168960240_13922289682_0,354,Low
osm_2197525463_9575558232_0,2122,Moderate
osm_2197525463_9575558232_0,2125,Low
osm_2197525463_12725165090_0,2122,Moderate
osm_2197525463_12725165090_0,2121,High
osm_2197525484_6451660876_0,1342,Low
osm_2197525484_8697656184_0,1342,Low
osm_2230781286_2230781289_0,899,Very Low
osm_2230781289_2230781286_0,899,Very Low
osm_2230781305_2230781311_0,899,Very Low
osm_2230781311_2230781305_0,899,Very Low
osm_2230781320_2230781322_0,899,Very Low
osm_2230781322_2230781320_0,899,Very Low
osm_2230781326_299883876_0,3664,Very High
osm_2230781326_11768230863_0,3664,Very High
osm_2230781326_7817675804_0,3664,Very High
osm_2230781326_7817675804_0,3993,Very High
osm_2230781347_2230781355_0,3993,Very High
osm_2230781347_2230781355_0,3995,High
osm_2230781350_1764122477_0,3664,Very High
osm_2230781350_1764122477_0,3993,Very High
osm_2230781355_300185261_0,3995,High
osm_2230781355_2230781347_0,3993,Very High
osm_2230781355_2230781347_0,3995,High
osm_2230781355_11430490206_0,3995,High
osm_2230781356_2230781361_0,898,Very Low
osm_2230781356_2230781361_0,2124,Low
osm_2230781358_11052195275_0,898,Very Low
osm_2230781358_6451745662_0,898,Very Low
osm_2230781358_2230781364_0,898,Very Low
osm_2230781361_2230781356_0,898,Very Low
osm_2230781361_2230781356_0,2124,Low
osm_2230781361_2230781363_0,898,Very Low
osm_2230781361_2230781363_0,2124,Low
osm_2230781361_11372711939_0,2124,Low
osm_2230781363_2230781361_0,898,Very Low
osm_2230781363_2230781361_0,2124,Low
osm_2230781363_6583378629_0,898,Very Low
osm_2230781363_11033533890_0,898,Very Low
osm_2230781363_11033533890_0,1345,Very Low
osm_2230781364_3674674972_0,898,Very Low
osm_2230781364_299881832_0,898,Very Low
osm_2230781364_299881832_0,1345,Very Low
osm_2230781364_11508183950_0,898,Very Low
osm_2230781364_2230781358_0,898,Very Low
osm_2230781367_2230781369_0,3993,Very High
osm_2230781367_2230781369_0,3669,Very High
osm_2230781367_2230781369_0,3995,High
osm_2230781369_300186084_0,3995,High
osm_2230781369_2230781367_0,3993,Very High
osm_2230781369_2230781367_0,3669,Very High
osm_2230781369_2230781367_0,3995,High
osm_2230781369_2167027610_0,3993,Very High
osm_2230781369_2167027610_0,3669,Very High
osm_2230781369_2167027610_0,3995,High
osm_2230781372_300464332_0,3993,Very High
osm_2230781372_300464332_0,3995,High
osm_2230781378_2167027609_0,3669,Very High
osm_2230781378_2167027612_0,3669,Very High
osm_2230781378_11626101438_0,3669,Very High
osm_2230781395_338250047_0,3991,High
osm_2230781395_299882961_0,1344,Very Low
osm_2230781395_299882961_0,3992,Moderate
osm_2230781395_299882961_0,3991,High
osm_2230781395_6583378201_0,3992,Moderate
osm_2230781395_6583378201_0,3991,High
osm_2230781397_2230781401_0,1344,Very Low
osm_2230781397_2230781401_0,3995,High
osm_2230781401_2166938861_0,1344,Very Low
osm_2230781401_2230781397_0,1344,Very Low
osm_2230781401_2230781397_0,3995,High
osm_2230781401_2166938844_0,1344,Very Low
osm_2230781401_2166938844_0,3995,High
osm_2230781440_1355465122_0,898,Very Low
osm_2230781440_11043269403_0,898,Very Low
osm_2230781446_300303465_0,898,Very Low
osm_2230781446_300303470_0,898,Very Low
osm_2230781446_2167149080_0,898,Very Low
osm_2230781449_2167149080_0,898,Very Low
osm_2230781452_299879549_0,1344,Very Low
osm_2230781452_299879549_0,3995,High
osm_2230781452_299879549_0,1345,Very Low
osm_2230812039_300455152_0,838,Very Low
osm_2230812039_1944183846_0,838,Very Low
osm_2230812039_2230812043_0,2056,Moderate
osm_2230812039_2230812043_0,838,Very Low
osm_2230812041_2230812043_0,2056,Moderate
osm_2230812041_11508096842_0,2056,Moderate
osm_2230812041_11508096844_0,2056,Moderate
osm_2230812041_11508096844_0,838,Very Low
osm_2230812043_2230812039_0,2056,Moderate
osm_2230812043_2230812039_0,838,Very Low
osm_2230812043_2230812041_0,2056,Moderate
osm_2230812043_2168810065_0,2056,Moderate
osm_2230812045_2168810065_0,2056,Moderate
osm_2230812045_11757094607_0,2056,Moderate
osm_2230812045_2230812046_0,2057,Low
osm_2230812045_2230812046_0,2056,Moderate
osm_2230812045_2230812046_0,4021,High
osm_2230812045_2230812046_0,4022,Moderate
osm_2230812046_11064659622_0,2057,Low
osm_2230812046_11757094621_0,2057,Low
osm_2230812046_2230812045_0,2057,Low
osm_2230812046_2230812045_0,2056,Moderate
osm_2230812046_2230812045_0,4021,High
osm_2230812046_2230812045_0,4022,Moderate
osm_2230812050_2230812058_0,2056,Moderate
osm_2230812050_11757094598_0,2056,Moderate
osm_2230812050_11757094629_0,2056,Moderate
osm_2230812057_11064659622_0,2057,Low
osm_2230812057_11054193202_0,2057,Low
osm_2230812057_1944183835_0,2057,Low
osm_2230812057_1944183835_0,838,Very Low
osm_2230812057_1944183835_0,898,Very Low
osm_2230812058_1141163651_0,2056,Moderate
osm_2230812058_2230812050_0,2056,Moderate
osm_2230812058_11054193202_0,2057,Low
osm_2230812058_11054193202_0,2056,Moderate
osm_2230812058_11054193202_0,4021,High
osm_2230812067_1141163651_0,2056,Moderate
osm_2230812067_2230812071_0,2057,Low
osm_2230812067_2230812071_0,2056,Moderate
osm_2230812067_11054226067_0,2057,Low
osm_2230812067_11054226067_0,2056,Moderate
osm_2230812071_2230812067_0,2057,Low
osm_2230812071_2230812067_0,2056,Moderate
osm_2230812071_11054206397_0,2056,Moderate
osm_2407561505_1403766610_0,898,Very Low
osm_2407564024_2407564026_0,3669,Very High
osm_2407564026_2407564024_0,3669,Very High
osm_2407564026_338341070_0,3669,Very High
osm_2407564026_2167027604_0,3670,Very High
osm_2407564026_2167027604_0,3669,Very High
osm_2407564026_2167027604_0,3995,High
osm_2407564027_2167027616_0,3995,High
osm_2407564028_2407564029_0,3669,Very High
osm_2407564028_11941450632_0,3669,Very High
osm_2407564028_2167027611_0,3669,Very High
osm_2407564029_2407564028_0,3669,Very High
osm_2407564029_11043604986_0,3669,Very High
osm_2407564029_2167027630_0,3669,Very High
osm_2407564048_325210282_0,199,Low
osm_2407564048_325210343_0,199,Low
osm_2407564048_11618411723_0,199,Low
osm_2407564048_300311871_0,199,Low
osm_2407565207_2407565208_0,2124,Low
osm_2407565207_2167149016_0,2124,Low
osm_2407565207_2167149026_0,2124,Low
osm_2407565208_2407565207_0,2124,Low
osm_2407565209_2407565211_0,211,Low
osm_2407565211_2407565209_0,211,Low
osm_2407565211_2407565215_0,211,Low
osm_2407565211_6445651767_0,211,Low
osm_2407565215_2407565211_0,211,Low
osm_2407565221_2167149156_0,898,Very Low
osm_2407565221_11794989078_0,898,Very Low
osm_2407565222_300463612_0,898,Very Low
osm_2407565222_2407565225_0,898,Very Low
osm_2407565222_338406836_0,898,Very Low
osm_2407565225_6305144013_0,898,Very Low
osm_2407565225_2407565222_0,898,Very Low
osm_2407565225_2407565231_0,898,Very Low
osm_2407565231_300165215_0,898,Very Low
osm_2407565231_300306125_0,898,Very Low
osm_2407565231_2407565225_0,898,Very Low
osm_2407565891_300195626_0,199,Low
osm_2407565891_243325994_0,199,Low
osm_2407565891_300463949_0,199,Low
osm_2407565892_243325994_0,199,Low
osm_2407565892_243325994_1,199,Low
osm_2407565895_11050703720_0,199,Low
osm_2407565895_11770224848_0,199,Low
osm_2407565895_4265654366_0,199,Low
osm_2442518721_325206683_0,199,Low
osm_2442518721_300463949_0,199,Low
osm_2442518721_277911472_0,199,Low
osm_2623043962_4304449135_0,2065,Low
osm_2623043962_4304449135_0,199,Low
osm_2669699417_338250166_0,3664,Very High
osm_2669699417_299876354_0,3664,Very High
osm_2669699417_2167027583_0,3664,Very High
osm_2669699417_2167027583_0,3993,Very High
osm_2669707478_6245898775_0,3993,Very High
osm_2669707478_7825587405_0,3993,Very High
osm_2669707478_2166791427_0,3664,Very High
osm_2669707478_2166791427_0,3993,Very High
osm_2918265438_13820964335_0,3664,Very High
osm_2918265438_7825587406_0,3664,Very High
osm_2918265438_6799854482_0,3664,Very High
osm_2987837510_3875133337_0,2124,Low
osm_2987837510_3875133337_0,211,Low
osm_2987837511_2167149115_0,898,Very Low
osm_2987837511_2167149115_0,2118,Low
osm_2987837511_2167149092_0,2118,Low
osm_2987837511_300372399_0,1410,Very Low
osm_2987837511_300372399_0,4063,Moderate
osm_2987837511_300372399_0,2118,Low
osm_3000047797_300159498_0,199,Low
osm_3187999864_300454915_0,2055,Low
osm_3187999864_300454915_0,2054,Moderate
osm_3187999864_1944183790_0,2054,Moderate
osm_3187999864_300455073_0,2054,Moderate
osm_3238555683_300164882_0,2124,Low
osm_3238555683_300304144_0,2124,Low
osm_3238555683_299880839_0,2124,Low
osm_3238555683_299880839_0,3996,Moderate
osm_3284810761_299878486_0,3995,High
osm_3419458798_11770224836_0,199,Low
osm_3419458798_300313002_0,2065,Low
osm_3419458798_300313002_0,4062,Moderate
osm_3419458798_300313002_0,199,Low
osm_3419458798_300312949_0,199,Low
osm_3426336738_3426336740_0,1409,Low
osm_3426336738_3426336740_0,4062,Moderate
osm_3426336738_3426336740_0,199,Low
osm_3426336738_300312864_0,199,Low
osm_3426336738_325207254_0,199,Low
osm_3426336740_3426336738_0,1409,Low
osm_3426336740_3426336738_0,4062,Moderate
osm_3426336740_3426336738_0,199,Low
osm_3426336740_300312835_0,4062,Moderate
osm_3426336740_300312864_0,1409,Low
osm_3426336740_300312864_0,4062,Moderate
osm_3426336740_300312864_0,199,Low
osm_3431404935_300463790_0,199,Low
osm_3431404935_325207131_0,199,Low
osm_3431404935_325207106_0,199,Low
osm_3431404936_300463790_0,199,Low
osm_3431404936_325207131_0,199,Low
osm_3431404936_325207251_0,2065,Low
osm_3431404936_325207251_0,199,Low
osm_3493019110_300463949_0,199,Low
osm_3493019110_277911472_0,199,Low
osm_3674393186_300163876_0,2063,Low
osm_3674393186_300163925_0,2063,Low
osm_3674393186_300163925_0,199,Low
osm_3674393186_330420169_0,2063,Low
osm_3674393186_330420169_0,199,Low
osm_3674393190_6497873011_0,2064,Low
osm_3674393190_330420162_0,2064,Low
osm_3674393190_330420146_0,199,Low
osm_3674393190_330420146_0,2064,Low
osm_3674393198_11770278951_0,199,Low
osm_3674393198_11770278946_0,199,Low
osm_3674393198_11770278948_0,199,Low
osm_3674393198_11770278948_0,2064,Low
osm_3674393212_330420229_0,4061,Moderate
osm_3674401325_300372147_0,210,Low
osm_3674401332_7802562800_0,210,Low
osm_3674401338_300191336_0,199,Low
osm_3674466519_14230268783_0,3989,Moderate
osm_3674469328_300157970_0,210,Low
osm_3674607059_330401235_0,3993,Very High
osm_3674674972_300165876_0,898,Very Low
osm_3674674972_300165876_0,2117,Low
osm_3674674972_2230781364_0,898,Very Low
osm_3674674972_6451745662_0,898,Very Low
osm_3674674973_338250053_0,3996,Moderate
osm_3684959089_338238827_0,2131,Low
osm_3684959089_338238821_0,2131,Low
osm_3684959089_338238821_0,898,Very Low
osm_3684959089_6451815451_0,2131,Low
osm_3729112486_6245847123_0,199,Low
osm_3729112486_2168960178_0,199,Low
osm_3729112486_313444419_0,199,Low
osm_3874187459_299881092_0,898,Very Low
osm_3874187459_299881956_0,898,Very Low
osm_3874187459_3874187460_0,898,Very Low
osm_3874187459_3874187460_0,1410,Very Low
osm_3874187460_299881313_0,898,Very Low
osm_3874187460_299881313_0,1410,Very Low
osm_3874187460_300303173_0,1410,Very Low
osm_3874187460_3874187459_0,898,Very Low
osm_3874187460_3874187459_0,1410,Very Low
osm_3875133337_3875696357_0,211,Low
osm_3875133337_2987837510_0,2124,Low
osm_3875133337_2987837510_0,211,Low
osm_3875133337_299883330_0,211,Low
osm_3875133338_3875696357_0,211,Low
osm_3875133338_299881054_0,211,Low
osm_3875133338_299883308_0,211,Low
osm_3875696357_3875133337_0,211,Low
osm_3875696357_3875133338_0,211,Low
osm_3875696357_299881938_0,2124,Low
osm_3875696357_299881938_0,211,Low
osm_3875696357_299881938_0,3996,Moderate
osm_3895061137_299881096_0,1344,Very Low
osm_3895061137_299881096_0,1345,Very Low
osm_3926386341_7800528131_0,195,Low
osm_3926386341_3926386342_0,195,Low
osm_3926386341_2168854137_0,195,Low
osm_3926386342_2168854173_0,195,Low
osm_3926386342_2168854182_0,195,Low
osm_3926386342_3926386343_0,195,Low
osm_3926386342_3926386343_0,2048,Low
osm_3926386342_3926386341_0,195,Low
osm_3926386343_2168854192_0,195,Low
osm_3926386343_2168854192_0,2048,Low
osm_3926386343_3926386342_0,195,Low
osm_3926386343_3926386342_0,2048,Low
osm_3926386343_7800752330_0,2048,Low
osm_3926386343_3926386344_0,2048,Low
osm_3926386344_2168854204_0,2048,Low
osm_3926386344_3926386343_0,2048,Low
osm_3926386344_13367154503_0,2048,Low
osm_3926386344_2168854202_0,195,Low
osm_3926386344_2168854202_0,2048,Low
osm_4151681121_1403766610_0,898,Very Low
osm_4151681121_11419669134_0,898,Very Low
osm_4151681121_11052271069_0,898,Very Low
osm_4151681121_11052271069_0,2117,Low
osm_4221752128_300462991_0,354,Low
osm_4221752128_4221752131_0,354,Low
osm_4221752129_4221752130_0,354,Low
osm_4221752130_4221752131_0,354,Low
osm_4221752130_4221752129_0,354,Low
osm_4221752130_2168960215_0,354,Low
osm_4221752131_4221752130_0,354,Low
osm_4221752131_4221752128_0,354,Low
osm_4221752131_4221752132_0,354,Low
osm_4221752132_2168960227_0,354,Low
osm_4221752132_300462991_0,354,Low
osm_4221752132_4221752131_0,354,Low
osm_4239226795_6818831853_0,3987,High
osm_4239226795_11612773137_0,3985,Very High
osm_4239226795_11612773137_0,3987,High
osm_4239226795_299879241_0,3985,Very High
osm_4239226795_299879241_0,3987,High
osm_4239226796_6818831853_0,3987,High
osm_4239226796_338341110_0,3987,High
osm_4239226796_5355073730_0,3985,Very High
osm_4239226796_5355073730_0,3987,High
osm_4239255895_10029118614_0,3988,High
osm_4239255895_14141791482_0,3988,High
osm_4239255895_4239255900_0,3988,High
osm_4239255900_1457503368_0,3985,Very High
osm_4239255900_1457503368_0,3988,High
osm_4239255900_4239255903_0,3985,Very High
osm_4239255900_4239255903_0,3988,High
osm_4239255903_1141163606_0,3985,Very High
osm_4239255903_338461201_0,3985,Very High
osm_4239255903_14137325193_0,3985,Very High
osm_4239255903_14137325193_0,1344,Very Low
osm_4239255903_14137325193_0,3988,High
osm_4252220047_10098223822_0,2059,High
osm_4252220047_10098223822_0,2062,Moderate
osm_4252220047_14141791489_0,2059,High
osm_4252220047_14141791489_0,2062,Moderate
osm_4252220047_14141791489_0,3988,High
osm_4252220047_5124315540_0,2059,High
osm_4252220047_5124315540_0,3673,Very High
osm_4252220048_11054524287_0,3673,Very High
osm_4252220048_5124315540_0,3673,Very High
osm_4252220048_1457503217_0,3673,Very High
osm_4252220057_1641564598_0,3985,Very High
osm_4252220057_1457503274_0,3985,Very High
osm_4252220057_4252220059_0,3985,Very High
osm_4252220057_4252220059_0,3988,High
osm_4252220058_2168576084_0,3985,Very High
osm_4252220058_1641564598_0,3985,Very High
osm_4252220058_4252220060_0,3985,Very High
osm_4252220058_4252220060_0,3988,High
osm_4252220059_4252220060_0,3988,High
osm_4252220059_338223248_0,3988,High
osm_4252220059_4252220057_0,3985,Very High
osm_4252220059_4252220057_0,3988,High
osm_4252220060_4252220059_0,3988,High
osm_4252220060_4252220058_0,3985,Very High
osm_4252220060_4252220058_0,3988,High
osm_4252220060_338223254_0,3985,Very High
osm_4252220060_338223254_0,3988,High
osm_4265546764_338417906_0,2063,Low
osm_4265546764_4265546765_0,2063,Low
osm_4265546764_4278284260_0,2063,Low
osm_4265546764_4278284260_0,199,Low
osm_4265546764_4926000719_0,2063,Low
osm_4265546765_4265546764_0,2063,Low
osm_4265546765_325209831_0,2063,Low
osm_4265546765_4278284251_0,2063,Low
osm_4265546765_2168576110_0,2063,Low
osm_4265546765_2168576110_0,199,Low
osm_4265547662_2146414137_0,199,Low
osm_4265547662_2146414136_0,199,Low
osm_4265547662_1640674279_0,2063,Low
osm_4265547662_1640674279_0,199,Low
osm_4265654355_4265654360_0,4062,Moderate
osm_4265654358_4265654359_0,199,Low
osm_4265654358_11770224843_0,199,Low
osm_4265654358_11770224846_0,2065,Low
osm_4265654358_11770224846_0,199,Low
osm_4265654359_300313188_0,2065,Low
osm_4265654359_300313188_0,199,Low
osm_4265654359_4265654358_0,199,Low
osm_4265654359_11770278892_0,2065,Low
osm_4265654359_11770278892_0,4062,Moderate
osm_4265654359_11770278892_0,199,Low
osm_4265654360_338440035_0,2065,Low
osm_4265654360_338440035_0,4062,Moderate
osm_4265654360_4265654355_0,4062,Moderate
osm_4265654360_11770278873_0,2065,Low
osm_4265654360_11770278873_0,4062,Moderate
osm_4265654365_11050668343_0,912,Very Low
osm_4265654365_11050668343_0,2065,Low
osm_4265654366_11050703720_0,199,Low
osm_4265654366_338440189_0,199,Low
osm_4265654366_2407565895_0,199,Low
osm_4265677246_325209345_0,199,Low
osm_4265677246_325209363_0,199,Low
osm_4265677246_4265677248_0,199,Low
osm_4265677248_300463861_0,199,Low
osm_4265677248_4278233222_0,199,Low
osm_4265677248_4265677246_0,199,Low
osm_4278233217_4278233218_0,199,Low
osm_4278233218_325210170_0,199,Low
osm_4278233218_4278233217_0,199,Low
osm_4278233218_300311870_0,199,Low
osm_4278233219_338461444_0,199,Low
osm_4278233220_325209149_0,199,Low
osm_4278233221_300311629_0,199,Low
osm_4278233222_4265677248_0,199,Low
osm_4278233222_325209363_0,199,Low
osm_4278233223_300463862_0,199,Low
osm_4278233223_2168591067_0,199,Low
osm_4278233223_2168591059_0,199,Low
osm_4278284248_300464593_0,3985,Very High
osm_4278284248_4278284249_0,3985,Very High
osm_4278284248_300464612_0,3985,Very High
osm_4278284249_300464841_0,3985,Very High
osm_4278284249_1457503368_0,3985,Very High
osm_4278284249_4278284248_0,3985,Very High
osm_4278284250_300464673_0,3985,Very High
osm_4278284251_4278284253_0,2063,Low
osm_4278284251_4265546765_0,2063,Low
osm_4278284251_2168576111_0,2063,Low
osm_4278284253_2168576111_0,2063,Low
osm_4278284253_2168576110_0,2063,Low
osm_4278284253_2168576110_0,199,Low
osm_4278284253_4278284251_0,2063,Low
osm_4278284257_6588259894_0,2063,Low
osm_4278284257_4278284259_0,2063,Low
osm_4278284257_5456056205_0,2063,Low
osm_4278284257_1528037753_0,2063,Low
osm_4278284259_325210202_0,2063,Low
osm_4278284259_4278284257_0,2063,Low
osm_4278284259_338417876_0,2063,Low
osm_4278284260_4265546764_0,2063,Low
osm_4278284260_4265546764_0,199,Low
osm_4294218142_338406549_0,2063,Low
osm_4294218143_338406549_0,2063,Low
osm_4294218143_11612748156_0,2063,Low
osm_4294218143_4294218144_0,2063,Low
osm_4294218144_4294218143_0,2063,Low
osm_4294218147_338406531_0,2063,Low
osm_4294218147_338461403_0,2063,Low
osm_4294218147_338406569_0,2063,Low
osm_4294274188_299879259_0,3985,Very High
osm_4294274197_4294274199_0,3988,High
osm_4294274199_2168576094_0,3988,High
osm_4294274199_2168576097_0,3988,High
osm_4294274199_4294274197_0,3988,High
osm_4294274199_300464753_0,3988,High
osm_4294274206_338461263_0,3988,High
osm_4294274206_1640665331_0,3988,High
osm_4294274206_4294274215_0,3988,High
osm_4294274206_4294274215_0,2063,Low
osm_4294274206_4294274215_0,3989,Moderate
osm_4294274209_4294274211_0,2056,Moderate
osm_4294274209_4294274211_0,838,Very Low
osm_4294274209_338461292_0,2056,Moderate
osm_4294274209_338461292_0,838,Very Low
osm_4294274209_338461288_0,2056,Moderate
osm_4294274209_338461288_0,4023,High
osm_4294274210_4294274216_0,2062,Moderate
osm_4294274210_4294274216_0,3988,High
osm_4294274210_4294274216_0,2063,Low
osm_4294274211_4294274209_0,2056,Moderate
osm_4294274211_4294274209_0,838,Very Low
osm_4294274214_338461302_0,898,Very Low
osm_4294274215_300455463_0,2063,Low
osm_4294274215_4294274216_0,2063,Low
osm_4294274215_4294274206_0,3988,High
osm_4294274215_4294274206_0,2063,Low
osm_4294274215_4294274206_0,3989,Moderate
osm_4294274216_4294274215_0,2063,Low
osm_4294274216_4294274210_0,2062,Moderate
osm_4294274216_4294274210_0,3988,High
osm_4294274216_4294274210_0,2063,Low
osm_4294274216_338461315_0,838,Very Low
osm_4294274216_338461315_0,2062,Moderate
osm_4294274216_338461315_0,2063,Low
osm_4300667146_300313356_0,199,Low
osm_4300667151_338223272_0,199,Low
osm_4300667151_325207279_0,199,Low
osm_4300667151_4358646185_0,199,Low
osm_4304449135_2623043962_0,2065,Low
osm_4304449135_2623043962_0,199,Low
osm_4304449135_11795012983_0,2065,Low
osm_4304449135_325207278_0,2065,Low
osm_4335418563_300463828_0,199,Low
osm_4335418563_300463827_0,199,Low
osm_4335418563_4335418564_0,199,Low
osm_4335418564_300463822_0,199,Low
osm_4335418564_4335418563_0,199,Low
osm_4335418564_300463817_0,199,Low
osm_4358646185_325207257_0,199,Low
osm_4358646185_300312949_0,199,Low
osm_4358646185_4300667151_0,199,Low
osm_4450473918_338417906_0,2063,Low
osm_4450473918_4926000719_0,2063,Low
osm_4450536983_338461089_0,2062,Moderate
osm_4450536983_338461089_0,3988,High
osm_4450536983_300464860_0,3988,High
osm_4450536983_4450539389_0,2062,Moderate
osm_4450536983_4450539389_0,3988,High
osm_4450536983_4450539389_0,2063,Low
osm_4450539389_338461084_0,2063,Low
osm_4450539389_4450539390_0,2063,Low
osm_4450539389_4450536983_0,2062,Moderate
osm_4450539389_4450536983_0,3988,High
osm_4450539389_4450536983_0,2063,Low
osm_4450539390_1457503505_0,2063,Low
osm_4450539390_338461071_0,2062,Moderate
osm_4450539390_338461071_0,2063,Low
osm_4450539390_4450539389_0,2063,Low
osm_4450539392_1457503511_0,2063,Low
osm_4450539392_300464597_0,2063,Low
osm_4450539392_4452088814_0,2063,Low
osm_4450560887_300464572_0,3985,Very High
osm_4450560887_1641561887_0,3673,Very High
osm_4450560887_1641561887_0,3985,Very High
osm_4450560887_11054635080_0,3985,Very High
osm_4450561191_14014630764_0,3988,High
osm_4452088812_4452088814_0,2063,Low
osm_4452088814_300464915_0,2063,Low
osm_4452088814_4450539392_0,2063,Low
osm_4452088814_4452088812_0,2063,Low
osm_4785530716_4785530717_0,1410,Very Low
osm_4785530717_4785530716_0,1410,Very Low
osm_4785530717_300372306_0,1410,Very Low
osm_4785530717_4785532043_0,1410,Very Low
osm_4785532043_4785530717_0,1410,Very Low
osm_4793221893_2166791426_0,3664,Very High
osm_4793234005_2166791425_0,3664,Very High
osm_4926000719_325210401_0,2063,Low
osm_4926000719_325210401_0,199,Low
osm_4926000719_4450473918_0,2063,Low
osm_4926000719_4265546764_0,2063,Low
osm_5124315540_11465342525_0,3673,Very High
osm_5124315540_4252220047_0,2059,High
osm_5124315540_4252220047_0,3673,Very High
osm_5124315540_4252220048_0,3673,Very High
osm_5124315541_11054524287_0,3673,Very High
osm_5124315541_11465342525_0,3673,Very High
osm_5124315541_11465342524_0,3673,Very High
osm_5124315541_11465342524_0,3985,Very High
osm_5355073730_5355073731_0,837,Very Low
osm_5355073730_5355073731_0,3985,Very High
osm_5355073730_5355073731_0,1022,Very Low
osm_5355073730_5355073731_0,1343,Very Low
osm_5355073730_5355073731_0,1342,Low
osm_5355073730_14136671924_0,3985,Very High
osm_5355073730_14136671924_0,1342,Low
osm_5355073730_4239226796_0,3985,Very High
osm_5355073730_4239226796_0,3987,High
osm_5355073731_5355073730_0,837,Very Low
osm_5355073731_5355073730_0,3985,Very High
osm_5355073731_5355073730_0,1022,Very Low
osm_5355073731_5355073730_0,1343,Very Low
osm_5355073731_5355073730_0,1342,Low
osm_5355073731_13747462079_0,837,Very Low
osm_5355073731_13747462079_0,2061,Moderate
osm_5355073731_13747462079_0,1021,Very Low
osm_5355073731_13747462079_0,4999,High
osm_5355073731_13747462079_0,1022,Very Low
osm_5355073731_338341116_0,2069,Low
osm_5355073731_338341116_0,1022,Very Low
osm_5388533196_5388533197_0,2124,Low
osm_5388533197_5388533196_0,2124,Low
osm_5388533197_299883945_0,2124,Low
osm_5388533197_5388533198_0,2124,Low
osm_5388533198_5388533197_0,2124,Low
osm_5388533200_338223259_0,2124,Low
osm_5388533200_338223259_0,3996,Moderate
osm_5388533203_1751203571_0,2124,Low
osm_5388533203_1751203571_0,211,Low
osm_5388533203_2167148976_0,2124,Low
osm_5388533203_2167148976_0,211,Low
osm_5388533203_2167149032_0,2124,Low
osm_5388533203_2167149032_0,211,Low
osm_5456056205_4278284257_0,2063,Low
osm_5456056205_12156990400_0,2063,Low
osm_5458540726_6305444564_0,898,Very Low
osm_5458540727_6305444564_0,898,Very Low
osm_5458540727_6305444564_0,2124,Low
osm_6245847122_300159817_0,199,Low
osm_6245847122_299880505_0,199,Low
osm_6245847122_6245847123_0,199,Low
osm_6245847123_3729112486_0,199,Low
osm_6245847123_6245847122_0,199,Low
osm_6245847123_299880563_0,199,Low
osm_6245878228_11601535938_0,3664,Very High
osm_6245878228_2918265438_0,6015,Very High
osm_6245878228_2918265438_0,6014,Low
osm_6245878228_2918265438_0,3664,Very High
osm_6245878228_2166739455_0,6015,Very High
osm_6245878228_2166739455_0,6014,Low
osm_6245878228_2166739455_0,3664,Very High
osm_6245898775_6307351119_0,3993,Very High
osm_6245898775_6307351119_0,3995,High
osm_6245898775_338250169_0,3664,Very High
osm_6245898775_338250169_0,3993,Very High
osm_6245899875_6245941237_0,3995,High
osm_6245899875_338249922_0,1344,Very Low
osm_6245899875_338249922_0,3995,High
osm_6245904904_299883714_0,211,Low
osm_6245904904_2167027821_0,211,Low
osm_6245904904_300464018_0,211,Low
osm_6245918932_299879272_0,3673,Very High
osm_6245918932_299879272_0,3985,Very High
osm_6245918932_1457503214_0,3985,Very High
osm_6245918932_1986353938_0,3985,Very High
osm_6245941236_6245941237_0,3995,High
osm_6245941236_1355465117_0,1344,Very Low
osm_6245941236_1355465117_0,3995,High
osm_6245941237_6245941236_0,3995,High
osm_6245941237_978534827_0,1344,Very Low
osm_6245941237_978534827_0,3995,High
osm_6245972922_6305009113_0,199,Low
osm_6245972922_299886616_0,199,Low
osm_6245972922_2167149252_0,2063,Low
osm_6245972922_2167149252_0,199,Low
osm_6245972922_6304943212_0,199,Low
osm_6304903884_299383104_0,2124,Low
osm_6304903884_299383104_0,211,Low
osm_6304903884_299880835_0,2124,Low
osm_6304903884_299383124_0,2124,Low
osm_6304943208_299382713_0,199,Low
osm_6304943208_300469152_0,199,Low
osm_6304943208_6304943212_0,199,Low
osm_6304943212_6245972922_0,199,Low
osm_6304943212_299382813_0,199,Low
osm_6304943212_6304943208_0,199,Low
osm_6305009113_6305009114_0,2063,Low
osm_6305009113_6305009114_0,199,Low
osm_6305009113_6245972922_0,199,Low
osm_6305009113_277912040_0,199,Low
osm_6305009114_6305009113_0,2063,Low
osm_6305009114_6305009113_0,199,Low
osm_6305009114_2167149252_0,2063,Low
osm_6305009114_299385806_0,2063,Low
osm_6305009114_299385806_0,199,Low
osm_6305062118_2166938926_0,1344,Very Low
osm_6305062118_11622320580_0,1344,Very Low
osm_6305062118_11622320580_0,3995,High
osm_6305062118_1789988690_0,1344,Very Low
osm_6305098300_277912051_0,1344,Very Low
osm_6305098300_277912051_0,1342,Low
osm_6305098300_338238948_0,838,Very Low
osm_6305098300_338238948_0,1344,Very Low
osm_6305098300_6305098301_0,1344,Very Low
osm_6305098301_299883152_0,3993,Very High
osm_6305098301_299883152_0,1344,Very Low
osm_6305098301_299883152_0,3995,High
osm_6305098301_6305098300_0,1344,Very Low
osm_6305098301_6451756165_0,838,Very Low
osm_6305098301_6451756165_0,1344,Very Low
osm_6305102364_299881118_0,1344,Very Low
osm_6305102364_299881118_0,1345,Very Low
osm_6305102364_299881097_0,1344,Very Low
osm_6305102364_299881964_0,838,Very Low
osm_6305102364_299881964_0,898,Very Low
osm_6305102364_299881964_0,1344,Very Low
osm_6305116562_299385380_0,210,Low
osm_6305141294_300164819_0,199,Low
osm_6305141294_300159995_0,199,Low
osm_6305141294_300159994_0,199,Low
osm_6305144013_2407565225_0,898,Very Low
osm_6305144013_300463612_0,898,Very Low
osm_6305239490_300303409_0,898,Very Low
osm_6305239490_299881958_0,898,Very Low
osm_6305239490_6305239491_0,898,Very Low
osm_6305239491_300374764_0,898,Very Low
osm_6305239491_6305239490_0,898,Very Low
osm_6305239491_300374821_0,898,Very Low
osm_6305258154_299878391_0,3995,High
osm_6305258154_11059326364_0,3995,High
osm_6305258154_11059326364_0,2124,Low
osm_6305258154_11059326364_0,3996,Moderate
osm_6305258154_299878370_0,1344,Very Low
osm_6305258154_299878370_0,3995,High
osm_6305284075_313444419_0,199,Low
osm_6305284075_6305284076_0,199,Low
osm_6305284075_313444432_0,199,Low
osm_6305284076_300159803_0,199,Low
osm_6305284076_300159817_0,199,Low
osm_6305284076_6305284075_0,199,Low
osm_6305444564_300463599_0,898,Very Low
osm_6305444564_300463599_0,1345,Very Low
osm_6305444564_5458540726_0,898,Very Low
osm_6305444564_5458540727_0,898,Very Low
osm_6305444564_5458540727_0,2124,Low
osm_6307220900_9044775944_0,1344,Very Low
osm_6307220900_2166938766_0,1344,Very Low
osm_6307220900_338249916_0,1344,Very Low
osm_6307225153_1457503224_0,3673,Very High
osm_6307225153_1457503217_0,3673,Very High
osm_6307225153_1457503216_0,3673,Very High
osm_6307225153_1457503216_0,3985,Very High
osm_6307234631_299880835_0,2124,Low
osm_6307234631_300304089_0,2124,Low
osm_6307234631_299383124_0,2124,Low
osm_6307239350_2167027835_0,3995,High
osm_6307239350_6307239351_0,3995,High
osm_6307239350_299881944_0,3995,High
osm_6307239351_6307239350_0,3995,High
osm_6307239351_2167027852_0,3995,High
osm_6307239351_299878685_0,3995,High
osm_6307294329_11348353000_0,1345,Very Low
osm_6307294329_338249955_0,1345,Very Low
osm_6307294329_338249955_0,3992,Moderate
osm_6307294329_11508183950_0,898,Very Low
osm_6307294329_11508183950_0,1345,Very Low
osm_6307304508_11372653335_0,898,Very Low
osm_6307335816_7806767023_0,2117,Low
osm_6307335816_300165876_0,2117,Low
osm_6307335816_299881827_0,2117,Low
osm_6307339499_299879549_0,1345,Very Low
osm_6307339499_300188445_0,1345,Very Low
osm_6307339499_300305467_0,1345,Very Low
osm_6307339504_300305468_0,1344,Very Low
osm_6307339504_300305467_0,1344,Very Low
osm_6307339504_300305467_0,1345,Very Low
osm_6307339504_300304760_0,1344,Very Low
osm_6307339504_300304760_0,3995,High
osm_6307351119_1355465116_0,1344,Very Low
osm_6307351119_1355465116_0,3995,High
osm_6307351119_338250110_0,3664,Very High
osm_6307351119_338250110_0,3665,Very High
osm_6307351119_338250110_0,3995,High
osm_6318051102_299382594_0,2063,Low
osm_6318051102_299382594_0,199,Low
osm_6318051102_299382591_0,199,Low
osm_6318051102_300303930_0,199,Low
osm_6444819411_366081888_0,911,Very Low
osm_6444819411_366081888_0,1407,Very Low
osm_6444819411_366081888_0,2064,Low
osm_6444819411_366081889_0,1407,Very Low
osm_6444819411_366081887_0,1407,Very Low
osm_6444890773_2167149073_0,2124,Low
osm_6444890773_2167149075_0,2124,Low
osm_6444890773_300165584_0,2124,Low
osm_6444948939_299881958_0,898,Very Low
osm_6444948939_299881958_0,1410,Very Low
osm_6444948939_299881731_0,1410,Very Low
osm_6444948939_2167149131_0,1410,Very Low
osm_6444989179_300183383_0,210,Low
osm_6444989179_300183382_0,210,Low
osm_6444989179_7802562800_0,210,Low
osm_6444993156_299883587_0,898,Very Low
osm_6444993156_300165222_0,898,Very Low
osm_6444993156_11770291505_0,898,Very Low
osm_6445002199_6445002201_0,1410,Very Low
osm_6445002200_338223260_0,1410,Very Low
osm_6445002200_6445002201_0,1410,Very Low
osm_6445002200_300374494_0,1410,Very Low
osm_6445002201_6445002200_0,1410,Very Low
osm_6445002201_300165527_0,1410,Very Low
osm_6445002201_6445002199_0,1410,Very Low
osm_6445033946_299383250_0,3995,High
osm_6445033946_299383250_0,2123,Moderate
osm_6445033946_299383250_0,2124,Low
osm_6445033946_300304304_0,2124,Low
osm_6445033946_300304470_0,2123,Moderate
osm_6445033946_300304470_0,2124,Low
osm_6445033946_300304470_0,211,Low
osm_6445038355_299880477_0,2064,Low
osm_6445038355_11626010096_0,2064,Low
osm_6445038355_11626010094_0,2064,Low
osm_6445040425_300164805_0,2064,Low
osm_6445040425_300160268_0,2064,Low
osm_6445040425_300159993_0,2064,Low
osm_6445046253_299383048_0,2063,Low
osm_6445046253_338223175_0,2063,Low
osm_6445046253_6445046255_0,3988,High
osm_6445046253_6445046255_0,2063,Low
osm_6445046253_6445046255_0,3989,Moderate
osm_6445046255_11259219735_0,3988,High
osm_6445046255_11259219735_0,3989,Moderate
osm_6445046255_6445046253_0,3988,High
osm_6445046255_6445046253_0,2063,Low
osm_6445046255_6445046253_0,3989,Moderate
osm_6445046255_11259219736_0,1344,Very Low
osm_6445046255_11259219736_0,3988,High
osm_6445046257_2167149158_0,1344,Very Low
osm_6445046257_6445046905_0,1344,Very Low
osm_6445046257_11259219736_0,1344,Very Low
osm_6445046904_300304457_0,3995,High
osm_6445046904_299881867_0,3995,High
osm_6445046904_6445046905_0,1344,Very Low
osm_6445046904_6445046905_0,3995,High
osm_6445046905_6445046257_0,1344,Very Low
osm_6445046905_2167149162_0,1344,Very Low
osm_6445046905_6445046904_0,1344,Very Low
osm_6445046905_6445046904_0,3995,High
osm_6445112585_300134655_0,210,Low
osm_6445112585_6445112586_0,210,Low
osm_6445112585_300134220_0,210,Low
osm_6445112585_299883183_0,210,Low
osm_6445112586_338223192_0,210,Low
osm_6445112586_6445112585_0,210,Low
osm_6445191536_2167027821_0,211,Low
osm_6445191536_299883714_0,211,Low
osm_6445191536_2167027825_0,211,Low
osm_6445277942_325209560_0,199,Low
osm_6445302904_366081898_0,199,Low
osm_6445302904_366081898_0,2064,Low
osm_6445302904_366081896_0,199,Low
osm_6445302904_366081901_0,199,Low
osm_6445481216_338466125_0,898,Very Low
osm_6445651767_2407565211_0,211,Low
osm_6451339709_11192479772_0,3993,Very High
osm_6451339709_11192479773_0,3993,Very High
osm_6451339709_6451339710_0,3993,Very High
osm_6451339709_6451339710_0,3995,High
osm_6451339710_300464381_0,3995,High
osm_6451339710_300464383_0,3995,High
osm_6451339710_6451339709_0,3993,Very High
osm_6451339710_6451339709_0,3995,High
osm_6451584412_6245899875_0,1344,Very Low
osm_6451584412_6245899875_0,3995,High
osm_6451584412_338249923_0,1344,Very Low
osm_6451643707_2167027598_0,1342,Low
osm_6451643707_338249919_0,1344,Very Low
osm_6451643707_338249919_0,1342,Low
osm_6451643707_338249921_0,1344,Very Low
osm_6451643707_338249921_0,1342,Low
osm_6451658877_299883970_0,3664,Very High
osm_6451658877_299883969_0,3664,Very High
osm_6451658877_299883210_0,3664,Very High
osm_6451660876_299879174_0,3993,Very High
osm_6451660876_299879174_0,1342,Low
osm_6451660876_299879177_0,1344,Very Low
osm_6451660876_299879177_0,1342,Low
osm_6451736134_6451736135_0,2117,Low
osm_6451736134_2166938857_0,1344,Very Low
osm_6451736134_2166938857_0,3992,Moderate
osm_6451736134_2166938857_0,3991,High
osm_6451736134_2166938857_0,2117,Low
osm_6451736135_6451736134_0,2117,Low
osm_6451736135_6583386224_0,2117,Low
osm_6451736135_7806646857_0,2117,Low
osm_6451743930_338250159_0,3993,Very High
osm_6451743930_338250107_0,3993,Very High
osm_6451743930_300367953_0,3993,Very High
osm_6451743930_300367953_0,1342,Low
osm_6451745662_2230781358_0,898,Very Low
osm_6451745662_3674674972_0,898,Very Low
osm_6451745662_299881827_0,898,Very Low
osm_6451745662_299881827_0,2117,Low
osm_6451745662_6585493710_0,898,Very Low
osm_6451745662_6585493710_0,209,Low
osm_6451756165_6305098301_0,838,Very Low
osm_6451756165_6305098301_0,1344,Very Low
osm_6451777326_300368165_0,838,Very Low
osm_6451777326_300368165_0,898,Very Low
osm_6451777326_299883099_0,898,Very Low
osm_6451777326_299883113_0,898,Very Low
osm_6451797998_9044763920_0,3993,Very High
osm_6451797998_338249915_0,3993,Very High
osm_6451797998_338249916_0,3993,Very High
osm_6451797998_338249916_0,1344,Very Low
osm_6451797998_338249916_0,3995,High
osm_6451815451_2166857702_0,2131,Low
osm_6451815451_3684959089_0,2131,Low
osm_6451815451_338238919_0,2131,Low
osm_6451815451_338238919_0,212,Low
osm_6452022958_2166938861_0,1344,Very Low
osm_6452022958_2166938872_0,1344,Very Low
osm_6452022958_338250040_0,1344,Very Low
osm_6496531946_300164133_0,2064,Low
osm_6496531946_11770278962_0,2064,Low
osm_6496531946_300164148_0,199,Low
osm_6496531946_300164148_0,2064,Low
osm_6496531946_300164147_0,2064,Low
osm_6497631097_339287175_0,354,Low
osm_6497631097_7826394697_0,354,Low
osm_6497631097_300198100_0,354,Low
osm_6497684538_300165127_0,3989,Moderate
osm_6497684538_300165131_0,3989,Moderate
osm_6497684538_300165130_0,2063,Low
osm_6497684538_300165130_0,3989,Moderate
osm_6497689886_299880833_0,2124,Low
osm_6497689886_299881750_0,2124,Low
osm_6497689886_6497689887_0,2063,Low
osm_6497689886_6497689887_0,2124,Low
osm_6497689887_299382923_0,2063,Low
osm_6497689887_299382923_0,5053,Low
osm_6497689887_299382923_0,5052,Low
osm_6497689887_300303931_0,2063,Low
osm_6497689887_300303931_0,2124,Low
osm_6497689887_300303931_0,211,Low
osm_6497689887_6497689886_0,2063,Low
osm_6497689887_6497689886_0,2124,Low
osm_6497873011_3674393190_0,2064,Low
osm_6497873011_6795313110_0,2064,Low
osm_6497873011_300162588_0,199,Low
osm_6497873011_300162588_0,2064,Low
osm_6498272044_300164886_0,3995,High
osm_6498272044_6498272045_0,3995,High
osm_6498272044_299878550_0,3995,High
osm_6498272044_299878550_0,2123,Moderate
osm_6498272045_6498272044_0,3995,High
osm_6498272045_300164902_0,3995,High
osm_6498272045_300164902_1,3995,High
osm_6498321179_11185858379_0,2124,Low
osm_6498321179_11185858379_0,3996,Moderate
osm_6498321179_299881945_0,2124,Low
osm_6498321179_6498321180_0,898,Very Low
osm_6498321179_6498321180_0,2124,Low
osm_6498321180_11591529924_0,898,Very Low
osm_6498321180_11301565297_0,898,Very Low
osm_6498321180_11301565297_0,1345,Very Low
osm_6498321180_6498321179_0,898,Very Low
osm_6498321180_6498321179_0,2124,Low
osm_6502889951_2167148951_0,2124,Low
osm_6502889951_6502889952_0,2124,Low
osm_6502889951_2167148944_0,2124,Low
osm_6502889952_2167148965_0,2124,Low
osm_6502889952_2167148962_0,2124,Low
osm_6502889952_6502889951_0,2124,Low
osm_6502990193_6502990194_0,1344,Very Low
osm_6502990193_4151681121_0,838,Very Low
osm_6502990193_4151681121_0,898,Very Low
osm_6502990193_4151681121_0,1344,Very Low
osm_6502990194_978534729_0,1344,Very Low
osm_6502990194_6502990193_0,1344,Very Low
osm_6518316956_2168960127_0,199,Low
osm_6518316956_2168960116_0,199,Low
osm_6518316956_2168960119_0,199,Low
osm_6547624283_6547624284_0,199,Low
osm_6547624284_325209851_0,199,Low
osm_6547624284_325209833_0,199,Low
osm_6547624284_6547624283_0,199,Low
osm_6547635085_325209851_0,199,Low
osm_6552436476_6552436477_0,199,Low
osm_6552436477_325209310_0,199,Low
osm_6552436477_300311903_0,199,Low
osm_6552436477_6552436476_0,199,Low
osm_6583208815_1751205809_0,2124,Low
osm_6583208815_1751205809_0,211,Low
osm_6583208815_10120160596_0,211,Low
osm_6583378201_12027822375_0,3992,Moderate
osm_6583378201_338222985_0,3992,Moderate
osm_6583378201_338222985_0,2117,Low
osm_6583378201_2230781395_0,3992,Moderate
osm_6583378201_2230781395_0,3991,High
osm_6583378629_2230781363_0,898,Very Low
osm_6583386224_2166938870_0,2117,Low
osm_6583386224_6451736135_0,2117,Low
osm_6585493710_299881828_0,209,Low
osm_6585493710_299881827_0,209,Low
osm_6585493710_299881827_0,2117,Low
osm_6585493710_6451745662_0,898,Very Low
osm_6585493710_6451745662_0,209,Low
osm_6585805338_7806670128_0,209,Low
osm_6585911002_299881828_0,209,Low
osm_6586062047_6586062048_0,838,Very Low
osm_6586062047_6586062048_0,898,Very Low
osm_6586062048_6586062047_0,838,Very Low
osm_6586062048_6586062047_0,898,Very Low
osm_6586062048_338239003_0,838,Very Low
osm_6586062048_338239003_0,898,Very Low
osm_6586062048_300368042_0,898,Very Low
osm_6588171743_300164212_0,199,Low
osm_6588171743_300164286_0,199,Low
osm_6588171743_338440225_0,199,Low
osm_6588259894_2168576111_0,2063,Low
osm_6588259894_4278284257_0,2063,Low
osm_6588259894_6588259895_0,2063,Low
osm_6588259895_5456056205_0,2063,Low
osm_6588259895_6588259894_0,2063,Low
osm_6588360700_299877035_0,3666,Very High
osm_6588360700_6588360701_0,5003,Very High
osm_6588360700_6588360701_0,3666,Very High
osm_6588360700_2166705624_0,3666,Very High
osm_6588360700_2166705624_0,1161,Low
osm_6588360701_299876133_0,5003,Very High
osm_6588360701_6588360700_0,5003,Very High
osm_6588360701_6588360700_0,3666,Very High
osm_6588360701_2166705620_0,5003,Very High
osm_6588360701_2166705620_0,3666,Very High
osm_6590123061_2166791407_0,3997,Very High
osm_6590123061_338238785_0,3997,Very High
osm_6590123061_338238785_0,3666,Very High
osm_6590123062_2166791411_0,3997,Very High
osm_6590123062_2166791411_0,3998,High
osm_6590123062_2166791411_0,3666,Very High
osm_6590123062_299883116_0,3666,Very High
osm_6590123062_2166791407_0,3997,Very High
osm_6590123062_2166791407_0,3666,Very High
osm_6590245066_6590245067_0,212,Low
osm_6590245066_280520945_0,212,Low
osm_6590245066_322806435_0,2131,Low
osm_6590245066_322806435_0,212,Low
osm_6590245067_6590245066_0,212,Low
osm_6590245067_12483820299_0,212,Low
osm_6590245067_280520945_0,212,Low
osm_6590299728_10281683507_0,3997,Very High
osm_6595530675_338461701_0,1370,Very Low
osm_6595530678_338461701_0,838,Very Low
osm_6595530678_338461701_0,1370,Very Low
osm_6595530678_338466322_0,838,Very Low
osm_6595530678_338466322_0,898,Very Low
osm_6595530680_338466283_0,898,Very Low
osm_6595530680_338466317_0,898,Very Low
osm_6595580907_338406543_0,2062,Moderate
osm_6595580907_338406543_0,3988,High
osm_6595580907_338406543_0,2063,Low
osm_6637715204_7806766992_0,199,Low
osm_6786335837_6786335841_0,3669,Very High
osm_6786335838_6786335839_0,3669,Very High
osm_6786335839_6786335838_0,3669,Very High
osm_6786335839_2167027634_0,3669,Very High
osm_6786335839_2167027707_0,3669,Very High
osm_6786335840_6786335841_0,3669,Very High
osm_6786335841_6786335840_0,3669,Very High
osm_6786335841_2167027634_0,3669,Very High
osm_6786335841_6786335837_0,3669,Very High
osm_6790374470_300196394_0,2120,Low
osm_6790374470_300196394_0,210,Low
osm_6790387533_6790387534_0,4061,Moderate
osm_6790387534_330420173_0,4061,Moderate
osm_6790387534_300192045_0,4061,Moderate
osm_6790387534_6790387533_0,4061,Moderate
osm_6795313107_11054461468_0,4061,Moderate
osm_6795313107_300164008_0,4061,Moderate
osm_6795313107_330420199_0,4061,Moderate
osm_6795313110_299386190_0,199,Low
osm_6795313110_299386190_0,2064,Low
osm_6795313110_6497873011_0,2064,Low
osm_6795313110_11419436624_0,2064,Low
osm_6799854479_299876628_0,3664,Very High
osm_6799854479_299876628_0,1161,Low
osm_6799854479_6799854480_0,3664,Very High
osm_6799854479_2166739484_0,6015,Very High
osm_6799854479_2166739484_0,6014,Low
osm_6799854479_2166739484_0,3664,Very High
osm_6799854480_6799854479_0,3664,Very High
osm_6799854480_2166739484_0,6015,Very High
osm_6799854480_2166739484_0,6014,Low
osm_6799854480_2166739484_0,3664,Very High
osm_6799854480_6799854482_0,3664,Very High
osm_6799854482_299876628_0,3664,Very High
osm_6799854482_299876628_0,1161,Low
osm_6799854482_6799854480_0,3664,Very High
osm_6799854482_6799854483_0,3664,Very High
osm_6799854482_2918265438_0,3664,Very High
osm_6799854483_6799854482_0,3664,Very High
osm_6801270882_299385934_0,199,Low
osm_6801270882_300159995_0,199,Low
osm_6801270882_313444569_0,199,Low
osm_6801270882_313444569_0,2064,Low
osm_6812001750_6812001753_0,911,Very Low
osm_6812001750_6812001753_0,1407,Very Low
osm_6812001750_6812001753_1,911,Very Low
osm_6812001750_6812001753_1,1407,Very Low
osm_6812001753_6812001750_0,911,Very Low
osm_6812001753_6812001750_0,1407,Very Low
osm_6812001753_7111954111_0,199,Low
osm_6812001753_7111954111_0,911,Very Low
osm_6812001753_7111954111_0,1407,Very Low
osm_6812001753_7111954111_0,2064,Low
osm_6818831853_4239226796_0,3987,High
osm_6818831853_4239226795_0,3987,High
osm_6818831853_11612773138_0,3987,High
osm_7016048930_299883747_0,898,Very Low
osm_7016048930_299883747_0,2124,Low
osm_7018373640_1141164395_0,3985,Very High
osm_7018373640_1141163606_0,3985,Very High
osm_7030307788_7030307790_0,3995,High
osm_7030307789_7030307790_0,3995,High
osm_7030307790_7030307788_0,3995,High
osm_7030307790_7030307789_0,3995,High
osm_7030307790_7030307791_0,3995,High
osm_7030307791_11612670134_0,3995,High
osm_7030307791_338440036_0,3995,High
osm_7030307791_7030307790_0,3995,High
osm_7111954110_7111954111_0,199,Low
osm_7111954110_338406760_0,199,Low
osm_7111954111_7111954112_0,199,Low
osm_7111954112_249112798_0,199,Low
osm_7111954112_11938949875_0,199,Low
osm_7151309296_7151309300_0,195,Low
osm_7151309296_2168854202_0,195,Low
osm_7151309296_7800644208_0,195,Low
osm_7151309300_7151309296_0,195,Low
osm_7151309300_300450313_0,195,Low
osm_7151309300_7800644208_0,195,Low
osm_7169838473_299878131_0,3995,High
osm_7169845535_7169845532_0,3995,High
osm_7266494417_7266494418_0,199,Low
osm_7266494418_7266494419_0,199,Low
osm_7266494418_7266494419_0,2064,Low
osm_7266494418_338440272_0,199,Low
osm_7266494418_7266494417_0,199,Low
osm_7266494419_338440271_0,2064,Low
osm_7266494419_7266494418_0,199,Low
osm_7266494419_7266494418_0,2064,Low
osm_7266494419_11770278933_0,911,Very Low
osm_7266494419_11770278933_0,2064,Low
osm_7266494420_300313031_0,911,Very Low
osm_7266494420_11770278929_0,911,Very Low
osm_7800528096_2168557380_0,3941,Very High
osm_7800528096_7801174405_0,3941,Very High
osm_7800528096_7800528098_0,1300,Low
osm_7800528096_7800528098_0,3941,Very High
osm_7800528098_7800528096_0,1300,Low
osm_7800528098_7800528096_0,3941,Very High
osm_7800528099_7800528100_0,3658,Very High
osm_7800528100_2168557353_0,3658,Very High
osm_7800528100_7800965122_0,3939,Very High
osm_7800528100_7800965122_0,3658,Very High
osm_7800528100_7800528099_0,3658,Very High
osm_7800528103_11465291323_0,3939,Very High
osm_7800528103_11465291323_0,3658,Very High
osm_7800528104_2168557380_0,1300,Low
osm_7800528104_2168557380_0,1306,Very Low
osm_7800528104_2168557380_0,3941,Very High
osm_7800528105_2168557353_0,3658,Very High
osm_7800528106_2168557362_0,1300,Low
osm_7800528106_2168557362_0,3939,Very High
osm_7800528106_2168557362_0,3658,Very High
osm_7800528111_2168557372_0,1300,Low
osm_7800528111_2168557372_0,1157,Low
osm_7800528111_2168557372_0,3941,Very High
osm_7800528113_2168557388_0,3941,Very High
osm_7800528113_2168557388_0,2058,High
osm_7800528113_2168557388_0,2062,Moderate
osm_7800528117_2168557367_0,1300,Low
osm_7800528117_2168557367_0,3939,Very High
osm_7800528117_2168557367_0,3941,Very High
osm_7800528117_2168557367_0,3658,Very High
osm_7800528118_2168557374_0,1300,Low
osm_7800528118_2168557374_0,3941,Very High
osm_7800528120_2168557357_0,3939,Very High
osm_7800528120_2168557357_0,3658,Very High
osm_7800528121_300450312_0,1300,Low
osm_7800528121_300450312_0,3939,Very High
osm_7800528121_300450312_0,3941,Very High
osm_7800528121_300450312_0,3658,Very High
osm_7800528124_2168557383_0,1300,Low
osm_7800528124_2168557383_0,1306,Very Low
osm_7800528124_2168557383_0,838,Very Low
osm_7800528124_2168557383_0,3941,Very High
osm_7800528125_2168557377_0,1300,Low
osm_7800528125_2168557377_0,3941,Very High
osm_7800528131_1952250976_0,195,Low
osm_7800528131_2168854182_0,195,Low
osm_7800528131_3926386341_0,195,Low
osm_7800644208_7151309296_0,195,Low
osm_7800644208_7800644211_0,195,Low
osm_7800644208_7800644210_0,195,Low
osm_7800644208_7151309300_0,195,Low
osm_7800644210_1952250981_0,195,Low
osm_7800644210_2168854192_0,195,Low
osm_7800644210_7800644208_0,195,Low
osm_7800644211_1952250981_0,195,Low
osm_7800644211_7800644208_0,195,Low
osm_7800644211_1952250982_0,195,Low
osm_7800644211_1952250982_0,2047,Moderate
osm_7800644211_1952250982_0,2049,Low
osm_7800740026_2168576064_0,2062,Moderate
osm_7800740026_2168576064_0,2063,Low
osm_7800740028_1944183710_0,2062,Moderate
osm_7800740028_1944183710_0,2063,Low
osm_7800740029_2168557391_0,3941,Very High
osm_7800740029_2168557391_0,2058,High
osm_7800740029_2168557391_0,2062,Moderate
osm_7800740030_2168557393_0,3941,Very High
osm_7800740030_2168557393_0,2058,High
osm_7800740030_2168557393_0,2062,Moderate
osm_7800740031_2168576062_0,2062,Moderate
osm_7800752327_12333559380_0,2048,Low
osm_7800752329_11064608710_0,1342,Low
osm_7800752329_14104708476_0,1342,Low
osm_7800752329_1457503207_0,1342,Low
osm_7800752330_3926386343_0,2048,Low
osm_7800965120_1944183645_0,195,Low
osm_7800965121_7800965122_0,3939,Very High
osm_7800965122_7800965121_0,3939,Very High
osm_7800965122_2168557351_0,1300,Low
osm_7800965122_2168557351_0,3939,Very High
osm_7800965122_7800528100_0,3939,Very High
osm_7800965122_7800528100_0,3658,Very High
osm_7800965133_2168809996_0,838,Very Low
osm_7800965133_2168809996_0,898,Very Low
osm_7800965133_11645284462_0,838,Very Low
osm_7800965133_11644819857_0,838,Very Low
osm_7800965134_11756913793_0,195,Low
osm_7800965134_1944183638_0,195,Low
osm_7801174405_7800528096_0,3941,Very High
osm_7801174405_2168557377_0,3941,Very High
osm_7801174405_1944183606_0,838,Very Low
osm_7801174405_1944183606_0,3941,Very High
osm_7801174405_1944183606_0,898,Very Low
osm_7801174405_1944183606_0,2062,Moderate
osm_7801174405_1944183606_0,3943,High
osm_7801174407_2168557383_0,3941,Very High
osm_7801174407_2168557380_0,3941,Very High
osm_7801174407_1944183623_0,1306,Very Low
osm_7801174407_1944183623_0,838,Very Low
osm_7801174407_1944183623_0,3941,Very High
osm_7801174407_1944183623_0,898,Very Low
osm_7801174407_1944183623_0,3943,High
osm_7801174414_2168557377_0,3941,Very High
osm_7801174414_2168557374_0,3941,Very High
osm_7801174414_1944183589_0,838,Very Low
osm_7801174414_1944183589_0,3941,Very High
osm_7801174414_1944183589_0,898,Very Low
osm_7801174414_1944183589_0,2062,Moderate
osm_7801174414_1944183589_0,3943,High
osm_7802562800_11189914932_0,210,Low
osm_7802562800_3674401332_0,210,Low
osm_7802562800_6444989179_0,210,Low
osm_7806646844_11399475081_0,2118,Low
osm_7806646844_300134569_0,2118,Low
osm_7806646854_2167149140_0,210,Low
osm_7806646854_7806646855_0,210,Low
osm_7806646854_300303496_0,210,Low
osm_7806646855_300303651_0,210,Low
osm_7806646855_7806646854_0,210,Low
osm_7806646855_300135909_0,2118,Low
osm_7806646855_300135909_0,210,Low
osm_7806646857_338222995_0,3992,Moderate
osm_7806646857_338222995_0,2117,Low
osm_7806646857_2166938870_0,2117,Low
osm_7806646857_6451736135_0,2117,Low
osm_7806646858_300370123_0,2117,Low
osm_7806646858_2166938870_0,2117,Low
osm_7806646862_2166938766_0,1344,Very Low
osm_7806646862_11052515879_0,838,Very Low
osm_7806646862_11052515879_0,1344,Very Low
osm_7806646862_7806767064_0,1344,Very Low
osm_7806646876_299883833_0,898,Very Low
osm_7806646876_299883833_0,2124,Low
osm_7806646878_11768865791_0,898,Very Low
osm_7806646878_11768865797_0,898,Very Low
osm_7806646878_12040953841_0,898,Very Low
osm_7806670111_338239198_0,2124,Low
osm_7806670111_338239207_0,2124,Low
osm_7806670111_338249906_0,2124,Low
osm_7806670121_338250029_0,1344,Very Low
osm_7806670121_338250040_0,1344,Very Low
osm_7806670121_11372795568_0,1344,Very Low
osm_7806670128_338239105_0,209,Low
osm_7806670128_299881828_0,209,Low
osm_7806670128_6585805338_0,209,Low
osm_7806670135_299878883_0,3995,High
osm_7806670150_12204815383_0,4061,Moderate
osm_7806670150_330420114_0,4061,Moderate
osm_7806670150_12204815385_0,4061,Moderate
osm_7806670154_338223260_0,1410,Very Low
osm_7806670154_11306882905_0,1410,Very Low
osm_7806670154_299384190_0,898,Very Low
osm_7806670154_299384190_0,1410,Very Low
osm_7806670174_7806670178_0,2120,Low
osm_7806670174_7806670178_0,210,Low
osm_7806670178_300196324_0,2120,Low
osm_7806670178_7806670174_0,2120,Low
osm_7806670178_7806670174_0,210,Low
osm_7806740559_300185825_0,3993,Very High
osm_7806740559_300186101_0,3993,Very High
osm_7806740559_7806740563_0,3993,Very High
osm_7806740563_7806740559_0,3993,Very High
osm_7806740567_2167027689_0,3669,Very High
osm_7806740567_2167027610_0,3669,Very High
osm_7806740567_10706568149_0,3669,Very High
osm_7806740575_7806740576_0,3995,High
osm_7806740576_300463580_0,3995,High
osm_7806740576_299878391_0,3995,High
osm_7806740576_7806740575_0,3995,High
osm_7806740576_11306915473_0,3995,High
osm_7806740579_299883586_0,3995,High
osm_7806740579_11612617051_0,3995,High
osm_7806740579_11043723059_0,3995,High
osm_7806740579_11612617050_0,3995,High
osm_7806766990_330420320_0,199,Low
osm_7806766990_300194175_0,199,Low
osm_7806766990_7806766991_0,199,Low
osm_7806766991_330420309_0,199,Low
osm_7806766991_7806766992_0,199,Low
osm_7806766991_300159440_0,199,Low
osm_7806766991_7806766990_0,199,Low
osm_7806766992_11801132750_0,199,Low
osm_7806766992_7806766991_0,199,Low
osm_7806766992_6637715204_0,199,Low
osm_7806767001_300463970_0,3989,Moderate
osm_7806767023_6307335816_0,2117,Low
osm_7806767023_7806767024_0,209,Low
osm_7806767023_7806767024_0,2117,Low
osm_7806767024_7806767023_0,209,Low
osm_7806767024_7806767023_0,2117,Low
osm_7806767059_7806767060_0,838,Very Low
osm_7806767059_7806767060_0,898,Very Low
osm_7806767060_7806767059_0,838,Very Low
osm_7806767060_7806767059_0,898,Very Low
osm_7806767060_300368042_0,898,Very Low
osm_7806767060_338238981_0,898,Very Low
osm_7806767061_2166938761_0,898,Very Low
osm_7806767061_2166938761_0,2124,Low
osm_7806767061_300368042_0,898,Very Low
osm_7806767061_10732609127_0,898,Very Low
osm_7806767062_338238981_0,898,Very Low
osm_7806767064_11088708973_0,1344,Very Low
osm_7806767064_300367983_0,3993,Very High
osm_7806767064_300367983_0,1344,Very Low
osm_7806767064_300367983_0,3995,High
osm_7806767064_7806646862_0,1344,Very Low
osm_7817569284_2166857702_0,2131,Low
osm_7817569284_2166857702_0,898,Very Low
osm_7817675804_2230781326_0,3664,Very High
osm_7817675804_2230781326_0,3993,Very High
osm_7817675846_299876302_0,3664,Very High
osm_7817675850_7817675852_0,6015,Very High
osm_7817675850_7817675852_0,6014,Low
osm_7817675850_7817675852_0,3664,Very High
osm_7817675850_7817675852_0,1161,Low
osm_7817675852_2166739402_0,6015,Very High
osm_7817675852_2166739402_0,6014,Low
osm_7817675852_2166739361_0,6015,Very High
osm_7817675852_2166739361_0,6014,Low
osm_7817675852_7817675850_0,6015,Very High
osm_7817675852_7817675850_0,6014,Low
osm_7817675852_7817675850_0,3664,Very High
osm_7817675852_7817675850_0,1161,Low
osm_7817675903_299875694_0,1161,Low
osm_7817675903_299877250_0,1161,Low
osm_7817675903_7817675904_0,3664,Very High
osm_7817675903_7817675904_0,1161,Low
osm_7817675904_11482462520_0,3664,Very High
osm_7817675904_13820964334_0,3664,Very High
osm_7817675904_7817675903_0,3664,Very High
osm_7817675904_7817675903_0,1161,Low
osm_7817675904_13820964335_0,3664,Very High
osm_7825039600_277912913_0,210,Low
osm_7825039600_7825039601_0,210,Low
osm_7825039600_14209315080_0,210,Low
osm_7825039601_300134094_0,210,Low
osm_7825039601_7825039604_0,210,Low
osm_7825039604_300134655_0,210,Low
osm_7825577542_7825577543_0,199,Low
osm_7825577543_7825577542_0,199,Low
osm_7825577543_2168960231_0,199,Low
osm_7825577543_2168960212_0,199,Low
osm_7825578381_7825587412_0,1344,Very Low
osm_7825587405_2669707478_0,3993,Very High
osm_7825587405_7825587406_0,3664,Very High
osm_7825587405_7825587406_0,3993,Very High
osm_7825587406_2918265438_0,3664,Very High
osm_7825587406_11601535938_0,3664,Very High
osm_7825587412_1355465116_0,1344,Very Low
osm_7825587412_7825587405_0,3993,Very High
osm_7825587412_7825587405_0,1344,Very Low
osm_7825587412_7825587405_0,3995,High
osm_7826160025_300159970_0,2064,Low
osm_7826160025_299880454_0,2064,Low
osm_7826160025_300159908_0,2064,Low
osm_7826160048_366081892_0,2064,Low
osm_7826160048_366081894_0,2064,Low
osm_7826160048_7826160049_0,2064,Low
osm_7826160049_366081901_0,199,Low
osm_7826160049_366081901_0,2064,Low
osm_7826160049_7826160048_0,2064,Low
osm_7826160049_366081899_0,2064,Low
osm_7826160050_300164133_0,2064,Low
osm_7826160051_300164803_0,2064,Low
osm_7826160051_330410558_0,2064,Low
osm_7826160051_338440260_0,2064,Low
osm_7826394606_300158027_0,210,Low
osm_7826394652_300198002_0,354,Low
osm_7826394652_7826394653_0,354,Low
osm_7826394652_300198005_0,354,Low
osm_7826394653_300463010_0,354,Low
osm_7826394653_300198098_0,354,Low
osm_7826394653_7826394652_0,354,Low
osm_7826394697_6497631097_0,354,Low
osm_7826394697_7826394701_0,354,Low
osm_7826394697_11733982492_0,354,Low
osm_7826394700_7826394701_0,354,Low
osm_7826394700_11733982486_0,354,Low
osm_7826394701_7826394697_0,354,Low
osm_7826394701_7826394700_0,354,Low
osm_7826394719_299880497_0,2064,Low
osm_7826394719_7826394720_0,2064,Low
osm_7826394719_300159971_0,2064,Low
osm_7826394720_300159802_0,2064,Low
osm_7826394720_7826394719_0,2064,Low
osm_7826394720_300159788_0,2064,Low
osm_7826460018_339291914_0,918,Very Low
osm_8041810500_300464877_0,2063,Low
osm_8041810500_8041810501_0,2063,Low
osm_8041810500_1457503503_0,2063,Low
osm_8041810501_8041810500_0,2063,Low
osm_8042009288_2168576074_0,3673,Very High
osm_8042009288_1457503237_0,3673,Very High
osm_8042009288_1641561884_0,3673,Very High
osm_8042009289_338406589_0,2063,Low
osm_8697656184_2197525484_0,1342,Low
osm_8697656184_9575558232_0,837,Very Low
osm_8697656184_9575558232_0,1022,Very Low
osm_8697656184_9575558232_0,2125,Low
osm_8697656184_9575558232_0,1343,Very Low
osm_8697656184_9575558232_0,1342,Low
osm_8697656184_330401249_0,3664,Very High
osm_8697656184_330401249_0,3993,Very High
osm_8697656184_330401249_0,1342,Low
osm_9044763802_300367983_0,3993,Very High
osm_9044763802_338249915_0,3993,Very High
osm_9044763802_338250166_0,3664,Very High
osm_9044763802_338250166_0,3993,Very High
osm_9044763919_300367846_0,1344,Very Low
osm_9044763919_300367846_0,1342,Low
osm_9044763919_338249916_0,1344,Very Low
osm_9044763919_9044763920_0,3993,Very High
osm_9044763919_9044763920_0,1344,Very Low
osm_9044763919_9044763920_0,3995,High
osm_9044763920_6451797998_0,3993,Very High
osm_9044763920_9044763919_0,3993,Very High
osm_9044763920_9044763919_0,1344,Very Low
osm_9044763920_9044763919_0,3995,High
osm_9044763920_300367944_0,3993,Very High
osm_9044763920_300367944_0,1342,Low
osm_9044775944_6307220900_0,1344,Very Low
osm_9181638649_300135000_0,210,Low
osm_9181638649_11626275937_0,4063,Moderate
osm_9181638649_11626275937_0,2118,Low
osm_9181638649_11626275937_0,210,Low
osm_9181638649_11626211548_0,2118,Low
osm_9181638649_11626211548_0,210,Low
osm_9370418225_7111954110_0,199,Low
osm_9370418225_338406760_0,199,Low
osm_9575558218_1765256379_0,2061,Moderate
osm_9575558218_1765256379_0,4999,High
osm_9575558218_1765256379_0,2122,Moderate
osm_9575558232_2197525463_0,2122,Moderate
osm_9575558232_2197525463_0,2125,Low
osm_9575558232_12756684689_0,2069,Low
osm_9575558232_12756684689_0,2125,Low
osm_9575558232_8697656184_0,837,Very Low
osm_9575558232_8697656184_0,1022,Very Low
osm_9575558232_8697656184_0,2125,Low
osm_9575558232_8697656184_0,1343,Very Low
osm_9575558232_8697656184_0,1342,Low
osm_9694432814_11416397491_0,3997,Very High
osm_9694432814_11416397491_0,3666,Very High
osm_10004178901_11101583942_0,3995,High
osm_10029118614_14141791481_0,3988,High
osm_10029118614_1141164582_0,3988,High
osm_10029118614_4239255895_0,3988,High
osm_10029118615_10029132819_0,2057,Low
osm_10029118615_10029132819_0,898,Very Low
osm_10029118615_10029132819_0,2063,Low
osm_10029132819_10029118615_0,2057,Low
osm_10029132819_10029118615_0,898,Very Low
osm_10029132819_10029118615_0,2063,Low
osm_10029132819_1141163728_0,2057,Low
osm_10029132819_1141163728_0,2056,Moderate
osm_10029132819_11508116509_0,2057,Low
osm_10098223822_4252220047_0,2059,High
osm_10098223822_4252220047_0,2062,Moderate
osm_10098223822_14136671924_0,804,Very Low
osm_10098223822_14136671924_0,1165,Low
osm_10098223822_14136671924_0,2059,High
osm_10098223822_14136671924_0,3673,Very High
osm_10098223822_14136671924_0,2062,Moderate
osm_10098223822_14136671924_0,3672,Low
osm_10098223822_14136671924_0,3671,Low
osm_10098223822_14136671924_0,1342,Low
osm_10120160579_12157030704_0,898,Very Low
osm_10120160579_12157030704_0,1344,Very Low
osm_10120160579_12157030704_0,2063,Low
osm_10120160579_12157030704_0,3995,High
osm_10120160579_12157030704_0,2123,Moderate
osm_10120160579_12157030704_0,2124,Low
osm_10120160579_12157030704_0,211,Low
osm_10120160579_12294623164_0,211,Low
osm_10120160596_1751203571_0,211,Low
osm_10120160596_11832488583_0,211,Low
osm_10120160611_10120161726_0,2063,Low
osm_10120160611_12294623165_0,898,Very Low
osm_10120160611_12294623165_0,2063,Low
osm_10120161726_243326004_0,2063,Low
osm_10120161792_1457503503_0,2063,Low
osm_10120161792_2167149046_0,2063,Low
osm_10120161792_2167149046_0,199,Low
osm_10120161792_2167149046_0,211,Low
osm_10170824096_300303496_0,210,Low
osm_10170824096_300133898_0,210,Low
osm_10170824096_10170824097_0,210,Low
osm_10170824097_10170824096_0,210,Low
osm_10170824098_300133898_0,210,Low
osm_10170824098_300165548_0,210,Low
osm_10170824098_10170824099_0,210,Low
osm_10170824099_10170824098_0,210,Low
osm_10170824100_300303496_0,210,Low
osm_10175146511_10175165818_0,212,Low
osm_10175165818_338238876_0,212,Low
osm_10175165818_12483820299_0,212,Low
osm_10175165827_300368746_0,2131,Low
osm_10175165827_338223119_0,2131,Low
osm_10175165827_11659116587_0,2131,Low
osm_10175165827_11659116587_0,3998,High
osm_10175165827_11659116587_0,3999,Moderate
osm_10239603817_2168810029_0,2055,Low
osm_10239603817_10239603820_0,2055,Low
osm_10239603817_11757094587_0,2055,Low
osm_10239603817_300454818_0,197,Low
osm_10239603817_300454818_0,2055,Low
osm_10239603819_10239603820_0,2055,Low
osm_10239603819_303453572_0,2055,Low
osm_10239603819_1944183755_0,2055,Low
osm_10239603820_1454653842_0,2055,Low
osm_10239603820_10239603819_0,2055,Low
osm_10239603820_2168810019_0,2055,Low
osm_10239603820_10239603817_0,2055,Low
osm_10280643072_300165225_0,898,Very Low
osm_10280643073_300165220_0,898,Very Low
osm_10281683507_6590299728_0,3997,Very High
osm_10281683507_14091487575_0,3997,Very High
osm_10281683507_14091487575_0,3998,High
osm_10281689715_301301522_0,3666,Very High
osm_10281689715_11416397492_0,3666,Very High
osm_10281826355_10281826356_0,2063,Low
osm_10281826355_10281826356_0,2124,Low
osm_10281826355_10120160611_0,2063,Low
osm_10281826355_10120160611_0,2124,Low
osm_10281826356_10281826355_0,2063,Low
osm_10281826356_10281826355_0,2124,Low
osm_10281826356_338406517_0,2063,Low
osm_10281826356_338406517_0,2124,Low
osm_10558591310_10593574676_0,2064,Low
osm_10558591310_10558591311_0,2064,Low
osm_10558591310_300164833_0,199,Low
osm_10558591310_300164833_0,2064,Low
osm_10558591311_10593574675_0,2064,Low
osm_10558591311_10558591310_0,2064,Low
osm_10558591311_11054207889_0,2064,Low
osm_10593574674_300159434_0,2064,Low
osm_10593574674_300159513_0,2064,Low
osm_10593574674_10593574675_0,2064,Low
osm_10593574675_10558591311_0,2064,Low
osm_10593574675_10593574676_0,2064,Low
osm_10593574675_10593574674_0,2064,Low
osm_10593574675_11250382315_0,2064,Low
osm_10593574676_10558591310_0,2064,Low
osm_10593574676_330410525_0,2064,Low
osm_10593574676_10593574675_0,2064,Low
osm_10669042771_338406637_0,211,Low
osm_10669042771_10669042772_0,211,Low
osm_10669042772_10669042771_0,211,Low
osm_10690621670_301301527_0,3997,Very High
osm_10690621670_301301527_0,3998,High
osm_10690621670_301301527_0,1341,Low
osm_10706568149_7806740567_0,3669,Very High
osm_10718017048_338461296_0,898,Very Low
osm_10718193946_10718193947_0,1163,Low
osm_10718193946_10718193947_0,3669,Very High
osm_10718193947_10718193946_0,1163,Low
osm_10718193947_10718193946_0,3669,Very High
osm_10718193947_2167148994_0,1344,Very Low
osm_10718193947_2167148994_0,1163,Low
osm_10718193947_2167148994_0,1164,Low
osm_10718193947_10718193950_0,1344,Very Low
osm_10718193947_10718193950_0,1163,Low
osm_10718193947_10718193950_0,1164,Low
osm_10718193949_10718193950_0,1344,Very Low
osm_10718193949_10718193950_0,1164,Low
osm_10718193950_10718193947_0,1344,Very Low
osm_10718193950_10718193947_0,1163,Low
osm_10718193950_10718193947_0,1164,Low
osm_10718193950_10718193951_0,1344,Very Low
osm_10718193950_10718193951_0,1163,Low
osm_10718193950_10718193951_0,1164,Low
osm_10718193950_10718193949_0,1344,Very Low
osm_10718193950_10718193949_0,1164,Low
osm_10718193951_10718193950_0,1344,Very Low
osm_10718193951_10718193950_0,1163,Low
osm_10718193951_10718193950_0,1164,Low
osm_10732609127_7806767061_0,898,Very Low
osm_11032257976_300376603_0,3993,Very High
osm_11032257976_11032257977_0,3993,Very High
osm_11032257976_2167027623_0,3993,Very High
osm_11032257977_11032257976_0,3993,Very High
osm_11033533890_11033533891_0,898,Very Low
osm_11033533890_11033533891_0,1345,Very Low
osm_11033533890_2230781363_0,898,Very Low
osm_11033533890_2230781363_0,1345,Very Low
osm_11033533890_11052195275_0,898,Very Low
osm_11033533890_11052195275_0,1345,Very Low
osm_11033533891_11033533890_0,898,Very Low
osm_11033533891_11033533890_0,1345,Very Low
osm_11039516410_11058075117_0,199,Low
osm_11039516410_11039516411_0,199,Low
osm_11039516410_330410528_0,199,Low
osm_11039516411_11039516410_0,199,Low
osm_11039705564_300134655_0,210,Low
osm_11039711234_2167027827_0,1344,Very Low
osm_11041690054_299876860_0,3666,Very High
osm_11041690054_299876860_0,1161,Low
osm_11041690054_11041690055_0,3666,Very High
osm_11041690054_11041690055_0,1161,Low
osm_11041690054_2166705633_0,3529,Low
osm_11041690054_2166705633_0,3528,Low
osm_11041690054_2166705633_0,1161,Low
osm_11041690055_299876858_0,3666,Very High
osm_11041690055_11041690054_0,3666,Very High
osm_11041690055_11041690054_0,1161,Low
osm_11041690055_11591543004_0,3666,Very High
osm_11041690055_2166705627_0,3666,Very High
osm_11041690055_2166705627_0,1161,Low
osm_11041702434_11041702435_0,5003,Very High
osm_11041702435_11041702434_0,5003,Very High
osm_11041702435_11041702436_0,5003,Very High
osm_11041702436_11041702435_0,5003,Very High
osm_11042309809_299881800_0,3992,Moderate
osm_11043269403_2230781440_0,898,Very Low
osm_11043431556_299880546_0,199,Low
osm_11043431557_300184118_0,199,Low
osm_11043604982_2167027611_0,3669,Very High
osm_11043604982_11043604983_0,3669,Very High
osm_11043604982_300185214_0,3993,Very High
osm_11043604982_300185214_0,3669,Very High
osm_11043604982_300185214_0,3995,High
osm_11043604983_11043604982_0,3669,Very High
osm_11043604986_2407564029_0,3669,Very High
osm_11043633900_2167027807_0,2124,Low
osm_11043633900_2167027807_0,211,Low
osm_11043635649_11618417255_0,898,Very Low
osm_11043635649_299883685_0,898,Very Low
osm_11043635649_11043635650_0,898,Very Low
osm_11043635649_11043635650_0,2124,Low
osm_11043635650_11043635649_0,898,Very Low
osm_11043635650_11043635649_0,2124,Low
osm_11043646146_10120160579_0,211,Low
osm_11043646146_11043646148_0,211,Low
osm_11043646148_11043646146_0,211,Low
osm_11043701879_338249922_0,1344,Very Low
osm_11043701879_338249922_0,3995,High
osm_11043701880_338249923_0,1344,Very Low
osm_11043723059_7806740579_0,3995,High
osm_11043788307_325210401_0,199,Low
osm_11050648633_330420146_0,199,Low
osm_11050648633_11050648635_0,199,Low
osm_11050648633_11050648635_1,199,Low
osm_11050648635_330420162_0,199,Low
osm_11050648635_330420162_0,2064,Low
osm_11050648635_11050648633_0,199,Low
osm_11050648635_11050648633_1,199,Low
osm_11050651533_9370418225_0,199,Low
osm_11050651533_11050651534_0,199,Low
osm_11050651534_11050651533_0,199,Low
osm_11050668343_11050668344_0,2065,Low
osm_11050668343_11050668344_0,199,Low
osm_11050668343_338440035_0,2065,Low
osm_11050668343_4265654365_0,912,Very Low
osm_11050668343_4265654365_0,2065,Low
osm_11050668344_338440033_0,2065,Low
osm_11050668344_338440033_0,199,Low
osm_11050668344_11050668343_0,2065,Low
osm_11050668344_11050668343_0,199,Low
osm_11050686280_11050686281_0,199,Low
osm_11050686281_277911475_0,199,Low
osm_11050686281_11050686280_0,199,Low
osm_11050686281_277911476_0,199,Low
osm_11050703720_2407565895_0,199,Low
osm_11050703720_4265654366_0,199,Low
osm_11050703720_11050703724_0,199,Low
osm_11050703724_11050703720_0,199,Low
osm_11050795498_338406481_0,3985,Very High
osm_11050795498_338406481_0,3571,Low
osm_11052089959_11052089962_0,199,Low
osm_11052089962_325208906_0,199,Low
osm_11052089962_325207106_0,199,Low
osm_11052089962_11052089959_0,199,Low
osm_11052187614_300368045_0,211,Low
osm_11052195275_2230781358_0,898,Very Low
osm_11052195275_11033533890_0,898,Very Low
osm_11052195275_11033533890_0,1345,Very Low
osm_11052195275_300369708_0,898,Very Low
osm_11052195277_338239089_0,898,Very Low
osm_11052195277_11402970938_0,898,Very Low
osm_11052195277_11052195279_0,898,Very Low
osm_11052195279_11052195277_0,898,Very Low
osm_11052248450_2166938882_0,2117,Low
osm_11052248450_11052248451_0,3992,Moderate
osm_11052248450_11052248451_0,2117,Low
osm_11052248450_11372787922_0,2117,Low
osm_11052248451_2166938862_0,3992,Moderate
osm_11052248451_2166938860_0,3992,Moderate
osm_11052248451_11052248450_0,3992,Moderate
osm_11052248451_11052248450_0,2117,Low
osm_11052271069_11052271070_0,209,Low
osm_11052271070_11052271069_0,209,Low
osm_11052282029_300165819_0,3992,Moderate
osm_11052282030_300165819_0,3992,Moderate
osm_11052515879_7806646862_0,838,Very Low
osm_11052515879_7806646862_0,1344,Very Low
osm_11052703591_300164009_0,2064,Low
osm_11052703591_300164008_0,2064,Low
osm_11052703591_300164008_0,4061,Moderate
osm_11052703591_11052703592_0,2064,Low
osm_11052703592_11052703591_0,2064,Low
osm_11052703592_11054461467_0,2064,Low
osm_11052703592_330420199_0,2064,Low
osm_11052703592_330420199_0,4061,Moderate
osm_11052728313_1184617250_0,911,Very Low
osm_11052728313_1184617250_0,1407,Very Low
osm_11052728313_338440214_0,199,Low
osm_11054051465_2167027827_0,1344,Very Low
osm_11054178345_300183383_0,210,Low
osm_11054178345_300188856_0,210,Low
osm_11054193202_2230812057_0,2057,Low
osm_11054193202_12603585538_0,2057,Low
osm_11054193202_2230812058_0,2057,Low
osm_11054193202_2230812058_0,2056,Moderate
osm_11054193202_2230812058_0,4021,High
osm_11054206397_11135455976_0,2057,Low
osm_11054206397_11135455976_0,2056,Moderate
osm_11054206397_1141163651_0,2057,Low
osm_11054206397_1141163651_0,2056,Moderate
osm_11054206397_1141163651_0,4021,High
osm_11054207889_300159298_0,199,Low
osm_11054207889_300159298_0,2064,Low
osm_11054207889_14152948067_0,2064,Low
osm_11054207889_10558591311_0,2064,Low
osm_11054226067_2230812071_0,2057,Low
osm_11054226067_2230812071_0,2056,Moderate
osm_11054226067_2230812067_0,2057,Low
osm_11054226067_2230812067_0,2056,Moderate
osm_11054248074_300159867_0,2064,Low
osm_11054248074_300159865_0,2064,Low
osm_11054248074_2168960115_0,2064,Low
osm_11054248076_11054248078_0,2064,Low
osm_11054248076_11190038634_0,2064,Low
osm_11054248076_300159880_0,2064,Low
osm_11054248078_11054248076_0,2064,Low
osm_11054248078_300159908_0,2064,Low
osm_11054248078_300159970_0,2064,Low
osm_11054461467_11052703592_0,2064,Low
osm_11054461468_6795313107_0,4061,Moderate
osm_11054524287_5124315541_0,3673,Very High
osm_11054524287_2168576074_0,3673,Very High
osm_11054524287_4252220048_0,3673,Very High
osm_11054537025_2168576077_0,3985,Very High
osm_11054537025_1457503257_0,3985,Very High
osm_11054537025_1457503257_0,3988,High
osm_11054537025_14141791480_0,3985,Very High
osm_11054537025_14141791480_0,3988,High
osm_11054635080_4450560887_0,3985,Very High
osm_11054635081_300464572_0,3985,Very High
osm_11054635081_11612806385_0,3985,Very High
osm_11054635081_11054635084_0,3985,Very High
osm_11054635084_11054635081_0,3985,Very High
osm_11056036253_2168818035_0,2063,Low
osm_11056036253_2168818035_1,838,Very Low
osm_11056036253_2168818035_1,898,Very Low
osm_11056036253_2168818035_1,2062,Moderate
osm_11056036253_2168818035_1,2063,Low
osm_11056036253_1454653843_0,898,Very Low
osm_11056036253_1454653843_0,2063,Low
osm_11056212008_300313031_0,911,Very Low
osm_11058020272_11770605203_0,199,Low
osm_11058075115_11770605250_0,199,Low
osm_11058075115_2168960194_0,199,Low
osm_11058075115_11058075116_0,199,Low
osm_11058075116_11058075115_0,199,Low
osm_11058075117_11039516410_0,199,Low
osm_11058075117_11770605250_0,199,Low
osm_11058075117_11058075118_0,199,Low
osm_11058075118_11058075117_0,199,Low
osm_11059186577_299879128_0,3995,High
osm_11059186577_1241211262_0,3995,High
osm_11059186577_11059186578_0,3995,High
osm_11059186578_11059186577_0,3995,High
osm_11059186600_338282602_0,3995,High
osm_11059186600_338282602_0,2123,Moderate
osm_11059186600_338282602_0,2124,Low
osm_11059186600_11059288307_0,2062,Moderate
osm_11059186600_11059288307_0,3988,High
osm_11059186600_11059288307_0,2063,Low
osm_11059186600_11059288307_0,2124,Low
osm_11059229589_277912054_0,3998,High
osm_11059229589_338223131_0,2130,Moderate
osm_11059229589_338223131_0,2131,Low
osm_11059229589_338223131_0,3998,High
osm_11059229589_11059229590_0,3998,High
osm_11059229590_11059229589_0,3998,High
osm_11059288307_11059186600_0,2062,Moderate
osm_11059288307_11059186600_0,3988,High
osm_11059288307_11059186600_0,2063,Low
osm_11059288307_11059186600_0,2124,Low
osm_11059292682_11059292683_0,898,Very Low
osm_11059292682_2167149059_0,898,Very Low
osm_11059292682_11329022598_0,898,Very Low
osm_11059292683_1403766607_0,898,Very Low
osm_11059292683_1403766609_0,898,Very Low
osm_11059292683_11059292682_0,898,Very Low
osm_11059326364_300304304_0,2124,Low
osm_11059326364_11059326365_0,2124,Low
osm_11059326364_11059326365_0,3996,Moderate
osm_11059326364_6305258154_0,3995,High
osm_11059326364_6305258154_0,2124,Low
osm_11059326364_6305258154_0,3996,Moderate
osm_11059326365_11059326364_0,2124,Low
osm_11059326365_11059326364_0,3996,Moderate
osm_11064305520_11064305533_0,2049,Low
osm_11064305520_11064305528_0,2049,Low
osm_11064305528_11064305520_0,2049,Low
osm_11064305533_11064305520_0,2049,Low
osm_11064305533_11064305534_0,2049,Low
osm_11064305533_1952250976_0,195,Low
osm_11064305533_1952250976_0,2049,Low
osm_11064305534_11064305533_0,2049,Low
osm_11064608710_7800752329_0,1342,Low
osm_11064659622_2230812057_0,2057,Low
osm_11064659622_2230812046_0,2057,Low
osm_11064659622_11757094607_0,2057,Low
osm_11064659622_11757094607_0,2056,Moderate
osm_11064659622_11757094607_0,4021,High
osm_11064859586_299385414_0,210,Low
osm_11064859586_11064859587_0,210,Low
osm_11064859586_11626050254_0,210,Low
osm_11064859587_11064859586_0,210,Low
osm_11064859588_11626067032_0,210,Low
osm_11066180647_11066180648_0,2062,Moderate
osm_11066180647_11066180648_0,3988,High
osm_11066180647_1457503500_0,2062,Moderate
osm_11066180647_300464911_0,2062,Moderate
osm_11066180647_300464911_0,3985,Very High
osm_11066180647_300464911_0,3988,High
osm_11066180648_11066180647_0,2062,Moderate
osm_11066180648_11066180647_0,3988,High
osm_11066184597_1457503516_0,2063,Low
osm_11066184597_338461183_0,2063,Low
osm_11066184597_11066184598_0,2063,Low
osm_11066184598_11066184597_0,2063,Low
osm_11066208341_11066208349_0,3985,Very High
osm_11066208341_300464593_0,3985,Very High
osm_11066208341_11066208348_0,3985,Very High
osm_11066208345_11066208348_0,3985,Very High
osm_11066208345_11066208348_0,3988,High
osm_11066208348_11066208349_0,3985,Very High
osm_11066208348_11066208345_0,3985,Very High
osm_11066208348_11066208345_0,3988,High
osm_11066208348_11066208341_0,3985,Very High
osm_11066208349_300464841_0,3985,Very High
osm_11066208349_11066208341_0,3985,Very High
osm_11066208349_11066208348_0,3985,Very High
osm_11066220327_338461571_0,898,Very Low
osm_11066220327_338461555_0,2056,Moderate
osm_11066220327_338461555_0,838,Very Low
osm_11066220327_338461555_0,898,Very Low
osm_11066220327_11066220329_0,898,Very Low
osm_11066220329_11066220327_0,898,Very Low
osm_11066687190_11066687191_0,210,Low
osm_11066687191_12953637296_0,210,Low
osm_11066687191_11066687190_0,210,Low
osm_11066687199_300274611_0,2118,Low
osm_11066687199_300274611_0,210,Low
osm_11066687199_2167149160_0,2118,Low
osm_11066687199_11066687200_0,2118,Low
osm_11066687200_11066687199_0,2118,Low
osm_11071084311_338249906_0,2124,Low
osm_11088708973_7806767064_0,1344,Very Low
osm_11101583942_2167027593_0,3995,High
osm_11101583942_10004178901_0,3995,High
osm_11101583942_11768230864_0,3993,Very High
osm_11101583942_11768230864_0,3995,High
osm_11135455976_1141163608_0,2057,Low
osm_11135455976_11135455977_0,2057,Low
osm_11135455977_11135455976_0,2057,Low
osm_11155690560_338440041_0,2063,Low
osm_11158478527_14209315070_0,210,Low
osm_11171763005_299879215_0,3571,Low
osm_11182635830_2167149172_0,1410,Very Low
osm_11182635830_2167149172_0,4063,Moderate
osm_11185858379_6498321179_0,2124,Low
osm_11185858379_6498321179_0,3996,Moderate
osm_11189869567_299881312_0,898,Very Low
osm_11189869567_299881312_0,1410,Very Low
osm_11189869568_299881313_0,898,Very Low
osm_11189886678_2167027874_0,3995,High
osm_11189914931_11189914932_0,210,Low
osm_11189914932_11189914933_0,210,Low
osm_11189914932_7802562800_0,210,Low
osm_11189914932_11189914931_0,210,Low
osm_11189914933_11189914932_0,210,Low
osm_11189976309_300191514_0,199,Low
osm_11190008349_330410527_0,2064,Low
osm_11190008349_11190008350_0,2064,Low
osm_11190008349_11190038635_0,2064,Low
osm_11190008350_11190008349_0,2064,Low
osm_11190008350_300159692_0,2064,Low
osm_11190008350_300159692_0,4061,Moderate
osm_11190008350_11190008352_0,2064,Low
osm_11190008351_300159762_0,4061,Moderate
osm_11190008351_11190008352_0,2064,Low
osm_11190008351_11190008352_0,4061,Moderate
osm_11190008351_2168960112_0,2064,Low
osm_11190008351_2168960112_0,4061,Moderate
osm_11190008352_2168960115_0,2064,Low
osm_11190008352_11190008350_0,2064,Low
osm_11190008352_11190008351_0,2064,Low
osm_11190008352_11190008351_0,4061,Moderate
osm_11190038634_299880497_0,2064,Low
osm_11190038634_11054248076_0,2064,Low
osm_11190038634_11190038635_0,2064,Low
osm_11190038635_300159865_0,2064,Low
osm_11190038635_11190008349_0,2064,Low
osm_11190038635_11190038634_0,2064,Low
osm_11190075837_299880454_0,2064,Low
osm_11190075837_300160041_0,2064,Low
osm_11190075837_11190075838_0,2064,Low
osm_11190075838_11190075837_0,2064,Low
osm_11190075839_300160265_0,2064,Low
osm_11190075839_11190075840_0,2064,Low
osm_11190075839_300160041_0,2064,Low
osm_11190075840_11190075839_0,2064,Low
osm_11192341572_11192341573_0,3669,Very High
osm_11192341573_11192341572_0,3669,Very High
osm_11192341573_300185825_0,3993,Very High
osm_11192341573_300185825_0,3669,Very High
osm_11192341573_11192341574_0,3669,Very High
osm_11192341574_11192341573_0,3669,Very High
osm_11192479772_6451339709_0,3993,Very High
osm_11192479773_6451339709_0,3993,Very High
osm_11192479774_299883901_0,3995,High
osm_11192479774_11192479775_0,3995,High
osm_11192479774_299883775_0,3995,High
osm_11192479775_11192479774_0,3995,High
osm_11250382312_300194151_0,199,Low
osm_11250382313_300159445_0,199,Low
osm_11250382313_300159445_0,2064,Low
osm_11250382313_300159443_0,199,Low
osm_11250382313_11250382314_0,199,Low
osm_11250382314_300159434_0,199,Low
osm_11250382314_300159434_0,2064,Low
osm_11250382314_300159433_0,199,Low
osm_11250382314_11250382313_0,199,Low
osm_11250382315_300159552_0,2064,Low
osm_11250382315_14049890124_0,2064,Low
osm_11250382315_10593574675_0,2064,Low
osm_11259108491_300165092_0,2124,Low
osm_11259219735_300188504_0,1344,Very Low
osm_11259219735_300188504_0,3989,Moderate
osm_11259219735_300188504_0,1345,Very Low
osm_11259219735_300305184_0,3989,Moderate
osm_11259219735_6445046255_0,3988,High
osm_11259219735_6445046255_0,3989,Moderate
osm_11259219736_6445046257_0,1344,Very Low
osm_11259219736_11259229937_0,1344,Very Low
osm_11259219736_6445046255_0,1344,Very Low
osm_11259219736_6445046255_0,3988,High
osm_11259229937_11259219736_0,1344,Very Low
osm_11301565297_6498321180_0,898,Very Low
osm_11301565297_6498321180_0,1345,Very Low
osm_11304038196_299883594_0,3996,Moderate
osm_11306545560_300464383_0,3995,High
osm_11306556035_11414478364_0,3664,Very High
osm_11306882905_7806670154_0,1410,Very Low
osm_11306899494_300374763_0,4063,Moderate
osm_11306915473_7806740576_0,3995,High
osm_11307033431_300164902_0,3995,High
osm_11329022596_299385745_0,211,Low
osm_11329022598_11059292682_0,898,Very Low
osm_11330511052_330410525_0,2064,Low
osm_11330511053_330410518_0,2064,Low
osm_11332478110_338239198_0,2124,Low
osm_11332478111_300367776_0,1344,Very Low
osm_11348288658_2166938871_0,1344,Very Low
osm_11348288658_2166938871_0,3992,Moderate
osm_11348288658_2166938871_0,3991,High
osm_11348288658_2166938869_0,1344,Very Low
osm_11348288658_11348288659_0,1344,Very Low
osm_11348288658_11348288659_0,3991,High
osm_11348288659_11348288658_0,1344,Very Low
osm_11348288659_11348288658_0,3991,High
osm_11348352999_338249960_0,3991,High
osm_11348353000_6307294329_0,1345,Very Low
osm_11348353000_338249973_0,1344,Very Low
osm_11348353000_338249973_0,1345,Very Low
osm_11348353000_338249973_0,3991,High
osm_11348353000_338249983_0,1344,Very Low
osm_11348353000_338249983_0,1345,Very Low
osm_11372653335_299384833_0,898,Very Low
osm_11372653335_299384193_0,898,Very Low
osm_11372653335_6307304508_0,898,Very Low
osm_11372711939_2230781361_0,2124,Low
osm_11372770364_2166938835_0,3995,High
osm_11372779144_338249932_0,3995,High
osm_11372787922_11052248450_0,2117,Low
osm_11372787922_299881789_0,838,Very Low
osm_11372787922_299881789_0,898,Very Low
osm_11372787922_299881789_0,1344,Very Low
osm_11372787922_299881789_0,2117,Low
osm_11372787922_2166938862_0,3992,Moderate
osm_11372787922_2166938862_0,2117,Low
osm_11372788870_2166938808_0,2124,Low
osm_11372795568_7806670121_0,1344,Very Low
osm_11372797084_2166938814_0,2124,Low
osm_11372819119_300165047_0,3995,High
osm_11372819119_338250045_0,3995,High
osm_11372819119_338250046_0,1344,Very Low
osm_11372819119_338250046_0,3995,High
osm_11372819124_338250046_0,1344,Very Low
osm_11399475081_7806646844_0,2118,Low
osm_11402593822_300464637_0,3985,Very High
osm_11402593822_11402593823_0,3985,Very High
osm_11402593822_300464635_0,3985,Very High
osm_11402593823_11402593822_0,3985,Very High
osm_11402782213_2168810035_0,898,Very Low
osm_11402782213_11402804797_0,838,Very Low
osm_11402782213_11402804797_0,898,Very Low
osm_11402782213_11402803720_0,838,Very Low
osm_11402782213_11402803720_0,898,Very Low
osm_11402782213_11402803720_0,1367,Very Low
osm_11402782216_300455516_0,4020,High
osm_11402782216_11508116503_0,838,Very Low
osm_11402782216_11508116503_0,4020,High
osm_11402782216_11508116503_0,1367,Very Low
osm_11402782216_11508116508_0,4020,High
osm_11402803720_11508116508_0,4020,High
osm_11402803720_11508116508_0,1367,Very Low
osm_11402803720_11402807612_0,838,Very Low
osm_11402803720_11402807612_0,898,Very Low
osm_11402803720_11402807612_0,1367,Very Low
osm_11402803720_11402782213_0,838,Very Low
osm_11402803720_11402782213_0,898,Very Low
osm_11402803720_11402782213_0,1367,Very Low
osm_11402803724_11402807615_0,898,Very Low
osm_11402803724_11402807615_0,2063,Low
osm_11402804797_300455150_0,838,Very Low
osm_11402804797_300455150_0,898,Very Low
osm_11402804797_300455516_0,838,Very Low
osm_11402804797_300455516_0,4020,High
osm_11402804797_300455516_0,1367,Very Low
osm_11402804797_11402782213_0,838,Very Low
osm_11402804797_11402782213_0,898,Very Low
osm_11402807612_11402803720_0,838,Very Low
osm_11402807612_11402803720_0,898,Very Low
osm_11402807612_11402803720_0,1367,Very Low
osm_11402807612_11508116507_0,838,Very Low
osm_11402807612_11508116507_0,898,Very Low
osm_11402807612_11402807615_0,898,Very Low
osm_11402807614_11508116503_0,838,Very Low
osm_11402807614_1454653843_0,838,Very Low
osm_11402807614_1454653843_0,898,Very Low
osm_11402807614_11508116507_0,838,Very Low
osm_11402807614_11508116507_0,1367,Very Low
osm_11402807615_11402807616_0,898,Very Low
osm_11402807615_11402803724_0,898,Very Low
osm_11402807615_11402803724_0,2063,Low
osm_11402807615_11402807612_0,898,Very Low
osm_11402807616_11402807615_0,898,Very Low
osm_11402923475_299883153_0,3664,Very High
osm_11402923475_299883153_0,3993,Very High
osm_11402970934_300369708_0,898,Very Low
osm_11402970938_11052195277_0,898,Very Low
osm_11402970938_300369708_0,898,Very Low
osm_11402970938_11402970939_0,898,Very Low
osm_11402970939_11402970938_0,898,Very Low
osm_11414467597_299876133_0,5003,Very High
osm_11414467597_301301522_0,5003,Very High
osm_11414467597_301301522_0,3666,Very High
osm_11414467597_11414467601_0,5003,Very High
osm_11414467601_11414467597_0,5003,Very High
osm_11414478364_2166739443_0,3664,Very High
osm_11414478364_11414478365_0,3664,Very High
osm_11414478364_11306556035_0,3664,Very High
osm_11414478365_11414478364_0,3664,Very High
osm_11416397491_301301519_0,3666,Very High
osm_11416397491_11416397492_0,3666,Very High
osm_11416397491_9694432814_0,3997,Very High
osm_11416397491_9694432814_0,3666,Very High
osm_11416397492_11675810437_0,3666,Very High
osm_11416397492_11416397491_0,3666,Very High
osm_11419390672_300165125_0,3989,Moderate
osm_11419436624_6795313110_0,2064,Low
osm_11419436626_330420175_0,199,Low
osm_11419669133_11419669134_0,898,Very Low
osm_11419669134_11419669133_0,898,Very Low
osm_11419669134_299881789_0,838,Very Low
osm_11419669134_299881789_0,898,Very Low
osm_11419669134_299881789_0,1344,Very Low
osm_11419669134_4151681121_0,898,Very Low
osm_11419669134_11419669135_0,838,Very Low
osm_11419669134_11419669135_0,898,Very Low
osm_11419669134_11419669135_0,1344,Very Low
osm_11419669135_11419669134_0,838,Very Low
osm_11419669135_11419669134_0,898,Very Low
osm_11419669135_11419669134_0,1344,Very Low
osm_11430490206_2230781355_0,3995,High
osm_11465291323_2168557357_0,3939,Very High
osm_11465291323_7800528103_0,3939,Very High
osm_11465291323_7800528103_0,3658,Very High
osm_11465291323_2168557358_0,1300,Low
osm_11465291323_2168557358_0,3939,Very High
osm_11465342524_11465342525_0,3673,Very High
osm_11465342524_11465342525_0,3674,Very High
osm_11465342524_11465342525_0,3985,Very High
osm_11465342524_11465342525_0,3988,High
osm_11465342524_300464568_0,3985,Very High
osm_11465342524_300464568_0,3988,High
osm_11465342524_5124315541_0,3673,Very High
osm_11465342524_5124315541_0,3985,Very High
osm_11465342525_5124315540_0,3673,Very High
osm_11465342525_5124315541_0,3673,Very High
osm_11465342525_11465342524_0,3673,Very High
osm_11465342525_11465342524_0,3674,Very High
osm_11465342525_11465342524_0,3985,Very High
osm_11465342525_11465342524_0,3988,High
osm_11465353248_2168576071_0,2062,Moderate
osm_11465353248_11765562067_0,2062,Moderate
osm_11465353248_11465353249_0,2062,Moderate
osm_11465353248_11465353249_0,2063,Low
osm_11465353249_11465353248_0,2062,Moderate
osm_11465353249_11465353248_0,2063,Low
osm_11469197686_2166791415_0,3529,Low
osm_11469197686_2166791415_0,3528,Low
osm_11469197686_2166791415_0,3666,Very High
osm_11469197686_2166791415_0,1161,Low
osm_11469197686_2166739361_0,3529,Low
osm_11469197686_2166739361_0,3528,Low
osm_11469197686_2166739361_0,6015,Very High
osm_11469197686_2166739361_0,6014,Low
osm_11469197686_11469197689_0,3529,Low
osm_11469197686_11469197689_0,3528,Low
osm_11469197686_11469197689_0,1161,Low
osm_11469197689_2166791413_0,1161,Low
osm_11469197689_2166791414_0,3666,Very High
osm_11469197689_2166791414_0,1161,Low
osm_11469197689_11469197686_0,3529,Low
osm_11469197689_11469197686_0,3528,Low
osm_11469197689_11469197686_0,1161,Low
osm_11482462520_7817675904_0,3664,Very High
osm_11508096840_1944183746_0,2054,Moderate
osm_11508096840_1944183795_0,2054,Moderate
osm_11508096840_11508116502_0,2054,Moderate
osm_11508096840_11508116502_0,838,Very Low
osm_11508096842_11757094598_0,2056,Moderate
osm_11508096842_2230812041_0,2056,Moderate
osm_11508096843_11508096844_0,838,Very Low
osm_11508096844_2230812041_0,2056,Moderate
osm_11508096844_2230812041_0,838,Very Low
osm_11508096844_300455152_0,838,Very Low
osm_11508096844_11508096843_0,838,Very Low
osm_11508096849_1944183841_0,838,Very Low
osm_11508096849_1944183842_0,838,Very Low
osm_11508096849_1944183801_0,2054,Moderate
osm_11508096849_1944183801_0,838,Very Low
osm_11508116502_11508096840_0,2054,Moderate
osm_11508116502_11508096840_0,838,Very Low
osm_11508116503_11402807614_0,838,Very Low
osm_11508116503_11402782216_0,838,Very Low
osm_11508116503_11402782216_0,4020,High
osm_11508116503_11402782216_0,1367,Very Low
osm_11508116503_300455516_0,2054,Moderate
osm_11508116503_300455516_0,838,Very Low
osm_11508116503_300455516_0,4020,High
osm_11508116507_11402807612_0,838,Very Low
osm_11508116507_11402807612_0,898,Very Low
osm_11508116507_11508116508_0,838,Very Low
osm_11508116507_11508116508_0,4020,High
osm_11508116507_11508116508_0,1367,Very Low
osm_11508116507_11402807614_0,838,Very Low
osm_11508116507_11402807614_0,1367,Very Low
osm_11508116508_11402803720_0,4020,High
osm_11508116508_11402803720_0,1367,Very Low
osm_11508116508_11508116507_0,838,Very Low
osm_11508116508_11508116507_0,4020,High
osm_11508116508_11508116507_0,1367,Very Low
osm_11508116508_11402782216_0,4020,High
osm_11508116509_300455150_0,2057,Low
osm_11508116509_300455150_0,898,Very Low
osm_11508116509_10029132819_0,2057,Low
osm_11508116509_11508116510_0,2057,Low
osm_11508116509_11508116510_0,898,Very Low
osm_11508116510_11508116509_0,2057,Low
osm_11508116510_11508116509_0,898,Very Low
osm_11508183950_6307294329_0,898,Very Low
osm_11508183950_6307294329_0,1345,Very Low
osm_11508183950_2230781364_0,898,Very Low
osm_11508183950_11508183951_0,898,Very Low
osm_11508183950_11508183951_0,1345,Very Low
osm_11508183951_11508183950_0,898,Very Low
osm_11508183951_11508183950_0,1345,Very Low
osm_11591490821_300464024_0,2124,Low
osm_11591490821_300184997_0,2124,Low
osm_11591490821_11591490822_0,2124,Low
osm_11591490822_11591490821_0,2124,Low
osm_11591529924_11591529926_0,898,Very Low
osm_11591529924_6498321180_0,898,Very Low
osm_11591529924_11591529925_0,898,Very Low
osm_11591529924_11591529925_0,2124,Low
osm_11591529925_11591529924_0,898,Very Low
osm_11591529925_11591529924_0,2124,Low
osm_11591529926_299883685_0,898,Very Low
osm_11591529926_11591529924_0,898,Very Low
osm_11591529926_11591529927_0,898,Very Low
osm_11591529926_11591529927_0,2124,Low
osm_11591529927_11591529926_0,898,Very Low
osm_11591529927_11591529926_0,2124,Low
osm_11591543004_11041690055_0,3666,Very High
osm_11601420881_338223142_0,1345,Very Low
osm_11601420881_978534729_0,1344,Very Low
osm_11601420881_978534729_0,1345,Very Low
osm_11601420881_11601420886_0,1344,Very Low
osm_11601420881_11601420886_0,1345,Very Low
osm_11601420886_11601420881_0,1344,Very Low
osm_11601420886_11601420881_0,1345,Very Low
osm_11601535938_6245878228_0,3664,Very High
osm_11601535938_9575558218_0,2122,Moderate
osm_11601535938_9575558218_0,2121,High
osm_11601535938_9575558218_0,3664,Very High
osm_11612617050_7806740579_0,3995,High
osm_11612617051_7806740579_0,3995,High
osm_11612617051_299878655_0,3995,High
osm_11612617051_11612617052_0,3995,High
osm_11612617052_11612617051_0,3995,High
osm_11612670134_300304364_0,3995,High
osm_11612670134_7030307791_0,3995,High
osm_11612670134_11612670135_0,3995,High
osm_11612670135_11612670134_0,3995,High
osm_11612717440_300464907_0,3985,Very High
osm_11612717440_300464907_0,3988,High
osm_11612717440_300313916_0,3985,Very High
osm_11612717440_300313917_0,3985,Very High
osm_11612717440_300313917_0,3988,High
osm_11612748156_338406531_0,2063,Low
osm_11612748156_338461163_0,2063,Low
osm_11612748156_4294218143_0,2063,Low
osm_11612763919_11612763921_0,3995,High
osm_11612763919_11794953392_0,3995,High
osm_11612763919_11612763920_0,3995,High
osm_11612763920_11612763919_0,3995,High
osm_11612763921_300464005_0,3995,High
osm_11612763921_11612763919_0,3995,High
osm_11612763921_11612763922_0,3995,High
osm_11612763922_11612763921_0,3995,High
osm_11612773137_11612773138_0,3985,Very High
osm_11612773137_11612773138_0,3987,High
osm_11612773137_4239226795_0,3985,Very High
osm_11612773137_4239226795_0,3987,High
osm_11612773137_338406415_0,3985,Very High
osm_11612773138_6818831853_0,3987,High
osm_11612773138_1457503198_0,3987,High
osm_11612773138_11612773137_0,3985,Very High
osm_11612773138_11612773137_0,3987,High
osm_11612775782_2167027874_0,3995,High
osm_11612806014_1641564603_0,3985,Very High
osm_11612806014_1641564603_0,3988,High
osm_11612806014_1641564599_0,3985,Very High
osm_11612806014_1641563441_0,3985,Very High
osm_11612806383_11612806385_0,3985,Very High
osm_11612806383_1457503274_0,3985,Very High
osm_11612806383_11612806384_0,3985,Very High
osm_11612806384_11612806383_0,3985,Very High
osm_11612806385_11054635081_0,3985,Very High
osm_11612806385_11612806383_0,3985,Very High
osm_11612806385_11612806386_0,3985,Very High
osm_11612806386_11612806385_0,3985,Very High
osm_11612995229_338461675_0,1370,Very Low
osm_11612995229_338461698_0,838,Very Low
osm_11612995229_338461698_0,898,Very Low
osm_11612995229_338461698_0,1370,Very Low
osm_11612995229_338461661_0,1370,Very Low
osm_11618372055_11618372056_0,3989,Moderate
osm_11618372055_11618372056_0,1345,Very Low
osm_11618372055_11770291534_0,3989,Moderate
osm_11618372055_11770291534_0,1345,Very Low
osm_11618372055_300306222_0,3989,Moderate
osm_11618372055_300306222_0,1345,Very Low
osm_11618372056_11618372055_0,3989,Moderate
osm_11618372056_11618372055_0,1345,Very Low
osm_11618411723_2407564048_0,199,Low
osm_11618417255_299883712_0,898,Very Low
osm_11618417255_11043635649_0,898,Very Low
osm_11618417255_11618417256_0,898,Very Low
osm_11618417256_11618417255_0,898,Very Low
osm_11618453820_300463595_0,3995,High
osm_11618453820_299881056_0,3995,High
osm_11618453820_299881056_0,3996,Moderate
osm_11618453820_11618453821_0,3995,High
osm_11618453820_11618453821_0,2124,Low
osm_11618453820_11618453821_0,3996,Moderate
osm_11618453821_11618453820_0,3995,High
osm_11618453821_11618453820_0,2124,Low
osm_11618453821_11618453820_0,3996,Moderate
osm_11622254804_300303465_0,898,Very Low
osm_11622292440_300136290_0,898,Very Low
osm_11622305335_299878024_0,1344,Very Low
osm_11622305335_299878024_0,3995,High
osm_11622307850_300303173_0,898,Very Low
osm_11622307850_300303173_0,1410,Very Low
osm_11622307850_300303309_0,898,Very Low
osm_11622307850_11622307851_0,898,Very Low
osm_11622307851_299881092_0,898,Very Low
osm_11622307851_11622307850_0,898,Very Low
osm_11622307851_299881959_0,898,Very Low
osm_11622320580_6305062118_0,1344,Very Low
osm_11622320580_6305062118_0,3995,High
osm_11622320580_11622320581_0,3995,High
osm_11622320580_11622320582_0,3995,High
osm_11622320581_11622320580_0,3995,High
osm_11622320582_300164887_0,3995,High
osm_11622320582_11622320583_0,3995,High
osm_11622320582_11622320580_0,3995,High
osm_11622320583_11622320582_0,3995,High
osm_11622343188_299881956_0,898,Very Low
osm_11622343188_277912042_0,898,Very Low
osm_11622343188_277912042_0,2124,Low
osm_11622343188_300165093_0,898,Very Low
osm_11622343188_300165093_0,2124,Low
osm_11622470416_300304144_0,2124,Low
osm_11625982860_2168960155_0,199,Low
osm_11625982860_313444419_0,199,Low
osm_11625982860_11625982861_0,199,Low
osm_11625982861_313444432_0,199,Low
osm_11625982861_313444425_0,199,Low
osm_11625982861_11625982860_0,199,Low
osm_11626010093_300164824_0,2064,Low
osm_11626010093_299880477_0,2064,Low
osm_11626010093_11626010094_0,2064,Low
osm_11626010094_6445038355_0,2064,Low
osm_11626010094_300164825_0,2064,Low
osm_11626010094_11626010093_0,2064,Low
osm_11626010095_299880477_0,2064,Low
osm_11626010095_330410518_0,2064,Low
osm_11626010095_11626010096_0,2064,Low
osm_11626010096_2168960104_0,2064,Low
osm_11626010096_6445038355_0,2064,Low
osm_11626010096_11626010095_0,2064,Low
osm_11626042857_300464378_0,3995,High
osm_11626050253_11626050254_0,210,Low
osm_11626050254_11626050253_0,210,Low
osm_11626050254_11064859586_0,210,Low
osm_11626050254_11626067032_0,210,Low
osm_11626066312_299883986_0,3664,Very High
osm_11626066312_11626066313_0,3664,Very High
osm_11626066312_299883876_0,3664,Very High
osm_11626066313_11626066312_0,3664,Very High
osm_11626067032_11626067033_0,210,Low
osm_11626067032_11626050254_0,210,Low
osm_11626067032_11064859588_0,210,Low
osm_11626067032_11626067037_0,210,Low
osm_11626067033_11626067032_0,210,Low
osm_11626067037_11626067032_0,210,Low
osm_11626076949_2167027616_0,3995,High
osm_11626076949_299878486_0,3995,High
osm_11626076949_12027873720_0,3995,High
osm_11626077024_300464334_0,3993,Very High
osm_11626077024_300464334_0,3995,High
osm_11626077024_300464332_0,3993,Very High
osm_11626077024_11626077035_0,3993,Very High
osm_11626077024_11626077035_0,3669,Very High
osm_11626077024_11626077035_0,3995,High
osm_11626077035_2167027630_0,3669,Very High
osm_11626077035_2167027612_0,3669,Very High
osm_11626077035_11626077024_0,3993,Very High
osm_11626077035_11626077024_0,3669,Very High
osm_11626077035_11626077024_0,3995,High
osm_11626091359_299385520_0,210,Low
osm_11626101438_2230781378_0,3669,Very High
osm_11626123124_2167148970_0,1344,Very Low
osm_11626123124_2167148970_0,1345,Very Low
osm_11626131729_300134220_0,210,Low
osm_11626211548_300135045_0,2118,Low
osm_11626211548_300135044_0,2118,Low
osm_11626211548_300135044_0,210,Low
osm_11626211548_9181638649_0,2118,Low
osm_11626211548_9181638649_0,210,Low
osm_11626222040_277912916_0,210,Low
osm_11626222040_300157970_0,210,Low
osm_11626222040_11626222041_0,210,Low
osm_11626222041_11626222040_0,210,Low
osm_11626275937_11626275938_0,4063,Moderate
osm_11626275937_338223186_0,4063,Moderate
osm_11626275937_9181638649_0,4063,Moderate
osm_11626275937_9181638649_0,2118,Low
osm_11626275937_9181638649_0,210,Low
osm_11626275938_11626275937_0,4063,Moderate
osm_11626279470_11626279471_0,4063,Moderate
osm_11626279470_300136382_0,1410,Very Low
osm_11626279470_300136382_0,4063,Moderate
osm_11626279470_2167149198_0,4063,Moderate
osm_11626279471_11626279470_0,4063,Moderate
osm_11626417913_11626417915_0,210,Low
osm_11626417914_300158027_0,210,Low
osm_11626417914_11626417915_0,210,Low
osm_11626417914_300157970_0,210,Low
osm_11626417915_11626417914_0,210,Low
osm_11626417915_11626417913_0,210,Low
osm_11626417915_11626417916_0,210,Low
osm_11626417916_11626417915_0,210,Low
osm_11640529889_299875544_0,3666,Very High
osm_11640529889_299875543_0,3666,Very High
osm_11640529889_299875543_0,1161,Low
osm_11640529889_11640529890_0,3666,Very High
osm_11640529890_11640529889_0,3666,Very High
osm_11644819857_1944183731_0,197,Low
osm_11644819857_1944183731_0,2055,Low
osm_11644819857_1944183731_0,2054,Moderate
osm_11644819857_1944183731_0,838,Very Low
osm_11644819857_1944183741_0,2054,Moderate
osm_11644819857_1944183741_0,838,Very Low
osm_11644819857_2168809994_0,838,Very Low
osm_11644819857_2168809994_0,898,Very Low
osm_11644819857_7800965133_0,838,Very Low
osm_11644823609_11644823614_0,2054,Moderate
osm_11644823609_1944183746_0,2054,Moderate
osm_11644823609_11644823613_0,2055,Low
osm_11644823609_11644823613_0,2054,Moderate
osm_11644823613_2168810008_0,2055,Low
osm_11644823613_1944183730_0,2055,Low
osm_11644823613_11644823609_0,2055,Low
osm_11644823613_11644823609_0,2054,Moderate
osm_11644823614_1944183741_0,2054,Moderate
osm_11644823614_11644823609_0,2054,Moderate
osm_11644823614_1944183730_0,2055,Low
osm_11644823614_1944183730_0,2054,Moderate
osm_11645084261_300455073_0,2054,Moderate
osm_11645084261_300455072_0,2054,Moderate
osm_11645084261_11645095769_0,2055,Low
osm_11645084261_11645095769_0,2054,Moderate
osm_11645095769_300454915_0,2055,Low
osm_11645095769_1944183766_0,2055,Low
osm_11645095769_11645084261_0,2055,Low
osm_11645095769_11645084261_0,2054,Moderate
osm_11645284462_11645284463_0,838,Very Low
osm_11645284462_7800965133_0,838,Very Low
osm_11645284462_11645284468_0,838,Very Low
osm_11645284463_11645284462_0,838,Very Low
osm_11645284463_11765562044_0,838,Very Low
osm_11645284463_1454653843_0,838,Very Low
osm_11645284463_1454653843_0,898,Very Low
osm_11645284463_11765562395_0,838,Very Low
osm_11645284463_11765562395_0,2062,Moderate
osm_11645284468_11645284462_0,838,Very Low
osm_11647723640_11647723641_0,898,Very Low
osm_11647723640_338238832_0,898,Very Low
osm_11647723640_11647852171_0,898,Very Low
osm_11647723641_11647723640_0,898,Very Low
osm_11647852171_300368261_0,898,Very Low
osm_11647852171_11647852172_0,898,Very Low
osm_11647852171_11647723640_0,898,Very Low
osm_11647852172_11647852171_0,898,Very Low
osm_11659116587_2166791410_0,3998,High
osm_11659116587_277912055_0,3998,High
osm_11664637820_338239089_0,898,Very Low
osm_11664671713_338250169_0,3664,Very High
osm_11675810437_10281683507_0,3997,Very High
osm_11675810437_10281683507_0,3666,Very High
osm_11675810437_338238785_0,3666,Very High
osm_11733982486_339287121_0,354,Low
osm_11733982486_7826394700_0,354,Low
osm_11733982486_339287175_0,354,Low
osm_11733982492_300198100_0,354,Low
osm_11733982492_7826394697_0,354,Low
osm_11733982492_13922289682_0,354,Low
osm_11752647820_11752647821_0,1370,Very Low
osm_11752647820_338461555_0,2056,Moderate
osm_11752647820_338461555_0,4023,High
osm_11752647820_338461555_0,1370,Very Low
osm_11752647820_338461661_0,1370,Very Low
osm_11752647821_11752647820_0,1370,Very Low
osm_11756913793_7800965134_0,195,Low
osm_11756913793_1944183634_0,195,Low
osm_11756913793_1944183586_0,195,Low
osm_11756913814_2168810019_0,2055,Low
osm_11756913814_2168810009_0,197,Low
osm_11756913814_2168810009_0,2055,Low
osm_11756913814_2168810011_0,197,Low
osm_11756913814_2168810011_0,2055,Low
osm_11756913822_2168810011_0,197,Low
osm_11756913822_1454653838_0,197,Low
osm_11756913822_2168810009_0,197,Low
osm_11757094575_300455070_0,2055,Low
osm_11757094575_300455070_0,2054,Moderate
osm_11757094575_11757094576_0,2054,Moderate
osm_11757094575_1944183838_0,2054,Moderate
osm_11757094575_1944183838_0,838,Very Low
osm_11757094576_11757094575_0,2054,Moderate
osm_11757094576_2168810026_0,2055,Low
osm_11757094576_2168810026_0,2054,Moderate
osm_11757094576_1944183837_0,2054,Moderate
osm_11757094576_1944183837_0,838,Very Low
osm_11757094587_1944183771_0,2055,Low
osm_11757094587_1944183771_0,2054,Moderate
osm_11757094587_303453572_0,2055,Low
osm_11757094587_10239603817_0,2055,Low
osm_11757094596_11757094597_0,838,Very Low
osm_11757094597_1944183846_0,838,Very Low
osm_11757094597_1944183845_0,838,Very Low
osm_11757094597_11757094596_0,838,Very Low
osm_11757094598_2230812050_0,2056,Moderate
osm_11757094598_11508096842_0,2056,Moderate
osm_11757094598_11757094607_0,2056,Moderate
osm_11757094607_2230812045_0,2056,Moderate
osm_11757094607_11064659622_0,2057,Low
osm_11757094607_11064659622_0,2056,Moderate
osm_11757094607_11064659622_0,4021,High
osm_11757094607_11757094598_0,2056,Moderate
osm_11757094621_1944183837_0,2057,Low
osm_11757094621_1944183837_0,838,Very Low
osm_11757094621_1944183837_0,898,Very Low
osm_11757094621_2230812046_0,2057,Low
osm_11757094621_2168810062_0,2057,Low
osm_11757094629_2230812050_0,2056,Moderate
osm_11765562043_11765562044_0,838,Very Low
osm_11765562044_1454653834_0,838,Very Low
osm_11765562044_11765562043_0,838,Very Low
osm_11765562044_11645284463_0,838,Very Low
osm_11765562058_2168576069_0,2062,Moderate
osm_11765562058_1944183710_0,2062,Moderate
osm_11765562058_11765562061_0,2062,Moderate
osm_11765562061_1454653834_0,838,Very Low
osm_11765562061_1454653834_0,2062,Moderate
osm_11765562061_11765562058_0,2062,Moderate
osm_11765562061_11765562067_0,2062,Moderate
osm_11765562067_11465353248_0,2062,Moderate
osm_11765562067_2168576069_0,2062,Moderate
osm_11765562067_11765562061_0,2062,Moderate
osm_11765562068_2168576071_0,2062,Moderate
osm_11765562395_11645284463_0,838,Very Low
osm_11765562395_11645284463_0,2062,Moderate
osm_11765562398_2168809995_0,898,Very Low
osm_11768230863_2230781326_0,3664,Very High
osm_11768230864_11101583942_0,3993,Very High
osm_11768230864_11101583942_0,3995,High
osm_11768865771_338406517_0,2063,Low
osm_11768865771_338406517_0,2124,Low
osm_11768865791_7806646878_0,898,Very Low
osm_11768865791_299878744_0,898,Very Low
osm_11768865791_299883719_0,898,Very Low
osm_11768865797_7806646878_0,898,Very Low
osm_11768865837_299878409_0,1344,Very Low
osm_11770224835_11770224836_0,199,Low
osm_11770224836_11770224838_0,199,Low
osm_11770224836_3419458798_0,199,Low
osm_11770224836_11770224835_0,199,Low
osm_11770224837_11770224838_0,199,Low
osm_11770224838_300312836_0,199,Low
osm_11770224838_11770224836_0,199,Low
osm_11770224838_11770224837_0,199,Low
osm_11770224839_11770224840_0,199,Low
osm_11770224840_11770224839_0,199,Low
osm_11770224840_11770224842_0,199,Low
osm_11770224840_11770224843_0,199,Low
osm_11770224841_338440186_0,199,Low
osm_11770224842_11770224840_0,199,Low
osm_11770224843_4265654358_0,199,Low
osm_11770224843_11770224840_0,199,Low
osm_11770224843_338440186_0,199,Low
osm_11770224845_11770224846_0,2065,Low
osm_11770224845_11770224846_0,4062,Moderate
osm_11770224846_11770278873_0,2065,Low
osm_11770224846_11770224845_0,2065,Low
osm_11770224846_11770224845_0,4062,Moderate
osm_11770224846_4265654358_0,2065,Low
osm_11770224846_4265654358_0,199,Low
osm_11770224847_11770224848_0,199,Low
osm_11770224848_277911475_0,199,Low
osm_11770224848_11770224847_0,199,Low
osm_11770224848_2407565895_0,199,Low
osm_11770224849_11770224859_0,199,Low
osm_11770224849_11770224859_1,199,Low
osm_11770224849_300195622_0,199,Low
osm_11770224859_11770224849_0,199,Low
osm_11770224859_11770224849_1,199,Low
osm_11770224859_11938949875_0,199,Low
osm_11770278873_325206636_0,2065,Low
osm_11770278873_11770224846_0,2065,Low
osm_11770278873_4265654360_0,2065,Low
osm_11770278873_4265654360_0,4062,Moderate
osm_11770278884_11770278892_0,4062,Moderate
osm_11770278885_11770278892_0,4062,Moderate
osm_11770278892_11770278884_0,4062,Moderate
osm_11770278892_11770278885_0,4062,Moderate
osm_11770278892_4265654359_0,2065,Low
osm_11770278892_4265654359_0,4062,Moderate
osm_11770278892_4265654359_0,199,Low
osm_11770278929_7266494420_0,911,Very Low
osm_11770278933_7266494419_0,911,Very Low
osm_11770278933_7266494419_0,2064,Low
osm_11770278945_338440245_0,199,Low
osm_11770278946_3674393198_0,199,Low
osm_11770278946_11770278950_0,199,Low
osm_11770278946_11770278947_0,199,Low
osm_11770278946_11770278947_0,2064,Low
osm_11770278947_11770278946_0,199,Low
osm_11770278947_11770278946_0,2064,Low
osm_11770278947_11770278948_0,2064,Low
osm_11770278947_11770278949_0,2064,Low
osm_11770278948_3674393198_0,199,Low
osm_11770278948_3674393198_0,2064,Low
osm_11770278948_11770278954_0,2064,Low
osm_11770278948_11770278947_0,2064,Low
osm_11770278949_11770278950_0,199,Low
osm_11770278949_11770278950_0,2064,Low
osm_11770278949_11770278947_0,2064,Low
osm_11770278949_11770278961_0,2064,Low
osm_11770278949_11770278961_0,4061,Moderate
osm_11770278950_11770278946_0,199,Low
osm_11770278950_300164051_0,199,Low
osm_11770278950_11770278949_0,199,Low
osm_11770278950_11770278949_0,2064,Low
osm_11770278951_300164157_0,199,Low
osm_11770278951_3674393198_0,199,Low
osm_11770278951_11770278954_0,199,Low
osm_11770278951_11770278954_0,2064,Low
osm_11770278953_299386096_0,2064,Low
osm_11770278953_299386096_0,4061,Moderate
osm_11770278953_11770278954_0,2064,Low
osm_11770278953_300192883_0,2064,Low
osm_11770278954_11770278953_0,2064,Low
osm_11770278954_11770278948_0,2064,Low
osm_11770278954_11770278951_0,199,Low
osm_11770278954_11770278951_0,2064,Low
osm_11770278961_299386096_0,4061,Moderate
osm_11770278961_330420139_0,4061,Moderate
osm_11770278961_11770278949_0,2064,Low
osm_11770278961_11770278949_0,4061,Moderate
osm_11770278962_6496531946_0,2064,Low
osm_11770278963_300163926_0,2064,Low
osm_11770278963_300164009_0,2064,Low
osm_11770278963_338440260_0,2064,Low
osm_11770278968_11770278969_0,4061,Moderate
osm_11770278969_11770278968_0,4061,Moderate
osm_11770278969_299386096_0,4061,Moderate
osm_11770278969_300192714_0,4061,Moderate
osm_11770278970_11770278971_0,2064,Low
osm_11770278971_330420234_0,2064,Low
osm_11770278971_11770278970_0,2064,Low
osm_11770278971_330420240_0,2064,Low
osm_11770291502_11770291505_0,898,Very Low
osm_11770291505_300165208_0,898,Very Low
osm_11770291505_6444993156_0,898,Very Low
osm_11770291505_11770291502_0,898,Very Low
osm_11770291534_300165175_0,3989,Moderate
osm_11770291534_11618372055_0,3989,Moderate
osm_11770291534_11618372055_0,1345,Very Low
osm_11770291534_11794964049_0,3989,Moderate
osm_11770291540_300305467_0,1344,Very Low
osm_11770291540_300305467_0,3995,High
osm_11770291540_300305467_0,1345,Very Low
osm_11770291561_300463611_0,898,Very Low
osm_11770291561_300463611_0,1345,Very Low
osm_11770378180_11770378182_0,199,Low
osm_11770378182_338440274_0,199,Low
osm_11770378182_338440263_0,199,Low
osm_11770378182_11770378180_0,199,Low
osm_11770378188_338440263_0,199,Low
osm_11770605203_11058020272_0,199,Low
osm_11770605249_11770605250_0,199,Low
osm_11770605250_11058075117_0,199,Low
osm_11770605250_11058075115_0,199,Low
osm_11770605250_11770605249_0,199,Low
osm_11786365793_11827561034_0,899,Very Low
osm_11789399784_338250098_0,3995,High
osm_11789399784_338250098_0,2123,Moderate
osm_11789399784_338250098_0,2124,Low
osm_11789974947_338406658_0,199,Low
osm_11794924262_11794935375_0,1344,Very Low
osm_11794924262_11794935375_0,3995,High
osm_11794935375_11794957073_0,1344,Very Low
osm_11794935375_11794957073_0,3995,High
osm_11794935375_300304832_0,1344,Very Low
osm_11794935375_300304832_0,1345,Very Low
osm_11794935375_11794924262_0,1344,Very Low
osm_11794935375_11794924262_0,3995,High
osm_11794935382_11794957073_0,3995,High
osm_11794953391_11794953392_0,3995,High
osm_11794953392_11612763919_0,3995,High
osm_11794953392_11794953391_0,3995,High
osm_11794953392_299881944_0,3995,High
osm_11794957072_11794957073_0,3995,High
osm_11794957073_11794935382_0,3995,High
osm_11794957073_11794957072_0,3995,High
osm_11794957073_11794935375_0,1344,Very Low
osm_11794957073_11794935375_0,3995,High
osm_11794964049_11770291534_0,3989,Moderate
osm_11794989078_300463604_0,898,Very Low
osm_11794989078_11794989079_0,898,Very Low
osm_11794989078_2407565221_0,898,Very Low
osm_11794989079_11794989078_0,898,Very Low
osm_11795012983_4304449135_0,2065,Low
osm_11801132749_300159499_0,199,Low
osm_11801132749_11801132750_0,199,Low
osm_11801132749_300159185_0,199,Low
osm_11801132750_7806766992_0,199,Low
osm_11801132750_338223214_0,199,Low
osm_11801132750_11801132749_0,199,Low
osm_11801245726_11801272291_0,2064,Low
osm_11801245726_330420108_0,2064,Low
osm_11801245726_11801245727_0,2064,Low
osm_11801245727_11801245726_0,2064,Low
osm_11801247505_1944183665_0,195,Low
osm_11801251153_1944183723_0,197,Low
osm_11801272291_11801245726_0,2064,Low
osm_11801272291_11801272292_0,2064,Low
osm_11801272291_330420198_0,2064,Low
osm_11801272292_11801272291_0,2064,Low
osm_11801351212_1944183614_0,195,Low
osm_11801351212_1944183608_0,195,Low
osm_11801351212_1944183667_0,195,Low
osm_11801377581_2168960231_0,199,Low
osm_11801625127_11801625128_0,2056,Moderate
osm_11801625127_1640636924_0,2056,Moderate
osm_11801625127_1640636924_0,4023,High
osm_11801625127_1765260863_0,2056,Moderate
osm_11801625128_11801625127_0,2056,Moderate
osm_11806316594_300464063_0,898,Very Low
osm_11806341579_300464018_0,211,Low
osm_11806341579_299883712_0,898,Very Low
osm_11818280950_338249935_0,3995,High
osm_11818280950_338249938_0,3995,High
osm_11818280950_11818280951_0,3995,High
osm_11818280951_11818280950_0,3995,High
osm_11818282228_11818282232_0,3998,High
osm_11818282228_299883136_0,3998,High
osm_11818282228_11818282229_0,3998,High
osm_11818282229_11818282228_0,3998,High
osm_11818282230_338238808_0,2130,Moderate
osm_11818282231_338238808_0,2130,Moderate
osm_11818282232_338238808_0,2130,Moderate
osm_11818282232_338238808_0,3998,High
osm_11818282232_11818282228_0,3998,High
osm_11818282232_11818282233_0,3998,High
osm_11818282233_11818282232_0,3998,High
osm_11818305801_300368328_0,838,Very Low
osm_11818333497_300465165_0,3998,High
osm_11818333497_301301527_0,3998,High
osm_11818333497_11818333498_0,3998,High
osm_11818333498_11818333497_0,3998,High
osm_11818417011_339281277_0,199,Low
osm_11818417011_339281277_0,2066,Low
osm_11818417011_339291907_0,2066,Low
osm_11818417011_11818417012_0,2066,Low
osm_11818417012_11818417011_0,2066,Low
osm_11827561034_11786365793_0,899,Very Low
osm_11827561034_299881845_0,899,Very Low
osm_11827561034_11827561038_0,899,Very Low
osm_11827561038_11827561034_0,899,Very Low
osm_11832488583_2167149032_0,211,Low
osm_11832488583_11832488587_0,211,Low
osm_11832488587_11832488583_0,211,Low
osm_11898243862_300165585_0,2124,Low
osm_11938949875_11770224859_0,199,Low
osm_11938949875_249112798_0,199,Low
osm_11941450632_2407564028_0,3669,Very High
osm_11941450633_330401245_0,1344,Very Low
osm_11941450633_330401245_0,1163,Low
osm_11941450633_330401245_0,1164,Low
osm_11941450633_330401245_0,3669,Very High
osm_12027822370_12027822375_0,898,Very Low
osm_12027822370_12027822375_0,3992,Moderate
osm_12027822370_12027822375_0,2117,Low
osm_12027822375_338249955_0,3992,Moderate
osm_12027822375_6583378201_0,3992,Moderate
osm_12027822375_12027822370_0,898,Very Low
osm_12027822375_12027822370_0,3992,Moderate
osm_12027822375_12027822370_0,2117,Low
osm_12027873720_11626076949_0,3995,High
osm_12030550711_12030550712_0,212,Low
osm_12030550711_338238910_0,899,Very Low
osm_12030550712_338238919_0,212,Low
osm_12030550712_338238910_0,899,Very Low
osm_12030550712_338238910_0,212,Low
osm_12030550712_12030550711_0,212,Low
osm_12030565392_12030565393_0,3998,High
osm_12030565392_12030565393_0,1344,Very Low
osm_12030565393_12030565392_0,3998,High
osm_12030565393_12030565392_0,1344,Very Low
osm_12030565393_2166791418_0,3998,High
osm_12030565393_12030565394_0,3998,High
osm_12030565394_277912052_0,3998,High
osm_12030565394_300368570_0,3998,High
osm_12030565394_12030565393_0,3998,High
osm_12040953841_7806646878_0,898,Very Low
osm_12040970369_300464027_0,2124,Low
osm_12040970369_300464027_0,211,Low
osm_12046121533_12046121534_0,5003,Very High
osm_12046121533_12046121534_0,3666,Very High
osm_12046121533_301301522_0,3666,Very High
osm_12046121534_12046121535_0,5003,Very High
osm_12046121534_12046121533_0,5003,Very High
osm_12046121534_12046121533_0,3666,Very High
osm_12046121534_12046121536_0,5003,Very High
osm_12046121534_12046121536_0,3666,Very High
osm_12046121535_12046121534_0,5003,Very High
osm_12046121536_12046121534_0,5003,Very High
osm_12046121536_12046121534_0,3666,Very High
osm_12055235104_12055235107_0,210,Low
osm_12055235104_12055235106_0,210,Low
osm_12055235104_300134656_0,210,Low
osm_12055235106_12055235104_0,210,Low
osm_12055235107_12055235104_0,210,Low
osm_12067413872_2168960109_0,199,Low
osm_12067413872_300191336_0,199,Low
osm_12067413872_12067413873_0,199,Low
osm_12067413873_12067413872_0,199,Low
osm_12071016129_12181493717_1,898,Very Low
osm_12156990400_1457503511_0,2063,Low
osm_12156990400_325210159_0,2063,Low
osm_12157030704_338282605_0,1344,Very Low
osm_12157056340_1141164574_0,1974,Very Low
osm_12157056340_1141164574_0,5002,High
osm_12157056340_1141164574_0,4999,High
osm_12157056340_1141164574_0,2122,Moderate
osm_12157056340_2197525484_0,837,Very Low
osm_12157056340_2197525484_0,1974,Very Low
osm_12157056340_2197525484_0,5002,High
osm_12157056340_2197525484_0,4999,High
osm_12157056340_2197525484_0,2122,Moderate
osm_12157056340_2197525484_0,1022,Very Low
osm_12157056340_2197525484_0,2125,Low
osm_12157056340_2197525484_0,1343,Very Low
osm_12157056340_2197525484_0,1342,Low
osm_12181493717_12071016129_1,898,Very Low
osm_12183394019_338282591_0,1342,Low
osm_12183394019_12183394020_0,3985,Very High
osm_12183394019_12183394020_0,1342,Low
osm_12183394020_12183394019_0,3985,Very High
osm_12183394020_12183394019_0,1342,Low
osm_12204815383_300163994_0,2064,Low
osm_12204815383_300163994_0,4061,Moderate
osm_12204815383_7806670150_0,4061,Moderate
osm_12204815383_330420211_0,4061,Moderate
osm_12204815385_330420211_0,4061,Moderate
osm_12204815385_330420211_1,4061,Moderate
osm_12204815385_7806670150_0,4061,Moderate
osm_12272541598_299881121_0,1344,Very Low
osm_12294623164_10120161726_0,898,Very Low
osm_12294623164_10120161726_0,2063,Low
osm_12333559380_12333559381_0,2048,Low
osm_12333559380_13367154503_0,2048,Low
osm_12333559380_7800752327_0,2048,Low
osm_12333559381_12333559380_0,2048,Low
osm_12415838560_300304457_0,3995,High
osm_12483820299_6590245067_0,212,Low
osm_12483820299_10175165827_0,2131,Low
osm_12483820299_10175165827_0,212,Low
osm_12483820630_338341110_0,3987,High
osm_12483820631_338341110_0,3987,High
osm_12483820631_12483820630_0,3987,High
osm_12497489526_12497489527_0,2063,Low
osm_12497489527_10281826356_0,2063,Low
osm_12497489527_12497489526_0,2063,Low
osm_12603585538_1141163608_0,2057,Low
osm_12603585538_1141163728_0,2057,Low
osm_12603585538_1141163728_0,2056,Moderate
osm_12603585538_11054193202_0,2057,Low
osm_12725165090_12725165091_0,2121,High
osm_12725165090_7825578381_0,2121,High
osm_12725165090_7825578381_0,3664,Very High
osm_12725165090_7825578381_0,3993,Very High
osm_12725165090_7825578381_0,1344,Very Low
osm_12725165090_7825578381_0,3995,High
osm_12725165091_12725165090_0,2121,High
osm_12725165091_9575558232_0,2122,Moderate
osm_12725165091_9575558232_0,2121,High
osm_12725165091_9575558232_0,2125,Low
osm_12756684689_338341116_0,2069,Low
osm_12756684689_12483820631_0,2061,Moderate
osm_12756684689_12483820631_0,2069,Low
osm_12756684689_12483820631_0,3987,High
osm_12953637296_11066687191_0,210,Low
osm_13019074034_1457503505_0,2063,Low
osm_13367154503_13367154504_0,2048,Low
osm_13367154503_12333559380_0,2048,Low
osm_13367154503_3926386344_0,2048,Low
osm_13367154504_13367154503_0,2048,Low
osm_13747462079_5355073731_0,837,Very Low
osm_13747462079_5355073731_0,2061,Moderate
osm_13747462079_5355073731_0,1021,Very Low
osm_13747462079_5355073731_0,4999,High
osm_13747462079_5355073731_0,1022,Very Low
osm_13747462079_13747462082_0,4999,High
osm_13747462082_12157056339_0,4999,High
osm_13793703061_300463970_0,898,Very Low
osm_13793703061_300463970_0,3989,Moderate
osm_13793703061_300463970_0,1345,Very Low
osm_13816805235_2167027576_0,3664,Very High
osm_13816805235_2167027576_0,1342,Low
osm_13816805235_2167027576_0,1161,Low
osm_13820964334_7817675904_0,3664,Very High
osm_13820964335_2669707478_0,3664,Very High
osm_13820964335_2669707478_0,3993,Very High
osm_13820964335_7817675904_0,3664,Very High
osm_13922289682_280087141_0,354,Low
osm_13922289682_11733982492_0,354,Low
osm_13995027323_300165244_0,2124,Low
osm_14014630763_14014630764_0,3988,High
osm_14014630764_4450561191_0,3988,High
osm_14014630764_14014630763_0,3988,High
osm_14014630764_338406546_0,2062,Moderate
osm_14014630764_338406546_0,3988,High
osm_14014630764_338406546_0,2063,Low
osm_14049890124_330410526_0,2064,Low
osm_14049890124_300159513_0,2064,Low
osm_14049890124_11250382315_0,2064,Low
osm_14091487575_301301527_0,3998,High
osm_14091487575_277912055_0,3998,High
osm_14091487575_300465142_0,3998,High
osm_14104708476_4252220047_0,1165,Low
osm_14104708476_4252220047_0,2059,High
osm_14104708476_4252220047_0,3673,Very High
osm_14104708476_4252220047_0,3672,Low
osm_14104708476_4252220047_0,3671,Low
osm_14104708476_4252220047_0,1342,Low
osm_14104708476_7800752329_0,1342,Low
osm_14136671924_5355073730_0,3985,Very High
osm_14136671924_5355073730_0,1342,Low
osm_14136671924_14104708476_0,1342,Low
osm_14137325193_7018373640_0,3985,Very High
osm_14137325193_7018373640_0,1344,Very Low
osm_14137325193_7018373640_0,3988,High
osm_14137325193_338461274_0,2056,Moderate
osm_14137325193_338461274_0,838,Very Low
osm_14137325193_338461274_0,1344,Very Low
osm_14141791475_14141791485_0,2063,Low
osm_14141791480_14141791482_0,3988,High
osm_14141791480_11054537025_0,3985,Very High
osm_14141791480_11054537025_0,3988,High
osm_14141791480_14141791488_0,3988,High
osm_14141791481_14141791490_0,2062,Moderate
osm_14141791481_14141791490_0,3988,High
osm_14141791481_14141791488_0,3988,High
osm_14141791482_14141791480_0,3988,High
osm_14141791482_4239255895_0,3988,High
osm_14141791482_2168576080_0,3988,High
osm_14141791485_14141791475_0,2063,Low
osm_14141791485_14141791481_0,2062,Moderate
osm_14141791485_14141791481_0,3988,High
osm_14141791485_14141791481_0,2063,Low
osm_14141791488_4239255895_0,3988,High
osm_14141791488_14141791481_0,3988,High
osm_14141791488_14141791480_0,3988,High
osm_14141791489_14141791488_0,2062,Moderate
osm_14141791489_14141791488_0,3988,High
osm_14141791489_14141791490_0,2062,Moderate
osm_14141791490_14141791489_0,2062,Moderate
osm_14141791490_10098223822_0,2062,Moderate
osm_14152948067_11054207889_0,2064,Low
osm_14152948067_300159445_0,2064,Low
osm_14152948067_14152948070_0,2064,Low
osm_14152948068_300159299_0,199,Low
osm_14152948068_300159443_0,199,Low
osm_14152948068_14152948070_0,199,Low
osm_14152948068_14152948070_0,2064,Low
osm_14152948069_14152948070_0,2064,Low
osm_14152948070_14152948068_0,199,Low
osm_14152948070_14152948068_0,2064,Low
osm_14152948070_14152948067_0,2064,Low
osm_14152948070_14152948071_0,199,Low
osm_14152948070_14152948071_0,2064,Low
osm_14152948070_14152948069_0,2064,Low
osm_14152948071_14152948070_0,199,Low
osm_14152948071_14152948070_0,2064,Low
osm_14209315070_11158478527_0,210,Low
osm_14209315070_300183382_0,210,Low
osm_14209315070_14209315080_0,210,Low
osm_14209315080_300133844_0,210,Low
osm_14209315080_7825039600_0,210,Low
osm_14209315080_14209315070_0,210,Low
osm_14230268783_338223175_0,2063,Low
osm_14230268783_338223175_0,3989,Moderate
