{
"type": "FeatureCollection",
"name": "velachery_road_nodes",
"crs": { "type": "name", "properties": { "name": "urn:ogc:def:crs:OGC:1.3:CRS84" } },
"features": [
{ "type": "Feature", "properties": { "node_id": 243325994, "x": 80.2236278, "y": 12.9854194 }, "geometry": { "type": "Point", "coordinates": [ 80.2236278, 12.9854194 ] } },
{ "type": "Feature", "properties": { "node_id": 243326004, "x": 80.2213325, "y": 12.9760873 }, "geometry": { "type": "Point", "coordinates": [ 80.2213325, 12.9760873 ] } },
{ "type": "Feature", "properties": { "node_id": 247714672, "x": 80.2164696, "y": 12.9972581 }, "geometry": { "type": "Point", "coordinates": [ 80.2164696, 12.9972581 ] } },
{ "type": "Feature", "properties": { "node_id": 249112798, "x": 80.2196271, "y": 12.9914386 }, "geometry": { "type": "Point", "coordinates": [ 80.2196271, 12.9914386 ] } },
{ "type": "Feature", "properties": { "node_id": 251172939, "x": 80.2322191, "y": 12.9820681 }, "geometry": { "type": "Point", "coordinates": [ 80.2322191, 12.9820681 ] } },
{ "type": "Feature", "properties": { "node_id": 251172944, "x": 80.2306639, "y": 12.9817389 }, "geometry": { "type": "Point", "coordinates": [ 80.2306639, 12.9817389 ] } },
{ "type": "Feature", "properties": { "node_id": 251297475, "x": 80.1999812, "y": 12.9649946 }, "geometry": { "type": "Point", "coordinates": [ 80.1999812, 12.9649946 ] } },
{ "type": "Feature", "properties": { "node_id": 277911462, "x": 80.2313487, "y": 12.9835405 }, "geometry": { "type": "Point", "coordinates": [ 80.2313487, 12.9835405 ] } },
{ "type": "Feature", "properties": { "node_id": 277911463, "x": 80.2308021, "y": 12.9838348 }, "geometry": { "type": "Point", "coordinates": [ 80.2308021, 12.9838348 ] } },
{ "type": "Feature", "properties": { "node_id": 277911465, "x": 80.2309875, "y": 12.9849696 }, "geometry": { "type": "Point", "coordinates": [ 80.2309875, 12.9849696 ] } },
{ "type": "Feature", "properties": { "node_id": 277911466, "x": 80.2308471, "y": 12.9855409 }, "geometry": { "type": "Point", "coordinates": [ 80.2308471, 12.9855409 ] } },
{ "type": "Feature", "properties": { "node_id": 277911467, "x": 80.2286821, "y": 12.9857875 }, "geometry": { "type": "Point", "coordinates": [ 80.2286821, 12.9857875 ] } },
{ "type": "Feature", "properties": { "node_id": 277911468, "x": 80.227654, "y": 12.9860201 }, "geometry": { "type": "Point", "coordinates": [ 80.227654, 12.9860201 ] } },
{ "type": "Feature", "properties": { "node_id": 277911472, "x": 80.2230567, "y": 12.9870692 }, "geometry": { "type": "Point", "coordinates": [ 80.2230567, 12.9870692 ] } },
{ "type": "Feature", "properties": { "node_id": 277911475, "x": 80.2203267, "y": 12.9881142 }, "geometry": { "type": "Point", "coordinates": [ 80.2203267, 12.9881142 ] } },
{ "type": "Feature", "properties": { "node_id": 277911476, "x": 80.2192208, "y": 12.9883431 }, "geometry": { "type": "Point", "coordinates": [ 80.2192208, 12.9883431 ] } },
{ "type": "Feature", "properties": { "node_id": 277911477, "x": 80.2185055, "y": 12.9883073 }, "geometry": { "type": "Point", "coordinates": [ 80.2185055, 12.9883073 ] } },
{ "type": "Feature", "properties": { "node_id": 277911482, "x": 80.2162177, "y": 12.9899355 }, "geometry": { "type": "Point", "coordinates": [ 80.2162177, 12.9899355 ] } },
{ "type": "Feature", "properties": { "node_id": 277912040, "x": 80.2054838, "y": 12.9878045 }, "geometry": { "type": "Point", "coordinates": [ 80.2054838, 12.9878045 ] } },
{ "type": "Feature", "properties": { "node_id": 277912041, "x": 80.2049754, "y": 12.9847007 }, "geometry": { "type": "Point", "coordinates": [ 80.2049754, 12.9847007 ] } },
{ "type": "Feature", "properties": { "node_id": 277912042, "x": 80.2046298, "y": 12.9815938 }, "geometry": { "type": "Point", "coordinates": [ 80.2046298, 12.9815938 ] } },
{ "type": "Feature", "properties": { "node_id": 277912046, "x": 80.2054594, "y": 12.9749736 }, "geometry": { "type": "Point", "coordinates": [ 80.2054594, 12.9749736 ] } },
{ "type": "Feature", "properties": { "node_id": 277912047, "x": 80.2065688, "y": 12.9748983 }, "geometry": { "type": "Point", "coordinates": [ 80.2065688, 12.9748983 ] } },
{ "type": "Feature", "properties": { "node_id": 277912048, "x": 80.206594, "y": 12.9742498 }, "geometry": { "type": "Point", "coordinates": [ 80.206594, 12.9742498 ] } },
{ "type": "Feature", "properties": { "node_id": 277912049, "x": 80.2078937, "y": 12.9740954 }, "geometry": { "type": "Point", "coordinates": [ 80.2078937, 12.9740954 ] } },
{ "type": "Feature", "properties": { "node_id": 277912050, "x": 80.2079458, "y": 12.9729885 }, "geometry": { "type": "Point", "coordinates": [ 80.2079458, 12.9729885 ] } },
{ "type": "Feature", "properties": { "node_id": 277912051, "x": 80.2075824, "y": 12.9704029 }, "geometry": { "type": "Point", "coordinates": [ 80.2075824, 12.9704029 ] } },
{ "type": "Feature", "properties": { "node_id": 277912052, "x": 80.2073358, "y": 12.9683075 }, "geometry": { "type": "Point", "coordinates": [ 80.2073358, 12.9683075 ] } },
{ "type": "Feature", "properties": { "node_id": 277912053, "x": 80.2075618, "y": 12.9682632 }, "geometry": { "type": "Point", "coordinates": [ 80.2075618, 12.9682632 ] } },
{ "type": "Feature", "properties": { "node_id": 277912054, "x": 80.2073155, "y": 12.9665491 }, "geometry": { "type": "Point", "coordinates": [ 80.2073155, 12.9665491 ] } },
{ "type": "Feature", "properties": { "node_id": 277912055, "x": 80.2071039, "y": 12.9652732 }, "geometry": { "type": "Point", "coordinates": [ 80.2071039, 12.9652732 ] } },
{ "type": "Feature", "properties": { "node_id": 277912692, "x": 80.1988838, "y": 12.9922217 }, "geometry": { "type": "Point", "coordinates": [ 80.1988838, 12.9922217 ] } },
{ "type": "Feature", "properties": { "node_id": 277912693, "x": 80.1993379, "y": 12.9929007 }, "geometry": { "type": "Point", "coordinates": [ 80.1993379, 12.9929007 ] } },
{ "type": "Feature", "properties": { "node_id": 277912694, "x": 80.1998886, "y": 12.9935093 }, "geometry": { "type": "Point", "coordinates": [ 80.1998886, 12.9935093 ] } },
{ "type": "Feature", "properties": { "node_id": 277912701, "x": 80.2029722, "y": 12.9950262 }, "geometry": { "type": "Point", "coordinates": [ 80.2029722, 12.9950262 ] } },
{ "type": "Feature", "properties": { "node_id": 277912702, "x": 80.2030181, "y": 12.9951655 }, "geometry": { "type": "Point", "coordinates": [ 80.2030181, 12.9951655 ] } },
{ "type": "Feature", "properties": { "node_id": 277912703, "x": 80.205017, "y": 12.9947358 }, "geometry": { "type": "Point", "coordinates": [ 80.205017, 12.9947358 ] } },
{ "type": "Feature", "properties": { "node_id": 277912704, "x": 80.2065443, "y": 12.9946468 }, "geometry": { "type": "Point", "coordinates": [ 80.2065443, 12.9946468 ] } },
{ "type": "Feature", "properties": { "node_id": 277912863, "x": 80.2060226, "y": 12.9924453 }, "geometry": { "type": "Point", "coordinates": [ 80.2060226, 12.9924453 ] } },
{ "type": "Feature", "properties": { "node_id": 277912865, "x": 80.2048546, "y": 12.9889661 }, "geometry": { "type": "Point", "coordinates": [ 80.2048546, 12.9889661 ] } },
{ "type": "Feature", "properties": { "node_id": 277912866, "x": 80.2047748, "y": 12.9879339 }, "geometry": { "type": "Point", "coordinates": [ 80.2047748, 12.9879339 ] } },
{ "type": "Feature", "properties": { "node_id": 277912913, "x": 80.1985794, "y": 12.9915007 }, "geometry": { "type": "Point", "coordinates": [ 80.1985794, 12.9915007 ] } },
{ "type": "Feature", "properties": { "node_id": 277912916, "x": 80.2018045, "y": 12.9897433 }, "geometry": { "type": "Point", "coordinates": [ 80.2018045, 12.9897433 ] } },
{ "type": "Feature", "properties": { "node_id": 277912948, "x": 80.2024739, "y": 12.989497 }, "geometry": { "type": "Point", "coordinates": [ 80.2024739, 12.989497 ] } },
{ "type": "Feature", "properties": { "node_id": 280086367, "x": 80.2052351, "y": 12.9769709 }, "geometry": { "type": "Point", "coordinates": [ 80.2052351, 12.9769709 ] } },
{ "type": "Feature", "properties": { "node_id": 280086988, "x": 80.2024874, "y": 12.9993871 }, "geometry": { "type": "Point", "coordinates": [ 80.2024874, 12.9993871 ] } },
{ "type": "Feature", "properties": { "node_id": 280086989, "x": 80.2006619, "y": 12.9975496 }, "geometry": { "type": "Point", "coordinates": [ 80.2006619, 12.9975496 ] } },
{ "type": "Feature", "properties": { "node_id": 280086990, "x": 80.2003917, "y": 12.9972762 }, "geometry": { "type": "Point", "coordinates": [ 80.2003917, 12.9972762 ] } },
{ "type": "Feature", "properties": { "node_id": 280087141, "x": 80.2004921, "y": 12.9988121 }, "geometry": { "type": "Point", "coordinates": [ 80.2004921, 12.9988121 ] } },
{ "type": "Feature", "properties": { "node_id": 280520945, "x": 80.2017569, "y": 12.9653921 }, "geometry": { "type": "Point", "coordinates": [ 80.2017569, 12.9653921 ] } },
{ "type": "Feature", "properties": { "node_id": 291018468, "x": 80.2136016, "y": 12.9869345 }, "geometry": { "type": "Point", "coordinates": [ 80.2136016, 12.9869345 ] } },
{ "type": "Feature", "properties": { "node_id": 299382061, "x": 80.2009962, "y": 12.9901041 }, "geometry": { "type": "Point", "coordinates": [ 80.2009962, 12.9901041 ] } },
{ "type": "Feature", "properties": { "node_id": 299382073, "x": 80.2012362, "y": 12.9935659 }, "geometry": { "type": "Point", "coordinates": [ 80.2012362, 12.9935659 ] } },
{ "type": "Feature", "properties": { "node_id": 299382075, "x": 80.2012931, "y": 12.9933147 }, "geometry": { "type": "Point", "coordinates": [ 80.2012931, 12.9933147 ] } },
{ "type": "Feature", "properties": { "node_id": 299382574, "x": 80.204218, "y": 12.9863579 }, "geometry": { "type": "Point", "coordinates": [ 80.204218, 12.9863579 ] } },
{ "type": "Feature", "properties": { "node_id": 299382591, "x": 80.2052195, "y": 12.9861882 }, "geometry": { "type": "Point", "coordinates": [ 80.2052195, 12.9861882 ] } },
{ "type": "Feature", "properties": { "node_id": 299382594, "x": 80.2074189, "y": 12.9859084 }, "geometry": { "type": "Point", "coordinates": [ 80.2074189, 12.9859084 ] } },
{ "type": "Feature", "properties": { "node_id": 299382713, "x": 80.207451, "y": 12.9862536 }, "geometry": { "type": "Point", "coordinates": [ 80.207451, 12.9862536 ] } },
{ "type": "Feature", "properties": { "node_id": 299382716, "x": 80.2083328, "y": 12.9861993 }, "geometry": { "type": "Point", "coordinates": [ 80.2083328, 12.9861993 ] } },
{ "type": "Feature", "properties": { "node_id": 299382730, "x": 80.2134553, "y": 12.9860485 }, "geometry": { "type": "Point", "coordinates": [ 80.2134553, 12.9860485 ] } },
{ "type": "Feature", "properties": { "node_id": 299382813, "x": 80.2053913, "y": 12.9873359 }, "geometry": { "type": "Point", "coordinates": [ 80.2053913, 12.9873359 ] } },
{ "type": "Feature", "properties": { "node_id": 299382923, "x": 80.2077348, "y": 12.984934 }, "geometry": { "type": "Point", "coordinates": [ 80.2077348, 12.984934 ] } },
{ "type": "Feature", "properties": { "node_id": 299382925, "x": 80.2050952, "y": 12.9854653 }, "geometry": { "type": "Point", "coordinates": [ 80.2050952, 12.9854653 ] } },
{ "type": "Feature", "properties": { "node_id": 299383020, "x": 80.2074303, "y": 12.9855181 }, "geometry": { "type": "Point", "coordinates": [ 80.2074303, 12.9855181 ] } },
{ "type": "Feature", "properties": { "node_id": 299383030, "x": 80.2051565, "y": 12.9858202 }, "geometry": { "type": "Point", "coordinates": [ 80.2051565, 12.9858202 ] } },
{ "type": "Feature", "properties": { "node_id": 299383040, "x": 80.2078212, "y": 12.9854249 }, "geometry": { "type": "Point", "coordinates": [ 80.2078212, 12.9854249 ] } },
{ "type": "Feature", "properties": { "node_id": 299383048, "x": 80.2098972, "y": 12.9855041 }, "geometry": { "type": "Point", "coordinates": [ 80.2098972, 12.9855041 ] } },
{ "type": "Feature", "properties": { "node_id": 299383049, "x": 80.2103135, "y": 12.9855017 }, "geometry": { "type": "Point", "coordinates": [ 80.2103135, 12.9855017 ] } },
{ "type": "Feature", "properties": { "node_id": 299383101, "x": 80.2048945, "y": 12.9839602 }, "geometry": { "type": "Point", "coordinates": [ 80.2048945, 12.9839602 ] } },
{ "type": "Feature", "properties": { "node_id": 299383104, "x": 80.205774, "y": 12.9838871 }, "geometry": { "type": "Point", "coordinates": [ 80.205774, 12.9838871 ] } },
{ "type": "Feature", "properties": { "node_id": 299383124, "x": 80.2070478, "y": 12.9837605 }, "geometry": { "type": "Point", "coordinates": [ 80.2070478, 12.9837605 ] } },
{ "type": "Feature", "properties": { "node_id": 299383231, "x": 80.2070382, "y": 12.9834838 }, "geometry": { "type": "Point", "coordinates": [ 80.2070382, 12.9834838 ] } },
{ "type": "Feature", "properties": { "node_id": 299383238, "x": 80.2070151, "y": 12.9830658 }, "geometry": { "type": "Point", "coordinates": [ 80.2070151, 12.9830658 ] } },
{ "type": "Feature", "properties": { "node_id": 299383250, "x": 80.2103166, "y": 12.9829123 }, "geometry": { "type": "Point", "coordinates": [ 80.2103166, 12.9829123 ] } },
{ "type": "Feature", "properties": { "node_id": 299383331, "x": 80.2068777, "y": 12.9818813 }, "geometry": { "type": "Point", "coordinates": [ 80.2068777, 12.9818813 ] } },
{ "type": "Feature", "properties": { "node_id": 299383738, "x": 80.2035104, "y": 12.9883377 }, "geometry": { "type": "Point", "coordinates": [ 80.2035104, 12.9883377 ] } },
{ "type": "Feature", "properties": { "node_id": 299383740, "x": 80.2035472, "y": 12.9878003 }, "geometry": { "type": "Point", "coordinates": [ 80.2035472, 12.9878003 ] } },
{ "type": "Feature", "properties": { "node_id": 299383743, "x": 80.2037232, "y": 12.9864964 }, "geometry": { "type": "Point", "coordinates": [ 80.2037232, 12.9864964 ] } },
{ "type": "Feature", "properties": { "node_id": 299383745, "x": 80.2037934, "y": 12.9859081 }, "geometry": { "type": "Point", "coordinates": [ 80.2037934, 12.9859081 ] } },
{ "type": "Feature", "properties": { "node_id": 299383975, "x": 80.2037123, "y": 12.9854255 }, "geometry": { "type": "Point", "coordinates": [ 80.2037123, 12.9854255 ] } },
{ "type": "Feature", "properties": { "node_id": 299383985, "x": 80.2050456, "y": 12.9851861 }, "geometry": { "type": "Point", "coordinates": [ 80.2050456, 12.9851861 ] } },
{ "type": "Feature", "properties": { "node_id": 299384037, "x": 80.2038549, "y": 12.9849092 }, "geometry": { "type": "Point", "coordinates": [ 80.2038549, 12.9849092 ] } },
{ "type": "Feature", "properties": { "node_id": 299384190, "x": 80.2017805, "y": 12.9857785 }, "geometry": { "type": "Point", "coordinates": [ 80.2017805, 12.9857785 ] } },
{ "type": "Feature", "properties": { "node_id": 299384193, "x": 80.2011064, "y": 12.9858742 }, "geometry": { "type": "Point", "coordinates": [ 80.2011064, 12.9858742 ] } },
{ "type": "Feature", "properties": { "node_id": 299384637, "x": 80.2014447, "y": 12.9839387 }, "geometry": { "type": "Point", "coordinates": [ 80.2014447, 12.9839387 ] } },
{ "type": "Feature", "properties": { "node_id": 299384640, "x": 80.2025353, "y": 12.9837595 }, "geometry": { "type": "Point", "coordinates": [ 80.2025353, 12.9837595 ] } },
{ "type": "Feature", "properties": { "node_id": 299384642, "x": 80.2031816, "y": 12.9836471 }, "geometry": { "type": "Point", "coordinates": [ 80.2031816, 12.9836471 ] } },
{ "type": "Feature", "properties": { "node_id": 299384649, "x": 80.2048598, "y": 12.9835031 }, "geometry": { "type": "Point", "coordinates": [ 80.2048598, 12.9835031 ] } },
{ "type": "Feature", "properties": { "node_id": 299384688, "x": 80.2012653, "y": 12.9824084 }, "geometry": { "type": "Point", "coordinates": [ 80.2012653, 12.9824084 ] } },
{ "type": "Feature", "properties": { "node_id": 299384833, "x": 80.2011758, "y": 12.9863045 }, "geometry": { "type": "Point", "coordinates": [ 80.2011758, 12.9863045 ] } },
{ "type": "Feature", "properties": { "node_id": 299384927, "x": 80.2002722, "y": 12.9864936 }, "geometry": { "type": "Point", "coordinates": [ 80.2002722, 12.9864936 ] } },
{ "type": "Feature", "properties": { "node_id": 299385380, "x": 80.2022449, "y": 12.9890777 }, "geometry": { "type": "Point", "coordinates": [ 80.2022449, 12.9890777 ] } },
{ "type": "Feature", "properties": { "node_id": 299385390, "x": 80.2019672, "y": 12.9866844 }, "geometry": { "type": "Point", "coordinates": [ 80.2019672, 12.9866844 ] } },
{ "type": "Feature", "properties": { "node_id": 299385391, "x": 80.201276, "y": 12.9867758 }, "geometry": { "type": "Point", "coordinates": [ 80.201276, 12.9867758 ] } },
{ "type": "Feature", "properties": { "node_id": 299385414, "x": 80.2007045, "y": 12.9902435 }, "geometry": { "type": "Point", "coordinates": [ 80.2007045, 12.9902435 ] } },
{ "type": "Feature", "properties": { "node_id": 299385416, "x": 80.1994648, "y": 12.9876028 }, "geometry": { "type": "Point", "coordinates": [ 80.1994648, 12.9876028 ] } },
{ "type": "Feature", "properties": { "node_id": 299385422, "x": 80.2004509, "y": 12.987488 }, "geometry": { "type": "Point", "coordinates": [ 80.2004509, 12.987488 ] } },
{ "type": "Feature", "properties": { "node_id": 299385497, "x": 80.2012493, "y": 12.9899836 }, "geometry": { "type": "Point", "coordinates": [ 80.2012493, 12.9899836 ] } },
{ "type": "Feature", "properties": { "node_id": 299385520, "x": 80.2008422, "y": 12.9884337 }, "geometry": { "type": "Point", "coordinates": [ 80.2008422, 12.9884337 ] } },
{ "type": "Feature", "properties": { "node_id": 299385552, "x": 80.2008183, "y": 12.9875931 }, "geometry": { "type": "Point", "coordinates": [ 80.2008183, 12.9875931 ] } },
{ "type": "Feature", "properties": { "node_id": 299385613, "x": 80.2009709, "y": 12.988397 }, "geometry": { "type": "Point", "coordinates": [ 80.2009709, 12.988397 ] } },
{ "type": "Feature", "properties": { "node_id": 299385733, "x": 80.2037804, "y": 12.9844771 }, "geometry": { "type": "Point", "coordinates": [ 80.2037804, 12.9844771 ] } },
{ "type": "Feature", "properties": { "node_id": 299385739, "x": 80.2049417, "y": 12.9843539 }, "geometry": { "type": "Point", "coordinates": [ 80.2049417, 12.9843539 ] } },
{ "type": "Feature", "properties": { "node_id": 299385745, "x": 80.2058157, "y": 12.984276 }, "geometry": { "type": "Point", "coordinates": [ 80.2058157, 12.984276 ] } },
{ "type": "Feature", "properties": { "node_id": 299385806, "x": 80.2104598, "y": 12.9873965 }, "geometry": { "type": "Point", "coordinates": [ 80.2104598, 12.9873965 ] } },
{ "type": "Feature", "properties": { "node_id": 299385811, "x": 80.2103774, "y": 12.9861877 }, "geometry": { "type": "Point", "coordinates": [ 80.2103774, 12.9861877 ] } },
{ "type": "Feature", "properties": { "node_id": 299385830, "x": 80.2064929, "y": 12.9832378 }, "geometry": { "type": "Point", "coordinates": [ 80.2064929, 12.9832378 ] } },
{ "type": "Feature", "properties": { "node_id": 299385837, "x": 80.2063373, "y": 12.9819114 }, "geometry": { "type": "Point", "coordinates": [ 80.2063373, 12.9819114 ] } },
{ "type": "Feature", "properties": { "node_id": 299385851, "x": 80.2053707, "y": 12.9839193 }, "geometry": { "type": "Point", "coordinates": [ 80.2053707, 12.9839193 ] } },
{ "type": "Feature", "properties": { "node_id": 299385934, "x": 80.2102819, "y": 12.9958586 }, "geometry": { "type": "Point", "coordinates": [ 80.2102819, 12.9958586 ] } },
{ "type": "Feature", "properties": { "node_id": 299386096, "x": 80.213877, "y": 12.9914284 }, "geometry": { "type": "Point", "coordinates": [ 80.213877, 12.9914284 ] } },
{ "type": "Feature", "properties": { "node_id": 299386190, "x": 80.2146595, "y": 12.9892626 }, "geometry": { "type": "Point", "coordinates": [ 80.2146595, 12.9892626 ] } },
{ "type": "Feature", "properties": { "node_id": 299386209, "x": 80.2153683, "y": 12.9887915 }, "geometry": { "type": "Point", "coordinates": [ 80.2153683, 12.9887915 ] } },
{ "type": "Feature", "properties": { "node_id": 299875402, "x": 80.2116252, "y": 12.9662165 }, "geometry": { "type": "Point", "coordinates": [ 80.2116252, 12.9662165 ] } },
{ "type": "Feature", "properties": { "node_id": 299875403, "x": 80.2090356, "y": 12.9665268 }, "geometry": { "type": "Point", "coordinates": [ 80.2090356, 12.9665268 ] } },
{ "type": "Feature", "properties": { "node_id": 299875423, "x": 80.2117073, "y": 12.9667286 }, "geometry": { "type": "Point", "coordinates": [ 80.2117073, 12.9667286 ] } },
{ "type": "Feature", "properties": { "node_id": 299875468, "x": 80.2117899, "y": 12.9672438 }, "geometry": { "type": "Point", "coordinates": [ 80.2117899, 12.9672438 ] } },
{ "type": "Feature", "properties": { "node_id": 299875469, "x": 80.2091323, "y": 12.9675553 }, "geometry": { "type": "Point", "coordinates": [ 80.2091323, 12.9675553 ] } },
{ "type": "Feature", "properties": { "node_id": 299875471, "x": 80.2090742, "y": 12.9670407 }, "geometry": { "type": "Point", "coordinates": [ 80.2090742, 12.9670407 ] } },
{ "type": "Feature", "properties": { "node_id": 299875476, "x": 80.2115442, "y": 12.9657114 }, "geometry": { "type": "Point", "coordinates": [ 80.2115442, 12.9657114 ] } },
{ "type": "Feature", "properties": { "node_id": 299875495, "x": 80.2090117, "y": 12.9654764 }, "geometry": { "type": "Point", "coordinates": [ 80.2090117, 12.9654764 ] } },
{ "type": "Feature", "properties": { "node_id": 299875541, "x": 80.2118718, "y": 12.9677548 }, "geometry": { "type": "Point", "coordinates": [ 80.2118718, 12.9677548 ] } },
{ "type": "Feature", "properties": { "node_id": 299875543, "x": 80.2116744, "y": 12.967805 }, "geometry": { "type": "Point", "coordinates": [ 80.2116744, 12.967805 ] } },
{ "type": "Feature", "properties": { "node_id": 299875544, "x": 80.2091397, "y": 12.9681144 }, "geometry": { "type": "Point", "coordinates": [ 80.2091397, 12.9681144 ] } },
{ "type": "Feature", "properties": { "node_id": 299875581, "x": 80.2117124, "y": 12.9683291 }, "geometry": { "type": "Point", "coordinates": [ 80.2117124, 12.9683291 ] } },
{ "type": "Feature", "properties": { "node_id": 299875582, "x": 80.2091835, "y": 12.9686419 }, "geometry": { "type": "Point", "coordinates": [ 80.2091835, 12.9686419 ] } },
{ "type": "Feature", "properties": { "node_id": 299875584, "x": 80.209014, "y": 12.965977 }, "geometry": { "type": "Point", "coordinates": [ 80.209014, 12.965977 ] } },
{ "type": "Feature", "properties": { "node_id": 299875618, "x": 80.2092088, "y": 12.9691775 }, "geometry": { "type": "Point", "coordinates": [ 80.2092088, 12.9691775 ] } },
{ "type": "Feature", "properties": { "node_id": 299875694, "x": 80.2118594, "y": 12.9690386 }, "geometry": { "type": "Point", "coordinates": [ 80.2118594, 12.9690386 ] } },
{ "type": "Feature", "properties": { "node_id": 299876133, "x": 80.2114573, "y": 12.9651697 }, "geometry": { "type": "Point", "coordinates": [ 80.2114573, 12.9651697 ] } },
{ "type": "Feature", "properties": { "node_id": 299876185, "x": 80.2118118, "y": 12.968817 }, "geometry": { "type": "Point", "coordinates": [ 80.2118118, 12.968817 ] } },
{ "type": "Feature", "properties": { "node_id": 299876270, "x": 80.211756, "y": 12.9693914 }, "geometry": { "type": "Point", "coordinates": [ 80.211756, 12.9693914 ] } },
{ "type": "Feature", "properties": { "node_id": 299876302, "x": 80.2092625, "y": 12.9702758 }, "geometry": { "type": "Point", "coordinates": [ 80.2092625, 12.9702758 ] } },
{ "type": "Feature", "properties": { "node_id": 299876354, "x": 80.2092853, "y": 12.9707242 }, "geometry": { "type": "Point", "coordinates": [ 80.2092853, 12.9707242 ] } },
{ "type": "Feature", "properties": { "node_id": 299876545, "x": 80.2093394, "y": 12.9717936 }, "geometry": { "type": "Point", "coordinates": [ 80.2093394, 12.9717936 ] } },
{ "type": "Feature", "properties": { "node_id": 299876628, "x": 80.2131771, "y": 12.9688213 }, "geometry": { "type": "Point", "coordinates": [ 80.2131771, 12.9688213 ] } },
{ "type": "Feature", "properties": { "node_id": 299876667, "x": 80.2131293, "y": 12.9702609 }, "geometry": { "type": "Point", "coordinates": [ 80.2131293, 12.9702609 ] } },
{ "type": "Feature", "properties": { "node_id": 299876858, "x": 80.2116032, "y": 12.9660797 }, "geometry": { "type": "Point", "coordinates": [ 80.2116032, 12.9660797 ] } },
{ "type": "Feature", "properties": { "node_id": 299876860, "x": 80.2116463, "y": 12.9663481 }, "geometry": { "type": "Point", "coordinates": [ 80.2116463, 12.9663481 ] } },
{ "type": "Feature", "properties": { "node_id": 299877035, "x": 80.2115268, "y": 12.9656028 }, "geometry": { "type": "Point", "coordinates": [ 80.2115268, 12.9656028 ] } },
{ "type": "Feature", "properties": { "node_id": 299877250, "x": 80.2128227, "y": 12.9688818 }, "geometry": { "type": "Point", "coordinates": [ 80.2128227, 12.9688818 ] } },
{ "type": "Feature", "properties": { "node_id": 299877683, "x": 80.207117, "y": 12.9781124 }, "geometry": { "type": "Point", "coordinates": [ 80.207117, 12.9781124 ] } },
{ "type": "Feature", "properties": { "node_id": 299877788, "x": 80.2104609, "y": 12.9775817 }, "geometry": { "type": "Point", "coordinates": [ 80.2104609, 12.9775817 ] } },
{ "type": "Feature", "properties": { "node_id": 299877804, "x": 80.2122525, "y": 12.9773865 }, "geometry": { "type": "Point", "coordinates": [ 80.2122525, 12.9773865 ] } },
{ "type": "Feature", "properties": { "node_id": 299877805, "x": 80.2121558, "y": 12.9782455 }, "geometry": { "type": "Point", "coordinates": [ 80.2121558, 12.9782455 ] } },
{ "type": "Feature", "properties": { "node_id": 299877816, "x": 80.2104943, "y": 12.9771928 }, "geometry": { "type": "Point", "coordinates": [ 80.2104943, 12.9771928 ] } },
{ "type": "Feature", "properties": { "node_id": 299877829, "x": 80.2125242, "y": 12.9778418 }, "geometry": { "type": "Point", "coordinates": [ 80.2125242, 12.9778418 ] } },
{ "type": "Feature", "properties": { "node_id": 299877858, "x": 80.2127891, "y": 12.9791936 }, "geometry": { "type": "Point", "coordinates": [ 80.2127891, 12.9791936 ] } },
{ "type": "Feature", "properties": { "node_id": 299877896, "x": 80.2105243, "y": 12.976905 }, "geometry": { "type": "Point", "coordinates": [ 80.2105243, 12.976905 ] } },
{ "type": "Feature", "properties": { "node_id": 299877897, "x": 80.2104521, "y": 12.9777188 }, "geometry": { "type": "Point", "coordinates": [ 80.2104521, 12.9777188 ] } },
{ "type": "Feature", "properties": { "node_id": 299877917, "x": 80.2103521, "y": 12.9768351 }, "geometry": { "type": "Point", "coordinates": [ 80.2103521, 12.9768351 ] } },
{ "type": "Feature", "properties": { "node_id": 299878024, "x": 80.2072713, "y": 12.9788956 }, "geometry": { "type": "Point", "coordinates": [ 80.2072713, 12.9788956 ] } },
{ "type": "Feature", "properties": { "node_id": 299878047, "x": 80.2058294, "y": 12.9783687 }, "geometry": { "type": "Point", "coordinates": [ 80.2058294, 12.9783687 ] } },
{ "type": "Feature", "properties": { "node_id": 299878048, "x": 80.2069998, "y": 12.9777167 }, "geometry": { "type": "Point", "coordinates": [ 80.2069998, 12.9777167 ] } },
{ "type": "Feature", "properties": { "node_id": 299878107, "x": 80.205174, "y": 12.9793295 }, "geometry": { "type": "Point", "coordinates": [ 80.205174, 12.9793295 ] } },
{ "type": "Feature", "properties": { "node_id": 299878109, "x": 80.2071889, "y": 12.978465 }, "geometry": { "type": "Point", "coordinates": [ 80.2071889, 12.978465 ] } },
{ "type": "Feature", "properties": { "node_id": 299878131, "x": 80.2068915, "y": 12.9769798 }, "geometry": { "type": "Point", "coordinates": [ 80.2068915, 12.9769798 ] } },
{ "type": "Feature", "properties": { "node_id": 299878196, "x": 80.210307, "y": 12.97835 }, "geometry": { "type": "Point", "coordinates": [ 80.210307, 12.97835 ] } },
{ "type": "Feature", "properties": { "node_id": 299878227, "x": 80.2089784, "y": 12.978862 }, "geometry": { "type": "Point", "coordinates": [ 80.2089784, 12.978862 ] } },
{ "type": "Feature", "properties": { "node_id": 299878252, "x": 80.2103069, "y": 12.9787681 }, "geometry": { "type": "Point", "coordinates": [ 80.2103069, 12.9787681 ] } },
{ "type": "Feature", "properties": { "node_id": 299878272, "x": 80.2089583, "y": 12.9792644 }, "geometry": { "type": "Point", "coordinates": [ 80.2089583, 12.9792644 ] } },
{ "type": "Feature", "properties": { "node_id": 299878326, "x": 80.2116564, "y": 12.9781717 }, "geometry": { "type": "Point", "coordinates": [ 80.2116564, 12.9781717 ] } },
{ "type": "Feature", "properties": { "node_id": 299878327, "x": 80.2116257, "y": 12.9789436 }, "geometry": { "type": "Point", "coordinates": [ 80.2116257, 12.9789436 ] } },
{ "type": "Feature", "properties": { "node_id": 299878329, "x": 80.2138023, "y": 12.9786004 }, "geometry": { "type": "Point", "coordinates": [ 80.2138023, 12.9786004 ] } },
{ "type": "Feature", "properties": { "node_id": 299878370, "x": 80.2104884, "y": 12.9791713 }, "geometry": { "type": "Point", "coordinates": [ 80.2104884, 12.9791713 ] } },
{ "type": "Feature", "properties": { "node_id": 299878391, "x": 80.210983, "y": 12.982113 }, "geometry": { "type": "Point", "coordinates": [ 80.210983, 12.982113 ] } },
{ "type": "Feature", "properties": { "node_id": 299878409, "x": 80.2111804, "y": 12.9792201 }, "geometry": { "type": "Point", "coordinates": [ 80.2111804, 12.9792201 ] } },
{ "type": "Feature", "properties": { "node_id": 299878483, "x": 80.208253, "y": 12.9776263 }, "geometry": { "type": "Point", "coordinates": [ 80.208253, 12.9776263 ] } },
{ "type": "Feature", "properties": { "node_id": 299878486, "x": 80.2081252, "y": 12.9764001 }, "geometry": { "type": "Point", "coordinates": [ 80.2081252, 12.9764001 ] } },
{ "type": "Feature", "properties": { "node_id": 299878550, "x": 80.2085845, "y": 12.9801897 }, "geometry": { "type": "Point", "coordinates": [ 80.2085845, 12.9801897 ] } },
{ "type": "Feature", "properties": { "node_id": 299878653, "x": 80.2165878, "y": 12.9826623 }, "geometry": { "type": "Point", "coordinates": [ 80.2165878, 12.9826623 ] } },
{ "type": "Feature", "properties": { "node_id": 299878655, "x": 80.2132334, "y": 12.9824483 }, "geometry": { "type": "Point", "coordinates": [ 80.2132334, 12.9824483 ] } },
{ "type": "Feature", "properties": { "node_id": 299878685, "x": 80.2138631, "y": 12.9808884 }, "geometry": { "type": "Point", "coordinates": [ 80.2138631, 12.9808884 ] } },
{ "type": "Feature", "properties": { "node_id": 299878686, "x": 80.2146907, "y": 12.9809449 }, "geometry": { "type": "Point", "coordinates": [ 80.2146907, 12.9809449 ] } },
{ "type": "Feature", "properties": { "node_id": 299878697, "x": 80.2154167, "y": 12.9809614 }, "geometry": { "type": "Point", "coordinates": [ 80.2154167, 12.9809614 ] } },
{ "type": "Feature", "properties": { "node_id": 299878738, "x": 80.2153619, "y": 12.9764425 }, "geometry": { "type": "Point", "coordinates": [ 80.2153619, 12.9764425 ] } },
{ "type": "Feature", "properties": { "node_id": 299878744, "x": 80.2150165, "y": 12.9788194 }, "geometry": { "type": "Point", "coordinates": [ 80.2150165, 12.9788194 ] } },
{ "type": "Feature", "properties": { "node_id": 299878818, "x": 80.2196271, "y": 12.9743413 }, "geometry": { "type": "Point", "coordinates": [ 80.2196271, 12.9743413 ] } },
{ "type": "Feature", "properties": { "node_id": 299878821, "x": 80.2185518, "y": 12.9748205 }, "geometry": { "type": "Point", "coordinates": [ 80.2185518, 12.9748205 ] } },
{ "type": "Feature", "properties": { "node_id": 299878850, "x": 80.2185631, "y": 12.9741889 }, "geometry": { "type": "Point", "coordinates": [ 80.2185631, 12.9741889 ] } },
{ "type": "Feature", "properties": { "node_id": 299878883, "x": 80.2185729, "y": 12.9738228 }, "geometry": { "type": "Point", "coordinates": [ 80.2185729, 12.9738228 ] } },
{ "type": "Feature", "properties": { "node_id": 299878915, "x": 80.2185705, "y": 12.9744638 }, "geometry": { "type": "Point", "coordinates": [ 80.2185705, 12.9744638 ] } },
{ "type": "Feature", "properties": { "node_id": 299878960, "x": 80.2170494, "y": 12.9718764 }, "geometry": { "type": "Point", "coordinates": [ 80.2170494, 12.9718764 ] } },
{ "type": "Feature", "properties": { "node_id": 299878983, "x": 80.2171758, "y": 12.972552 }, "geometry": { "type": "Point", "coordinates": [ 80.2171758, 12.972552 ] } },
{ "type": "Feature", "properties": { "node_id": 299879028, "x": 80.2180806, "y": 12.9718013 }, "geometry": { "type": "Point", "coordinates": [ 80.2180806, 12.9718013 ] } },
{ "type": "Feature", "properties": { "node_id": 299879030, "x": 80.2171823, "y": 12.97272 }, "geometry": { "type": "Point", "coordinates": [ 80.2171823, 12.97272 ] } },
{ "type": "Feature", "properties": { "node_id": 299879097, "x": 80.2181858, "y": 12.9726714 }, "geometry": { "type": "Point", "coordinates": [ 80.2181858, 12.9726714 ] } },
{ "type": "Feature", "properties": { "node_id": 299879114, "x": 80.2181852, "y": 12.9731871 }, "geometry": { "type": "Point", "coordinates": [ 80.2181852, 12.9731871 ] } },
{ "type": "Feature", "properties": { "node_id": 299879128, "x": 80.2190276, "y": 12.9731728 }, "geometry": { "type": "Point", "coordinates": [ 80.2190276, 12.9731728 ] } },
{ "type": "Feature", "properties": { "node_id": 299879154, "x": 80.2172007, "y": 12.973194 }, "geometry": { "type": "Point", "coordinates": [ 80.2172007, 12.973194 ] } },
{ "type": "Feature", "properties": { "node_id": 299879174, "x": 80.217994, "y": 12.970997 }, "geometry": { "type": "Point", "coordinates": [ 80.217994, 12.970997 ] } },
{ "type": "Feature", "properties": { "node_id": 299879177, "x": 80.219175, "y": 12.9717386 }, "geometry": { "type": "Point", "coordinates": [ 80.219175, 12.9717386 ] } },
{ "type": "Feature", "properties": { "node_id": 299879215, "x": 80.2205423, "y": 12.9716815 }, "geometry": { "type": "Point", "coordinates": [ 80.2205423, 12.9716815 ] } },
{ "type": "Feature", "properties": { "node_id": 299879241, "x": 80.220318, "y": 12.9700973 }, "geometry": { "type": "Point", "coordinates": [ 80.220318, 12.9700973 ] } },
{ "type": "Feature", "properties": { "node_id": 299879259, "x": 80.2198786, "y": 12.971114 }, "geometry": { "type": "Point", "coordinates": [ 80.2198786, 12.971114 ] } },
{ "type": "Feature", "properties": { "node_id": 299879272, "x": 80.2244578, "y": 12.9704653 }, "geometry": { "type": "Point", "coordinates": [ 80.2244578, 12.9704653 ] } },
{ "type": "Feature", "properties": { "node_id": 299879280, "x": 80.2199798, "y": 12.9717808 }, "geometry": { "type": "Point", "coordinates": [ 80.2199798, 12.9717808 ] } },
{ "type": "Feature", "properties": { "node_id": 299879312, "x": 80.2205079, "y": 12.9714412 }, "geometry": { "type": "Point", "coordinates": [ 80.2205079, 12.9714412 ] } },
{ "type": "Feature", "properties": { "node_id": 299879508, "x": 80.213009, "y": 12.9870544 }, "geometry": { "type": "Point", "coordinates": [ 80.213009, 12.9870544 ] } },
{ "type": "Feature", "properties": { "node_id": 299879549, "x": 80.212922, "y": 12.9844852 }, "geometry": { "type": "Point", "coordinates": [ 80.212922, 12.9844852 ] } },
{ "type": "Feature", "properties": { "node_id": 299880374, "x": 80.2104953, "y": 12.9973492 }, "geometry": { "type": "Point", "coordinates": [ 80.2104953, 12.9973492 ] } },
{ "type": "Feature", "properties": { "node_id": 299880376, "x": 80.2090726, "y": 12.9981363 }, "geometry": { "type": "Point", "coordinates": [ 80.2090726, 12.9981363 ] } },
{ "type": "Feature", "properties": { "node_id": 299880378, "x": 80.2074113, "y": 12.9983896 }, "geometry": { "type": "Point", "coordinates": [ 80.2074113, 12.9983896 ] } },
{ "type": "Feature", "properties": { "node_id": 299880408, "x": 80.2155158, "y": 12.9963202 }, "geometry": { "type": "Point", "coordinates": [ 80.2155158, 12.9963202 ] } },
{ "type": "Feature", "properties": { "node_id": 299880454, "x": 80.2102166, "y": 12.9951235 }, "geometry": { "type": "Point", "coordinates": [ 80.2102166, 12.9951235 ] } },
{ "type": "Feature", "properties": { "node_id": 299880477, "x": 80.208776, "y": 12.9929006 }, "geometry": { "type": "Point", "coordinates": [ 80.208776, 12.9929006 ] } },
{ "type": "Feature", "properties": { "node_id": 299880479, "x": 80.2087899, "y": 12.9960608 }, "geometry": { "type": "Point", "coordinates": [ 80.2087899, 12.9960608 ] } },
{ "type": "Feature", "properties": { "node_id": 299880497, "x": 80.2088474, "y": 12.9937412 }, "geometry": { "type": "Point", "coordinates": [ 80.2088474, 12.9937412 ] } },
{ "type": "Feature", "properties": { "node_id": 299880505, "x": 80.2074862, "y": 12.9963669 }, "geometry": { "type": "Point", "coordinates": [ 80.2074862, 12.9963669 ] } },
{ "type": "Feature", "properties": { "node_id": 299880546, "x": 80.2075807, "y": 12.9968018 }, "geometry": { "type": "Point", "coordinates": [ 80.2075807, 12.9968018 ] } },
{ "type": "Feature", "properties": { "node_id": 299880547, "x": 80.2068043, "y": 12.9935527 }, "geometry": { "type": "Point", "coordinates": [ 80.2068043, 12.9935527 ] } },
{ "type": "Feature", "properties": { "node_id": 299880562, "x": 80.2090681, "y": 12.9965635 }, "geometry": { "type": "Point", "coordinates": [ 80.2090681, 12.9965635 ] } },
{ "type": "Feature", "properties": { "node_id": 299880563, "x": 80.2070614, "y": 12.9968789 }, "geometry": { "type": "Point", "coordinates": [ 80.2070614, 12.9968789 ] } },
{ "type": "Feature", "properties": { "node_id": 299880589, "x": 80.2107792, "y": 12.999357 }, "geometry": { "type": "Point", "coordinates": [ 80.2107792, 12.999357 ] } },
{ "type": "Feature", "properties": { "node_id": 299880590, "x": 80.2099131, "y": 12.9994245 }, "geometry": { "type": "Point", "coordinates": [ 80.2099131, 12.9994245 ] } },
{ "type": "Feature", "properties": { "node_id": 299880592, "x": 80.2076941, "y": 12.9997832 }, "geometry": { "type": "Point", "coordinates": [ 80.2076941, 12.9997832 ] } },
{ "type": "Feature", "properties": { "node_id": 299880690, "x": 80.2030789, "y": 12.9965611 }, "geometry": { "type": "Point", "coordinates": [ 80.2030789, 12.9965611 ] } },
{ "type": "Feature", "properties": { "node_id": 299880707, "x": 80.2043015, "y": 12.9988571 }, "geometry": { "type": "Point", "coordinates": [ 80.2043015, 12.9988571 ] } },
{ "type": "Feature", "properties": { "node_id": 299880712, "x": 80.2046109, "y": 12.999965 }, "geometry": { "type": "Point", "coordinates": [ 80.2046109, 12.999965 ] } },
{ "type": "Feature", "properties": { "node_id": 299880713, "x": 80.2044007, "y": 12.9992373 }, "geometry": { "type": "Point", "coordinates": [ 80.2044007, 12.9992373 ] } },
{ "type": "Feature", "properties": { "node_id": 299880726, "x": 80.2041202, "y": 12.990314 }, "geometry": { "type": "Point", "coordinates": [ 80.2041202, 12.990314 ] } },
{ "type": "Feature", "properties": { "node_id": 299880731, "x": 80.2041735, "y": 12.9911421 }, "geometry": { "type": "Point", "coordinates": [ 80.2041735, 12.9911421 ] } },
{ "type": "Feature", "properties": { "node_id": 299880733, "x": 80.2026335, "y": 12.9912547 }, "geometry": { "type": "Point", "coordinates": [ 80.2026335, 12.9912547 ] } },
{ "type": "Feature", "properties": { "node_id": 299880734, "x": 80.2025241, "y": 12.9901123 }, "geometry": { "type": "Point", "coordinates": [ 80.2025241, 12.9901123 ] } },
{ "type": "Feature", "properties": { "node_id": 299880735, "x": 80.2042017, "y": 12.9919233 }, "geometry": { "type": "Point", "coordinates": [ 80.2042017, 12.9919233 ] } },
{ "type": "Feature", "properties": { "node_id": 299880741, "x": 80.2041029, "y": 12.9900054 }, "geometry": { "type": "Point", "coordinates": [ 80.2041029, 12.9900054 ] } },
{ "type": "Feature", "properties": { "node_id": 299880770, "x": 80.2047155, "y": 12.9929737 }, "geometry": { "type": "Point", "coordinates": [ 80.2047155, 12.9929737 ] } },
{ "type": "Feature", "properties": { "node_id": 299880823, "x": 80.2086941, "y": 12.9839509 }, "geometry": { "type": "Point", "coordinates": [ 80.2086941, 12.9839509 ] } },
{ "type": "Feature", "properties": { "node_id": 299880831, "x": 80.2086685, "y": 12.9843653 }, "geometry": { "type": "Point", "coordinates": [ 80.2086685, 12.9843653 ] } },
{ "type": "Feature", "properties": { "node_id": 299880833, "x": 80.2064893, "y": 12.9847126 }, "geometry": { "type": "Point", "coordinates": [ 80.2064893, 12.9847126 ] } },
{ "type": "Feature", "properties": { "node_id": 299880835, "x": 80.2064368, "y": 12.9842325 }, "geometry": { "type": "Point", "coordinates": [ 80.2064368, 12.9842325 ] } },
{ "type": "Feature", "properties": { "node_id": 299880839, "x": 80.2079165, "y": 12.9840265 }, "geometry": { "type": "Point", "coordinates": [ 80.2079165, 12.9840265 ] } },
{ "type": "Feature", "properties": { "node_id": 299880845, "x": 80.2077325, "y": 12.9814073 }, "geometry": { "type": "Point", "coordinates": [ 80.2077325, 12.9814073 ] } },
{ "type": "Feature", "properties": { "node_id": 299880851, "x": 80.2135356, "y": 12.9794747 }, "geometry": { "type": "Point", "coordinates": [ 80.2135356, 12.9794747 ] } },
{ "type": "Feature", "properties": { "node_id": 299880853, "x": 80.2143804, "y": 12.9794987 }, "geometry": { "type": "Point", "coordinates": [ 80.2143804, 12.9794987 ] } },
{ "type": "Feature", "properties": { "node_id": 299880855, "x": 80.2174796, "y": 12.9796167 }, "geometry": { "type": "Point", "coordinates": [ 80.2174796, 12.9796167 ] } },
{ "type": "Feature", "properties": { "node_id": 299880900, "x": 80.2143845, "y": 12.9791439 }, "geometry": { "type": "Point", "coordinates": [ 80.2143845, 12.9791439 ] } },
{ "type": "Feature", "properties": { "node_id": 299880913, "x": 80.2134958, "y": 12.9798739 }, "geometry": { "type": "Point", "coordinates": [ 80.2134958, 12.9798739 ] } },
{ "type": "Feature", "properties": { "node_id": 299881054, "x": 80.2159843, "y": 12.9818408 }, "geometry": { "type": "Point", "coordinates": [ 80.2159843, 12.9818408 ] } },
{ "type": "Feature", "properties": { "node_id": 299881056, "x": 80.2138483, "y": 12.9816848 }, "geometry": { "type": "Point", "coordinates": [ 80.2138483, 12.9816848 ] } },
{ "type": "Feature", "properties": { "node_id": 299881092, "x": 80.2029673, "y": 12.9817913 }, "geometry": { "type": "Point", "coordinates": [ 80.2029673, 12.9817913 ] } },
{ "type": "Feature", "properties": { "node_id": 299881096, "x": 80.2044389, "y": 12.9804424 }, "geometry": { "type": "Point", "coordinates": [ 80.2044389, 12.9804424 ] } },
{ "type": "Feature", "properties": { "node_id": 299881097, "x": 80.2034994, "y": 12.9805618 }, "geometry": { "type": "Point", "coordinates": [ 80.2034994, 12.9805618 ] } },
{ "type": "Feature", "properties": { "node_id": 299881118, "x": 80.204373, "y": 12.9800357 }, "geometry": { "type": "Point", "coordinates": [ 80.204373, 12.9800357 ] } },
{ "type": "Feature", "properties": { "node_id": 299881120, "x": 80.2023213, "y": 12.980141 }, "geometry": { "type": "Point", "coordinates": [ 80.2023213, 12.980141 ] } },
{ "type": "Feature", "properties": { "node_id": 299881121, "x": 80.203242, "y": 12.9797756 }, "geometry": { "type": "Point", "coordinates": [ 80.203242, 12.9797756 ] } },
{ "type": "Feature", "properties": { "node_id": 299881175, "x": 80.1997903, "y": 12.9814132 }, "geometry": { "type": "Point", "coordinates": [ 80.1997903, 12.9814132 ] } },
{ "type": "Feature", "properties": { "node_id": 299881177, "x": 80.2010954, "y": 12.9812657 }, "geometry": { "type": "Point", "coordinates": [ 80.2010954, 12.9812657 ] } },
{ "type": "Feature", "properties": { "node_id": 299881312, "x": 80.204353, "y": 12.9830604 }, "geometry": { "type": "Point", "coordinates": [ 80.204353, 12.9830604 ] } },
{ "type": "Feature", "properties": { "node_id": 299881313, "x": 80.2042508, "y": 12.9822212 }, "geometry": { "type": "Point", "coordinates": [ 80.2042508, 12.9822212 ] } },
{ "type": "Feature", "properties": { "node_id": 299881659, "x": 80.2008714, "y": 12.9841822 }, "geometry": { "type": "Point", "coordinates": [ 80.2008714, 12.9841822 ] } },
{ "type": "Feature", "properties": { "node_id": 299881731, "x": 80.2030787, "y": 12.98287 }, "geometry": { "type": "Point", "coordinates": [ 80.2030787, 12.98287 ] } },
{ "type": "Feature", "properties": { "node_id": 299881747, "x": 80.20644, "y": 12.9827525 }, "geometry": { "type": "Point", "coordinates": [ 80.20644, 12.9827525 ] } },
{ "type": "Feature", "properties": { "node_id": 299881748, "x": 80.2047995, "y": 12.9828782 }, "geometry": { "type": "Point", "coordinates": [ 80.2047995, 12.9828782 ] } },
{ "type": "Feature", "properties": { "node_id": 299881750, "x": 80.2076556, "y": 12.984469 }, "geometry": { "type": "Point", "coordinates": [ 80.2076556, 12.984469 ] } },
{ "type": "Feature", "properties": { "node_id": 299881772, "x": 80.2103144, "y": 12.9824436 }, "geometry": { "type": "Point", "coordinates": [ 80.2103144, 12.9824436 ] } },
{ "type": "Feature", "properties": { "node_id": 299881789, "x": 80.2012346, "y": 12.9787196 }, "geometry": { "type": "Point", "coordinates": [ 80.2012346, 12.9787196 ] } },
{ "type": "Feature", "properties": { "node_id": 299881800, "x": 80.1989345, "y": 12.9770593 }, "geometry": { "type": "Point", "coordinates": [ 80.1989345, 12.9770593 ] } },
{ "type": "Feature", "properties": { "node_id": 299881827, "x": 80.1991448, "y": 12.9745025 }, "geometry": { "type": "Point", "coordinates": [ 80.1991448, 12.9745025 ] } },
{ "type": "Feature", "properties": { "node_id": 299881828, "x": 80.1991112, "y": 12.9738934 }, "geometry": { "type": "Point", "coordinates": [ 80.1991112, 12.9738934 ] } },
{ "type": "Feature", "properties": { "node_id": 299881832, "x": 80.2014276, "y": 12.9754137 }, "geometry": { "type": "Point", "coordinates": [ 80.2014276, 12.9754137 ] } },
{ "type": "Feature", "properties": { "node_id": 299881845, "x": 80.2013376, "y": 12.9693534 }, "geometry": { "type": "Point", "coordinates": [ 80.2013376, 12.9693534 ] } },
{ "type": "Feature", "properties": { "node_id": 299881867, "x": 80.2103069, "y": 12.9837709 }, "geometry": { "type": "Point", "coordinates": [ 80.2103069, 12.9837709 ] } },
{ "type": "Feature", "properties": { "node_id": 299881932, "x": 80.2159642, "y": 12.9822399 }, "geometry": { "type": "Point", "coordinates": [ 80.2159642, 12.9822399 ] } },
{ "type": "Feature", "properties": { "node_id": 299881935, "x": 80.2138456, "y": 12.9817255 }, "geometry": { "type": "Point", "coordinates": [ 80.2138456, 12.9817255 ] } },
{ "type": "Feature", "properties": { "node_id": 299881938, "x": 80.2145667, "y": 12.9809486 }, "geometry": { "type": "Point", "coordinates": [ 80.2145667, 12.9809486 ] } },
{ "type": "Feature", "properties": { "node_id": 299881944, "x": 80.2144188, "y": 12.9802379 }, "geometry": { "type": "Point", "coordinates": [ 80.2144188, 12.9802379 ] } },
{ "type": "Feature", "properties": { "node_id": 299881945, "x": 80.2153232, "y": 12.9799251 }, "geometry": { "type": "Point", "coordinates": [ 80.2153232, 12.9799251 ] } },
{ "type": "Feature", "properties": { "node_id": 299881956, "x": 80.2036108, "y": 12.9817263 }, "geometry": { "type": "Point", "coordinates": [ 80.2036108, 12.9817263 ] } },
{ "type": "Feature", "properties": { "node_id": 299881958, "x": 80.2013754, "y": 12.9831618 }, "geometry": { "type": "Point", "coordinates": [ 80.2013754, 12.9831618 ] } },
{ "type": "Feature", "properties": { "node_id": 299881959, "x": 80.2020827, "y": 12.9811832 }, "geometry": { "type": "Point", "coordinates": [ 80.2020827, 12.9811832 ] } },
{ "type": "Feature", "properties": { "node_id": 299881960, "x": 80.2013908, "y": 12.9798954 }, "geometry": { "type": "Point", "coordinates": [ 80.2013908, 12.9798954 ] } },
{ "type": "Feature", "properties": { "node_id": 299881963, "x": 80.2020146, "y": 12.9793742 }, "geometry": { "type": "Point", "coordinates": [ 80.2020146, 12.9793742 ] } },
{ "type": "Feature", "properties": { "node_id": 299881964, "x": 80.2031046, "y": 12.980796 }, "geometry": { "type": "Point", "coordinates": [ 80.2031046, 12.980796 ] } },
{ "type": "Feature", "properties": { "node_id": 299882961, "x": 80.2012032, "y": 12.9772934 }, "geometry": { "type": "Point", "coordinates": [ 80.2012032, 12.9772934 ] } },
{ "type": "Feature", "properties": { "node_id": 299882962, "x": 80.2012086, "y": 12.9777493 }, "geometry": { "type": "Point", "coordinates": [ 80.2012086, 12.9777493 ] } },
{ "type": "Feature", "properties": { "node_id": 299882980, "x": 80.2131015, "y": 12.9844982 }, "geometry": { "type": "Point", "coordinates": [ 80.2131015, 12.9844982 ] } },
{ "type": "Feature", "properties": { "node_id": 299883029, "x": 80.2033243, "y": 12.9741433 }, "geometry": { "type": "Point", "coordinates": [ 80.2033243, 12.9741433 ] } },
{ "type": "Feature", "properties": { "node_id": 299883031, "x": 80.203874, "y": 12.9766987 }, "geometry": { "type": "Point", "coordinates": [ 80.203874, 12.9766987 ] } },
{ "type": "Feature", "properties": { "node_id": 299883099, "x": 80.2032548, "y": 12.9709276 }, "geometry": { "type": "Point", "coordinates": [ 80.2032548, 12.9709276 ] } },
{ "type": "Feature", "properties": { "node_id": 299883113, "x": 80.2039844, "y": 12.9703757 }, "geometry": { "type": "Point", "coordinates": [ 80.2039844, 12.9703757 ] } },
{ "type": "Feature", "properties": { "node_id": 299883115, "x": 80.2075157, "y": 12.9698721 }, "geometry": { "type": "Point", "coordinates": [ 80.2075157, 12.9698721 ] } },
{ "type": "Feature", "properties": { "node_id": 299883116, "x": 80.2090209, "y": 12.9656537 }, "geometry": { "type": "Point", "coordinates": [ 80.2090209, 12.9656537 ] } },
{ "type": "Feature", "properties": { "node_id": 299883118, "x": 80.2090085, "y": 12.9662371 }, "geometry": { "type": "Point", "coordinates": [ 80.2090085, 12.9662371 ] } },
{ "type": "Feature", "properties": { "node_id": 299883119, "x": 80.2090576, "y": 12.9668061 }, "geometry": { "type": "Point", "coordinates": [ 80.2090576, 12.9668061 ] } },
{ "type": "Feature", "properties": { "node_id": 299883121, "x": 80.207257, "y": 12.9660057 }, "geometry": { "type": "Point", "coordinates": [ 80.207257, 12.9660057 ] } },
{ "type": "Feature", "properties": { "node_id": 299883122, "x": 80.2091232, "y": 12.9673622 }, "geometry": { "type": "Point", "coordinates": [ 80.2091232, 12.9673622 ] } },
{ "type": "Feature", "properties": { "node_id": 299883134, "x": 80.2091333, "y": 12.9680616 }, "geometry": { "type": "Point", "coordinates": [ 80.2091333, 12.9680616 ] } },
{ "type": "Feature", "properties": { "node_id": 299883136, "x": 80.2073617, "y": 12.9671366 }, "geometry": { "type": "Point", "coordinates": [ 80.2073617, 12.9671366 ] } },
{ "type": "Feature", "properties": { "node_id": 299883139, "x": 80.2091876, "y": 12.9687276 }, "geometry": { "type": "Point", "coordinates": [ 80.2091876, 12.9687276 ] } },
{ "type": "Feature", "properties": { "node_id": 299883140, "x": 80.2074164, "y": 12.9689764 }, "geometry": { "type": "Point", "coordinates": [ 80.2074164, 12.9689764 ] } },
{ "type": "Feature", "properties": { "node_id": 299883147, "x": 80.2074802, "y": 12.9695059 }, "geometry": { "type": "Point", "coordinates": [ 80.2074802, 12.9695059 ] } },
{ "type": "Feature", "properties": { "node_id": 299883148, "x": 80.209234, "y": 12.969712 }, "geometry": { "type": "Point", "coordinates": [ 80.209234, 12.969712 ] } },
{ "type": "Feature", "properties": { "node_id": 299883152, "x": 80.2076402, "y": 12.970863 }, "geometry": { "type": "Point", "coordinates": [ 80.2076402, 12.970863 ] } },
{ "type": "Feature", "properties": { "node_id": 299883153, "x": 80.2076141, "y": 12.9706553 }, "geometry": { "type": "Point", "coordinates": [ 80.2076141, 12.9706553 ] } },
{ "type": "Feature", "properties": { "node_id": 299883154, "x": 80.2054739, "y": 12.9686985 }, "geometry": { "type": "Point", "coordinates": [ 80.2054739, 12.9686985 ] } },
{ "type": "Feature", "properties": { "node_id": 299883166, "x": 80.2092136, "y": 12.9692799 }, "geometry": { "type": "Point", "coordinates": [ 80.2092136, 12.9692799 ] } },
{ "type": "Feature", "properties": { "node_id": 299883167, "x": 80.2074539, "y": 12.9676431 }, "geometry": { "type": "Point", "coordinates": [ 80.2074539, 12.9676431 ] } },
{ "type": "Feature", "properties": { "node_id": 299883183, "x": 80.1992771, "y": 12.9889998 }, "geometry": { "type": "Point", "coordinates": [ 80.1992771, 12.9889998 ] } },
{ "type": "Feature", "properties": { "node_id": 299883184, "x": 80.1987415, "y": 12.986254 }, "geometry": { "type": "Point", "coordinates": [ 80.1987415, 12.986254 ] } },
{ "type": "Feature", "properties": { "node_id": 299883186, "x": 80.2164206, "y": 12.9736468 }, "geometry": { "type": "Point", "coordinates": [ 80.2164206, 12.9736468 ] } },
{ "type": "Feature", "properties": { "node_id": 299883187, "x": 80.2136613, "y": 12.9737726 }, "geometry": { "type": "Point", "coordinates": [ 80.2136613, 12.9737726 ] } },
{ "type": "Feature", "properties": { "node_id": 299883188, "x": 80.213639, "y": 12.9736528 }, "geometry": { "type": "Point", "coordinates": [ 80.213639, 12.9736528 ] } },
{ "type": "Feature", "properties": { "node_id": 299883205, "x": 80.2137557, "y": 12.9742839 }, "geometry": { "type": "Point", "coordinates": [ 80.2137557, 12.9742839 ] } },
{ "type": "Feature", "properties": { "node_id": 299883210, "x": 80.2150515, "y": 12.9726837 }, "geometry": { "type": "Point", "coordinates": [ 80.2150515, 12.9726837 ] } },
{ "type": "Feature", "properties": { "node_id": 299883297, "x": 80.21784, "y": 12.9844609 }, "geometry": { "type": "Point", "coordinates": [ 80.21784, 12.9844609 ] } },
{ "type": "Feature", "properties": { "node_id": 299883303, "x": 80.2166103, "y": 12.982295 }, "geometry": { "type": "Point", "coordinates": [ 80.2166103, 12.982295 ] } },
{ "type": "Feature", "properties": { "node_id": 299883305, "x": 80.2171571, "y": 12.9831247 }, "geometry": { "type": "Point", "coordinates": [ 80.2171571, 12.9831247 ] } },
{ "type": "Feature", "properties": { "node_id": 299883308, "x": 80.2166428, "y": 12.9817226 }, "geometry": { "type": "Point", "coordinates": [ 80.2166428, 12.9817226 ] } },
{ "type": "Feature", "properties": { "node_id": 299883310, "x": 80.2159299, "y": 12.9825931 }, "geometry": { "type": "Point", "coordinates": [ 80.2159299, 12.9825931 ] } },
{ "type": "Feature", "properties": { "node_id": 299883311, "x": 80.2130956, "y": 12.9816467 }, "geometry": { "type": "Point", "coordinates": [ 80.2130956, 12.9816467 ] } },
{ "type": "Feature", "properties": { "node_id": 299883320, "x": 80.2210148, "y": 12.9810784 }, "geometry": { "type": "Point", "coordinates": [ 80.2210148, 12.9810784 ] } },
{ "type": "Feature", "properties": { "node_id": 299883324, "x": 80.2199103, "y": 12.9817464 }, "geometry": { "type": "Point", "coordinates": [ 80.2199103, 12.9817464 ] } },
{ "type": "Feature", "properties": { "node_id": 299883329, "x": 80.2180551, "y": 12.9814744 }, "geometry": { "type": "Point", "coordinates": [ 80.2180551, 12.9814744 ] } },
{ "type": "Feature", "properties": { "node_id": 299883330, "x": 80.2179509, "y": 12.9814509 }, "geometry": { "type": "Point", "coordinates": [ 80.2179509, 12.9814509 ] } },
{ "type": "Feature", "properties": { "node_id": 299883577, "x": 80.2138286, "y": 12.9820912 }, "geometry": { "type": "Point", "coordinates": [ 80.2138286, 12.9820912 ] } },
{ "type": "Feature", "properties": { "node_id": 299883586, "x": 80.2121849, "y": 12.9823292 }, "geometry": { "type": "Point", "coordinates": [ 80.2121849, 12.9823292 ] } },
{ "type": "Feature", "properties": { "node_id": 299883587, "x": 80.2165411, "y": 12.9843757 }, "geometry": { "type": "Point", "coordinates": [ 80.2165411, 12.9843757 ] } },
{ "type": "Feature", "properties": { "node_id": 299883594, "x": 80.2135758, "y": 12.9832734 }, "geometry": { "type": "Point", "coordinates": [ 80.2135758, 12.9832734 ] } },
{ "type": "Feature", "properties": { "node_id": 299883595, "x": 80.2135611, "y": 12.9836701 }, "geometry": { "type": "Point", "coordinates": [ 80.2135611, 12.9836701 ] } },
{ "type": "Feature", "properties": { "node_id": 299883685, "x": 80.2161314, "y": 12.9795652 }, "geometry": { "type": "Point", "coordinates": [ 80.2161314, 12.9795652 ] } },
{ "type": "Feature", "properties": { "node_id": 299883712, "x": 80.2168711, "y": 12.9795877 }, "geometry": { "type": "Point", "coordinates": [ 80.2168711, 12.9795877 ] } },
{ "type": "Feature", "properties": { "node_id": 299883714, "x": 80.2180855, "y": 12.9800098 }, "geometry": { "type": "Point", "coordinates": [ 80.2180855, 12.9800098 ] } },
{ "type": "Feature", "properties": { "node_id": 299883719, "x": 80.2161475, "y": 12.9793026 }, "geometry": { "type": "Point", "coordinates": [ 80.2161475, 12.9793026 ] } },
{ "type": "Feature", "properties": { "node_id": 299883744, "x": 80.2154725, "y": 12.9785614 }, "geometry": { "type": "Point", "coordinates": [ 80.2154725, 12.9785614 ] } },
{ "type": "Feature", "properties": { "node_id": 299883747, "x": 80.2162531, "y": 12.976495 }, "geometry": { "type": "Point", "coordinates": [ 80.2162531, 12.976495 ] } },
{ "type": "Feature", "properties": { "node_id": 299883757, "x": 80.2155765, "y": 12.9774084 }, "geometry": { "type": "Point", "coordinates": [ 80.2155765, 12.9774084 ] } },
{ "type": "Feature", "properties": { "node_id": 299883758, "x": 80.2143049, "y": 12.9773199 }, "geometry": { "type": "Point", "coordinates": [ 80.2143049, 12.9773199 ] } },
{ "type": "Feature", "properties": { "node_id": 299883765, "x": 80.2151155, "y": 12.9742645 }, "geometry": { "type": "Point", "coordinates": [ 80.2151155, 12.9742645 ] } },
{ "type": "Feature", "properties": { "node_id": 299883766, "x": 80.2152203, "y": 12.9764706 }, "geometry": { "type": "Point", "coordinates": [ 80.2152203, 12.9764706 ] } },
{ "type": "Feature", "properties": { "node_id": 299883775, "x": 80.2151671, "y": 12.9748185 }, "geometry": { "type": "Point", "coordinates": [ 80.2151671, 12.9748185 ] } },
{ "type": "Feature", "properties": { "node_id": 299883817, "x": 80.2163132, "y": 12.9756844 }, "geometry": { "type": "Point", "coordinates": [ 80.2163132, 12.9756844 ] } },
{ "type": "Feature", "properties": { "node_id": 299883820, "x": 80.2163033, "y": 12.9760836 }, "geometry": { "type": "Point", "coordinates": [ 80.2163033, 12.9760836 ] } },
{ "type": "Feature", "properties": { "node_id": 299883833, "x": 80.2168862, "y": 12.9782504 }, "geometry": { "type": "Point", "coordinates": [ 80.2168862, 12.9782504 ] } },
{ "type": "Feature", "properties": { "node_id": 299883862, "x": 80.2164319, "y": 12.9747602 }, "geometry": { "type": "Point", "coordinates": [ 80.2164319, 12.9747602 ] } },
{ "type": "Feature", "properties": { "node_id": 299883876, "x": 80.2160021, "y": 12.9701452 }, "geometry": { "type": "Point", "coordinates": [ 80.2160021, 12.9701452 ] } },
{ "type": "Feature", "properties": { "node_id": 299883878, "x": 80.2164666, "y": 12.9742305 }, "geometry": { "type": "Point", "coordinates": [ 80.2164666, 12.9742305 ] } },
{ "type": "Feature", "properties": { "node_id": 299883901, "x": 80.2151757, "y": 12.9753747 }, "geometry": { "type": "Point", "coordinates": [ 80.2151757, 12.9753747 ] } },
{ "type": "Feature", "properties": { "node_id": 299883943, "x": 80.2171068, "y": 12.9757663 }, "geometry": { "type": "Point", "coordinates": [ 80.2171068, 12.9757663 ] } },
{ "type": "Feature", "properties": { "node_id": 299883945, "x": 80.2171592, "y": 12.9752845 }, "geometry": { "type": "Point", "coordinates": [ 80.2171592, 12.9752845 ] } },
{ "type": "Feature", "properties": { "node_id": 299883951, "x": 80.2186582, "y": 12.9764353 }, "geometry": { "type": "Point", "coordinates": [ 80.2186582, 12.9764353 ] } },
{ "type": "Feature", "properties": { "node_id": 299883968, "x": 80.2136303, "y": 12.9724665 }, "geometry": { "type": "Point", "coordinates": [ 80.2136303, 12.9724665 ] } },
{ "type": "Feature", "properties": { "node_id": 299883969, "x": 80.2148331, "y": 12.972383 }, "geometry": { "type": "Point", "coordinates": [ 80.2148331, 12.972383 ] } },
{ "type": "Feature", "properties": { "node_id": 299883970, "x": 80.2163499, "y": 12.9721079 }, "geometry": { "type": "Point", "coordinates": [ 80.2163499, 12.9721079 ] } },
{ "type": "Feature", "properties": { "node_id": 299883981, "x": 80.2135734, "y": 12.9720386 }, "geometry": { "type": "Point", "coordinates": [ 80.2135734, 12.9720386 ] } },
{ "type": "Feature", "properties": { "node_id": 299883984, "x": 80.216274, "y": 12.9715826 }, "geometry": { "type": "Point", "coordinates": [ 80.216274, 12.9715826 ] } },
{ "type": "Feature", "properties": { "node_id": 299883986, "x": 80.2149071, "y": 12.9709047 }, "geometry": { "type": "Point", "coordinates": [ 80.2149071, 12.9709047 ] } },
{ "type": "Feature", "properties": { "node_id": 299883987, "x": 80.2180807, "y": 12.9702883 }, "geometry": { "type": "Point", "coordinates": [ 80.2180807, 12.9702883 ] } },
{ "type": "Feature", "properties": { "node_id": 299883993, "x": 80.2170241, "y": 12.9714307 }, "geometry": { "type": "Point", "coordinates": [ 80.2170241, 12.9714307 ] } },
{ "type": "Feature", "properties": { "node_id": 299883994, "x": 80.2150784, "y": 12.9718177 }, "geometry": { "type": "Point", "coordinates": [ 80.2150784, 12.9718177 ] } },
{ "type": "Feature", "properties": { "node_id": 299883996, "x": 80.2170731, "y": 12.9719676 }, "geometry": { "type": "Point", "coordinates": [ 80.2170731, 12.9719676 ] } },
{ "type": "Feature", "properties": { "node_id": 299883997, "x": 80.2181664, "y": 12.9735563 }, "geometry": { "type": "Point", "coordinates": [ 80.2181664, 12.9735563 ] } },
{ "type": "Feature", "properties": { "node_id": 299884000, "x": 80.216417, "y": 12.9735621 }, "geometry": { "type": "Point", "coordinates": [ 80.216417, 12.9735621 ] } },
{ "type": "Feature", "properties": { "node_id": 299884131, "x": 80.2026415, "y": 12.9921734 }, "geometry": { "type": "Point", "coordinates": [ 80.2026415, 12.9921734 ] } },
{ "type": "Feature", "properties": { "node_id": 299886460, "x": 80.2083647, "y": 12.985382 }, "geometry": { "type": "Point", "coordinates": [ 80.2083647, 12.985382 ] } },
{ "type": "Feature", "properties": { "node_id": 299886559, "x": 80.2090648, "y": 12.9866965 }, "geometry": { "type": "Point", "coordinates": [ 80.2090648, 12.9866965 ] } },
{ "type": "Feature", "properties": { "node_id": 299886615, "x": 80.2085807, "y": 12.9866996 }, "geometry": { "type": "Point", "coordinates": [ 80.2085807, 12.9866996 ] } },
{ "type": "Feature", "properties": { "node_id": 299886616, "x": 80.2074908, "y": 12.9866637 }, "geometry": { "type": "Point", "coordinates": [ 80.2074908, 12.9866637 ] } },
{ "type": "Feature", "properties": { "node_id": 299886837, "x": 80.2100072, "y": 12.9870417 }, "geometry": { "type": "Point", "coordinates": [ 80.2100072, 12.9870417 ] } },
{ "type": "Feature", "properties": { "node_id": 299886893, "x": 80.2032564, "y": 12.9841463 }, "geometry": { "type": "Point", "coordinates": [ 80.2032564, 12.9841463 ] } },
{ "type": "Feature", "properties": { "node_id": 299886925, "x": 80.2033977, "y": 12.9854287 }, "geometry": { "type": "Point", "coordinates": [ 80.2033977, 12.9854287 ] } },
{ "type": "Feature", "properties": { "node_id": 299887128, "x": 80.1990342, "y": 12.9816662 }, "geometry": { "type": "Point", "coordinates": [ 80.1990342, 12.9816662 ] } },
{ "type": "Feature", "properties": { "node_id": 299887230, "x": 80.1990161, "y": 12.981547 }, "geometry": { "type": "Point", "coordinates": [ 80.1990161, 12.981547 ] } },
{ "type": "Feature", "properties": { "node_id": 300133843, "x": 80.1997082, "y": 12.9889268 }, "geometry": { "type": "Point", "coordinates": [ 80.1997082, 12.9889268 ] } },
{ "type": "Feature", "properties": { "node_id": 300133844, "x": 80.2002242, "y": 12.990724 }, "geometry": { "type": "Point", "coordinates": [ 80.2002242, 12.990724 ] } },
{ "type": "Feature", "properties": { "node_id": 300133898, "x": 80.1986509, "y": 12.9833366 }, "geometry": { "type": "Point", "coordinates": [ 80.1986509, 12.9833366 ] } },
{ "type": "Feature", "properties": { "node_id": 300133975, "x": 80.199227, "y": 12.9861999 }, "geometry": { "type": "Point", "coordinates": [ 80.199227, 12.9861999 ] } },
{ "type": "Feature", "properties": { "node_id": 300134094, "x": 80.2001297, "y": 12.9904909 }, "geometry": { "type": "Point", "coordinates": [ 80.2001297, 12.9904909 ] } },
{ "type": "Feature", "properties": { "node_id": 300134199, "x": 80.1991626, "y": 12.9902037 }, "geometry": { "type": "Point", "coordinates": [ 80.1991626, 12.9902037 ] } },
{ "type": "Feature", "properties": { "node_id": 300134200, "x": 80.200003, "y": 12.9900243 }, "geometry": { "type": "Point", "coordinates": [ 80.200003, 12.9900243 ] } },
{ "type": "Feature", "properties": { "node_id": 300134220, "x": 80.1993938, "y": 12.9894111 }, "geometry": { "type": "Point", "coordinates": [ 80.1993938, 12.9894111 ] } },
{ "type": "Feature", "properties": { "node_id": 300134222, "x": 80.1998287, "y": 12.9893456 }, "geometry": { "type": "Point", "coordinates": [ 80.1998287, 12.9893456 ] } },
{ "type": "Feature", "properties": { "node_id": 300134381, "x": 80.2003528, "y": 12.987963 }, "geometry": { "type": "Point", "coordinates": [ 80.2003528, 12.987963 ] } },
{ "type": "Feature", "properties": { "node_id": 300134467, "x": 80.1988461, "y": 12.9868234 }, "geometry": { "type": "Point", "coordinates": [ 80.1988461, 12.9868234 ] } },
{ "type": "Feature", "properties": { "node_id": 300134569, "x": 80.1983645, "y": 12.986917 }, "geometry": { "type": "Point", "coordinates": [ 80.1983645, 12.986917 ] } },
{ "type": "Feature", "properties": { "node_id": 300134655, "x": 80.1985123, "y": 12.9891329 }, "geometry": { "type": "Point", "coordinates": [ 80.1985123, 12.9891329 ] } },
{ "type": "Feature", "properties": { "node_id": 300134656, "x": 80.1987112, "y": 12.9899842 }, "geometry": { "type": "Point", "coordinates": [ 80.1987112, 12.9899842 ] } },
{ "type": "Feature", "properties": { "node_id": 300135000, "x": 80.1981046, "y": 12.9850497 }, "geometry": { "type": "Point", "coordinates": [ 80.1981046, 12.9850497 ] } },
{ "type": "Feature", "properties": { "node_id": 300135044, "x": 80.1980811, "y": 12.9849124 }, "geometry": { "type": "Point", "coordinates": [ 80.1980811, 12.9849124 ] } },
{ "type": "Feature", "properties": { "node_id": 300135045, "x": 80.1989343, "y": 12.9847801 }, "geometry": { "type": "Point", "coordinates": [ 80.1989343, 12.9847801 ] } },
{ "type": "Feature", "properties": { "node_id": 300135909, "x": 80.1988857, "y": 12.9845223 }, "geometry": { "type": "Point", "coordinates": [ 80.1988857, 12.9845223 ] } },
{ "type": "Feature", "properties": { "node_id": 300136155, "x": 80.1998035, "y": 12.9843248 }, "geometry": { "type": "Point", "coordinates": [ 80.1998035, 12.9843248 ] } },
{ "type": "Feature", "properties": { "node_id": 300136156, "x": 80.2001062, "y": 12.9852628 }, "geometry": { "type": "Point", "coordinates": [ 80.2001062, 12.9852628 ] } },
{ "type": "Feature", "properties": { "node_id": 300136290, "x": 80.2003915, "y": 12.9869243 }, "geometry": { "type": "Point", "coordinates": [ 80.2003915, 12.9869243 ] } },
{ "type": "Feature", "properties": { "node_id": 300136293, "x": 80.1997371, "y": 12.9861828 }, "geometry": { "type": "Point", "coordinates": [ 80.1997371, 12.9861828 ] } },
{ "type": "Feature", "properties": { "node_id": 300136371, "x": 80.199099, "y": 12.9854417 }, "geometry": { "type": "Point", "coordinates": [ 80.199099, 12.9854417 ] } },
{ "type": "Feature", "properties": { "node_id": 300136382, "x": 80.2000801, "y": 12.9851913 }, "geometry": { "type": "Point", "coordinates": [ 80.2000801, 12.9851913 ] } },
{ "type": "Feature", "properties": { "node_id": 300136489, "x": 80.2033174, "y": 12.9847002 }, "geometry": { "type": "Point", "coordinates": [ 80.2033174, 12.9847002 ] } },
{ "type": "Feature", "properties": { "node_id": 300157938, "x": 80.2004228, "y": 12.9876458 }, "geometry": { "type": "Point", "coordinates": [ 80.2004228, 12.9876458 ] } },
{ "type": "Feature", "properties": { "node_id": 300157939, "x": 80.2014194, "y": 12.9875011 }, "geometry": { "type": "Point", "coordinates": [ 80.2014194, 12.9875011 ] } },
{ "type": "Feature", "properties": { "node_id": 300157970, "x": 80.201518, "y": 12.9899032 }, "geometry": { "type": "Point", "coordinates": [ 80.201518, 12.9899032 ] } },
{ "type": "Feature", "properties": { "node_id": 300158027, "x": 80.2019262, "y": 12.9917936 }, "geometry": { "type": "Point", "coordinates": [ 80.2019262, 12.9917936 ] } },
{ "type": "Feature", "properties": { "node_id": 300158061, "x": 80.2024159, "y": 12.995084 }, "geometry": { "type": "Point", "coordinates": [ 80.2024159, 12.995084 ] } },
{ "type": "Feature", "properties": { "node_id": 300158401, "x": 80.2049108, "y": 12.99372 }, "geometry": { "type": "Point", "coordinates": [ 80.2049108, 12.99372 ] } },
{ "type": "Feature", "properties": { "node_id": 300158857, "x": 80.2048463, "y": 12.9935527 }, "geometry": { "type": "Point", "coordinates": [ 80.2048463, 12.9935527 ] } },
{ "type": "Feature", "properties": { "node_id": 300158859, "x": 80.2034072, "y": 12.9937223 }, "geometry": { "type": "Point", "coordinates": [ 80.2034072, 12.9937223 ] } },
{ "type": "Feature", "properties": { "node_id": 300159021, "x": 80.203321, "y": 12.99268 }, "geometry": { "type": "Point", "coordinates": [ 80.203321, 12.99268 ] } },
{ "type": "Feature", "properties": { "node_id": 300159065, "x": 80.2059355, "y": 12.9889256 }, "geometry": { "type": "Point", "coordinates": [ 80.2059355, 12.9889256 ] } },
{ "type": "Feature", "properties": { "node_id": 300159070, "x": 80.2068868, "y": 12.9922463 }, "geometry": { "type": "Point", "coordinates": [ 80.2068868, 12.9922463 ] } },
{ "type": "Feature", "properties": { "node_id": 300159185, "x": 80.2062417, "y": 12.9888864 }, "geometry": { "type": "Point", "coordinates": [ 80.2062417, 12.9888864 ] } },
{ "type": "Feature", "properties": { "node_id": 300159188, "x": 80.2064299, "y": 12.9910965 }, "geometry": { "type": "Point", "coordinates": [ 80.2064299, 12.9910965 ] } },
{ "type": "Feature", "properties": { "node_id": 300159298, "x": 80.2071813, "y": 12.9913918 }, "geometry": { "type": "Point", "coordinates": [ 80.2071813, 12.9913918 ] } },
{ "type": "Feature", "properties": { "node_id": 300159299, "x": 80.2070199, "y": 12.9905854 }, "geometry": { "type": "Point", "coordinates": [ 80.2070199, 12.9905854 ] } },
{ "type": "Feature", "properties": { "node_id": 300159433, "x": 80.2085196, "y": 12.9901144 }, "geometry": { "type": "Point", "coordinates": [ 80.2085196, 12.9901144 ] } },
{ "type": "Feature", "properties": { "node_id": 300159434, "x": 80.2087581, "y": 12.9908885 }, "geometry": { "type": "Point", "coordinates": [ 80.2087581, 12.9908885 ] } },
{ "type": "Feature", "properties": { "node_id": 300159440, "x": 80.2075392, "y": 12.9887336 }, "geometry": { "type": "Point", "coordinates": [ 80.2075392, 12.9887336 ] } },
{ "type": "Feature", "properties": { "node_id": 300159443, "x": 80.2077657, "y": 12.9903564 }, "geometry": { "type": "Point", "coordinates": [ 80.2077657, 12.9903564 ] } },
{ "type": "Feature", "properties": { "node_id": 300159445, "x": 80.2079999, "y": 12.9911305 }, "geometry": { "type": "Point", "coordinates": [ 80.2079999, 12.9911305 ] } },
{ "type": "Feature", "properties": { "node_id": 300159498, "x": 80.2088438, "y": 12.9891936 }, "geometry": { "type": "Point", "coordinates": [ 80.2088438, 12.9891936 ] } },
{ "type": "Feature", "properties": { "node_id": 300159499, "x": 80.2065232, "y": 12.9899368 }, "geometry": { "type": "Point", "coordinates": [ 80.2065232, 12.9899368 ] } },
{ "type": "Feature", "properties": { "node_id": 300159512, "x": 80.2089173, "y": 12.9899906 }, "geometry": { "type": "Point", "coordinates": [ 80.2089173, 12.9899906 ] } },
{ "type": "Feature", "properties": { "node_id": 300159513, "x": 80.2091452, "y": 12.990765 }, "geometry": { "type": "Point", "coordinates": [ 80.2091452, 12.990765 ] } },
{ "type": "Feature", "properties": { "node_id": 300159528, "x": 80.2056163, "y": 12.9902556 }, "geometry": { "type": "Point", "coordinates": [ 80.2056163, 12.9902556 ] } },
{ "type": "Feature", "properties": { "node_id": 300159529, "x": 80.2064577, "y": 12.992355 }, "geometry": { "type": "Point", "coordinates": [ 80.2064577, 12.992355 ] } },
{ "type": "Feature", "properties": { "node_id": 300159530, "x": 80.20711, "y": 12.9915437 }, "geometry": { "type": "Point", "coordinates": [ 80.20711, 12.9915437 ] } },
{ "type": "Feature", "properties": { "node_id": 300159531, "x": 80.2058473, "y": 12.9919874 }, "geometry": { "type": "Point", "coordinates": [ 80.2058473, 12.9919874 ] } },
{ "type": "Feature", "properties": { "node_id": 300159552, "x": 80.2097322, "y": 12.9912983 }, "geometry": { "type": "Point", "coordinates": [ 80.2097322, 12.9912983 ] } },
{ "type": "Feature", "properties": { "node_id": 300159692, "x": 80.2098346, "y": 12.9929202 }, "geometry": { "type": "Point", "coordinates": [ 80.2098346, 12.9929202 ] } },
{ "type": "Feature", "properties": { "node_id": 300159695, "x": 80.2099963, "y": 12.9926629 }, "geometry": { "type": "Point", "coordinates": [ 80.2099963, 12.9926629 ] } },
{ "type": "Feature", "properties": { "node_id": 300159762, "x": 80.2100373, "y": 12.9928966 }, "geometry": { "type": "Point", "coordinates": [ 80.2100373, 12.9928966 ] } },
{ "type": "Feature", "properties": { "node_id": 300159763, "x": 80.2081326, "y": 12.993274 }, "geometry": { "type": "Point", "coordinates": [ 80.2081326, 12.993274 ] } },
{ "type": "Feature", "properties": { "node_id": 300159776, "x": 80.2082887, "y": 12.9961821 }, "geometry": { "type": "Point", "coordinates": [ 80.2082887, 12.9961821 ] } },
{ "type": "Feature", "properties": { "node_id": 300159788, "x": 80.2082934, "y": 12.9939858 }, "geometry": { "type": "Point", "coordinates": [ 80.2082934, 12.9939858 ] } },
{ "type": "Feature", "properties": { "node_id": 300159789, "x": 80.2069977, "y": 12.9942489 }, "geometry": { "type": "Point", "coordinates": [ 80.2069977, 12.9942489 ] } },
{ "type": "Feature", "properties": { "node_id": 300159802, "x": 80.2083084, "y": 12.994536 }, "geometry": { "type": "Point", "coordinates": [ 80.2083084, 12.994536 ] } },
{ "type": "Feature", "properties": { "node_id": 300159803, "x": 80.2071232, "y": 12.9947933 }, "geometry": { "type": "Point", "coordinates": [ 80.2071232, 12.9947933 ] } },
{ "type": "Feature", "properties": { "node_id": 300159816, "x": 80.2082962, "y": 12.9951308 }, "geometry": { "type": "Point", "coordinates": [ 80.2082962, 12.9951308 ] } },
{ "type": "Feature", "properties": { "node_id": 300159817, "x": 80.2072445, "y": 12.9953532 }, "geometry": { "type": "Point", "coordinates": [ 80.2072445, 12.9953532 ] } },
{ "type": "Feature", "properties": { "node_id": 300159827, "x": 80.2081818, "y": 12.9935099 }, "geometry": { "type": "Point", "coordinates": [ 80.2081818, 12.9935099 ] } },
{ "type": "Feature", "properties": { "node_id": 300159828, "x": 80.2068605, "y": 12.9937836 }, "geometry": { "type": "Point", "coordinates": [ 80.2068605, 12.9937836 ] } },
{ "type": "Feature", "properties": { "node_id": 300159832, "x": 80.2062644, "y": 12.9934767 }, "geometry": { "type": "Point", "coordinates": [ 80.2062644, 12.9934767 ] } },
{ "type": "Feature", "properties": { "node_id": 300159865, "x": 80.2093666, "y": 12.9937688 }, "geometry": { "type": "Point", "coordinates": [ 80.2093666, 12.9937688 ] } },
{ "type": "Feature", "properties": { "node_id": 300159867, "x": 80.2101089, "y": 12.9936749 }, "geometry": { "type": "Point", "coordinates": [ 80.2101089, 12.9936749 ] } },
{ "type": "Feature", "properties": { "node_id": 300159879, "x": 80.2101144, "y": 12.9939546 }, "geometry": { "type": "Point", "coordinates": [ 80.2101144, 12.9939546 ] } },
{ "type": "Feature", "properties": { "node_id": 300159880, "x": 80.209387, "y": 12.9940506 }, "geometry": { "type": "Point", "coordinates": [ 80.209387, 12.9940506 ] } },
{ "type": "Feature", "properties": { "node_id": 300159906, "x": 80.2101385, "y": 12.9942126 }, "geometry": { "type": "Point", "coordinates": [ 80.2101385, 12.9942126 ] } },
{ "type": "Feature", "properties": { "node_id": 300159908, "x": 80.2093627, "y": 12.9943105 }, "geometry": { "type": "Point", "coordinates": [ 80.2093627, 12.9943105 ] } },
{ "type": "Feature", "properties": { "node_id": 300159970, "x": 80.20906, "y": 12.9952379 }, "geometry": { "type": "Point", "coordinates": [ 80.20906, 12.9952379 ] } },
{ "type": "Feature", "properties": { "node_id": 300159971, "x": 80.2087778, "y": 12.9952611 }, "geometry": { "type": "Point", "coordinates": [ 80.2087778, 12.9952611 ] } },
{ "type": "Feature", "properties": { "node_id": 300159993, "x": 80.2122814, "y": 12.9931236 }, "geometry": { "type": "Point", "coordinates": [ 80.2122814, 12.9931236 ] } },
{ "type": "Feature", "properties": { "node_id": 300159994, "x": 80.2127498, "y": 12.9950199 }, "geometry": { "type": "Point", "coordinates": [ 80.2127498, 12.9950199 ] } },
{ "type": "Feature", "properties": { "node_id": 300159995, "x": 80.2102548, "y": 12.9955767 }, "geometry": { "type": "Point", "coordinates": [ 80.2102548, 12.9955767 ] } },
{ "type": "Feature", "properties": { "node_id": 300160040, "x": 80.2125894, "y": 12.9943121 }, "geometry": { "type": "Point", "coordinates": [ 80.2125894, 12.9943121 ] } },
{ "type": "Feature", "properties": { "node_id": 300160041, "x": 80.2101767, "y": 12.9947121 }, "geometry": { "type": "Point", "coordinates": [ 80.2101767, 12.9947121 ] } },
{ "type": "Feature", "properties": { "node_id": 300160265, "x": 80.2101563, "y": 12.9943549 }, "geometry": { "type": "Point", "coordinates": [ 80.2101563, 12.9943549 ] } },
{ "type": "Feature", "properties": { "node_id": 300160268, "x": 80.2119324, "y": 12.9939875 }, "geometry": { "type": "Point", "coordinates": [ 80.2119324, 12.9939875 ] } },
{ "type": "Feature", "properties": { "node_id": 300160351, "x": 80.2103552, "y": 12.9923752 }, "geometry": { "type": "Point", "coordinates": [ 80.2103552, 12.9923752 ] } },
{ "type": "Feature", "properties": { "node_id": 300162586, "x": 80.2126459, "y": 12.9913653 }, "geometry": { "type": "Point", "coordinates": [ 80.2126459, 12.9913653 ] } },
{ "type": "Feature", "properties": { "node_id": 300162588, "x": 80.2142425, "y": 12.9909597 }, "geometry": { "type": "Point", "coordinates": [ 80.2142425, 12.9909597 ] } },
{ "type": "Feature", "properties": { "node_id": 300163876, "x": 80.2134067, "y": 12.9895556 }, "geometry": { "type": "Point", "coordinates": [ 80.2134067, 12.9895556 ] } },
{ "type": "Feature", "properties": { "node_id": 300163925, "x": 80.212227, "y": 12.9898633 }, "geometry": { "type": "Point", "coordinates": [ 80.212227, 12.9898633 ] } },
{ "type": "Feature", "properties": { "node_id": 300163926, "x": 80.2130511, "y": 12.9929217 }, "geometry": { "type": "Point", "coordinates": [ 80.2130511, 12.9929217 ] } },
{ "type": "Feature", "properties": { "node_id": 300163974, "x": 80.2102581, "y": 12.9920149 }, "geometry": { "type": "Point", "coordinates": [ 80.2102581, 12.9920149 ] } },
{ "type": "Feature", "properties": { "node_id": 300163975, "x": 80.2106634, "y": 12.99353 }, "geometry": { "type": "Point", "coordinates": [ 80.2106634, 12.99353 ] } },
{ "type": "Feature", "properties": { "node_id": 300163992, "x": 80.2118333, "y": 12.9932223 }, "geometry": { "type": "Point", "coordinates": [ 80.2118333, 12.9932223 ] } },
{ "type": "Feature", "properties": { "node_id": 300163994, "x": 80.2110219, "y": 12.993432 }, "geometry": { "type": "Point", "coordinates": [ 80.2110219, 12.993432 ] } },
{ "type": "Feature", "properties": { "node_id": 300164008, "x": 80.2123428, "y": 12.9918454 }, "geometry": { "type": "Point", "coordinates": [ 80.2123428, 12.9918454 ] } },
{ "type": "Feature", "properties": { "node_id": 300164009, "x": 80.2126661, "y": 12.9930198 }, "geometry": { "type": "Point", "coordinates": [ 80.2126661, 12.9930198 ] } },
{ "type": "Feature", "properties": { "node_id": 300164025, "x": 80.2125424, "y": 12.9909922 }, "geometry": { "type": "Point", "coordinates": [ 80.2125424, 12.9909922 ] } },
{ "type": "Feature", "properties": { "node_id": 300164051, "x": 80.2143012, "y": 12.9910514 }, "geometry": { "type": "Point", "coordinates": [ 80.2143012, 12.9910514 ] } },
{ "type": "Feature", "properties": { "node_id": 300164085, "x": 80.2147579, "y": 12.9944135 }, "geometry": { "type": "Point", "coordinates": [ 80.2147579, 12.9944135 ] } },
{ "type": "Feature", "properties": { "node_id": 300164086, "x": 80.2151942, "y": 12.9952419 }, "geometry": { "type": "Point", "coordinates": [ 80.2151942, 12.9952419 ] } },
{ "type": "Feature", "properties": { "node_id": 300164133, "x": 80.2148989, "y": 12.9933334 }, "geometry": { "type": "Point", "coordinates": [ 80.2148989, 12.9933334 ] } },
{ "type": "Feature", "properties": { "node_id": 300164134, "x": 80.2142195, "y": 12.99371 }, "geometry": { "type": "Point", "coordinates": [ 80.2142195, 12.99371 ] } },
{ "type": "Feature", "properties": { "node_id": 300164147, "x": 80.2144657, "y": 12.9932164 }, "geometry": { "type": "Point", "coordinates": [ 80.2144657, 12.9932164 ] } },
{ "type": "Feature", "properties": { "node_id": 300164148, "x": 80.2150677, "y": 12.9928688 }, "geometry": { "type": "Point", "coordinates": [ 80.2150677, 12.9928688 ] } },
{ "type": "Feature", "properties": { "node_id": 300164157, "x": 80.215, "y": 12.9927069 }, "geometry": { "type": "Point", "coordinates": [ 80.215, 12.9927069 ] } },
{ "type": "Feature", "properties": { "node_id": 300164209, "x": 80.2146792, "y": 12.9908923 }, "geometry": { "type": "Point", "coordinates": [ 80.2146792, 12.9908923 ] } },
{ "type": "Feature", "properties": { "node_id": 300164212, "x": 80.2153606, "y": 12.992522 }, "geometry": { "type": "Point", "coordinates": [ 80.2153606, 12.992522 ] } },
{ "type": "Feature", "properties": { "node_id": 300164285, "x": 80.2150504, "y": 12.990738 }, "geometry": { "type": "Point", "coordinates": [ 80.2150504, 12.990738 ] } },
{ "type": "Feature", "properties": { "node_id": 300164286, "x": 80.2156035, "y": 12.9923886 }, "geometry": { "type": "Point", "coordinates": [ 80.2156035, 12.9923886 ] } },
{ "type": "Feature", "properties": { "node_id": 300164298, "x": 80.2153693, "y": 12.990616 }, "geometry": { "type": "Point", "coordinates": [ 80.2153693, 12.990616 ] } },
{ "type": "Feature", "properties": { "node_id": 300164300, "x": 80.2159297, "y": 12.9922033 }, "geometry": { "type": "Point", "coordinates": [ 80.2159297, 12.9922033 ] } },
{ "type": "Feature", "properties": { "node_id": 300164803, "x": 80.2140993, "y": 12.9935675 }, "geometry": { "type": "Point", "coordinates": [ 80.2140993, 12.9935675 ] } },
{ "type": "Feature", "properties": { "node_id": 300164805, "x": 80.2125247, "y": 12.9940477 }, "geometry": { "type": "Point", "coordinates": [ 80.2125247, 12.9940477 ] } },
{ "type": "Feature", "properties": { "node_id": 300164813, "x": 80.2126126, "y": 12.994413 }, "geometry": { "type": "Point", "coordinates": [ 80.2126126, 12.994413 ] } },
{ "type": "Feature", "properties": { "node_id": 300164815, "x": 80.2103403, "y": 12.9963652 }, "geometry": { "type": "Point", "coordinates": [ 80.2103403, 12.9963652 ] } },
{ "type": "Feature", "properties": { "node_id": 300164818, "x": 80.2122156, "y": 12.9963165 }, "geometry": { "type": "Point", "coordinates": [ 80.2122156, 12.9963165 ] } },
{ "type": "Feature", "properties": { "node_id": 300164819, "x": 80.2120325, "y": 12.9954632 }, "geometry": { "type": "Point", "coordinates": [ 80.2120325, 12.9954632 ] } },
{ "type": "Feature", "properties": { "node_id": 300164824, "x": 80.2082193, "y": 12.9930269 }, "geometry": { "type": "Point", "coordinates": [ 80.2082193, 12.9930269 ] } },
{ "type": "Feature", "properties": { "node_id": 300164825, "x": 80.2080018, "y": 12.992201 }, "geometry": { "type": "Point", "coordinates": [ 80.2080018, 12.992201 ] } },
{ "type": "Feature", "properties": { "node_id": 300164827, "x": 80.2078664, "y": 12.9931037 }, "geometry": { "type": "Point", "coordinates": [ 80.2078664, 12.9931037 ] } },
{ "type": "Feature", "properties": { "node_id": 300164833, "x": 80.2072338, "y": 12.9920898 }, "geometry": { "type": "Point", "coordinates": [ 80.2072338, 12.9920898 ] } },
{ "type": "Feature", "properties": { "node_id": 300164837, "x": 80.2095183, "y": 12.9902409 }, "geometry": { "type": "Point", "coordinates": [ 80.2095183, 12.9902409 ] } },
{ "type": "Feature", "properties": { "node_id": 300164843, "x": 80.2024923, "y": 12.9897524 }, "geometry": { "type": "Point", "coordinates": [ 80.2024923, 12.9897524 ] } },
{ "type": "Feature", "properties": { "node_id": 300164860, "x": 80.203084, "y": 12.9874346 }, "geometry": { "type": "Point", "coordinates": [ 80.203084, 12.9874346 ] } },
{ "type": "Feature", "properties": { "node_id": 300164861, "x": 80.2029565, "y": 12.9865838 }, "geometry": { "type": "Point", "coordinates": [ 80.2029565, 12.9865838 ] } },
{ "type": "Feature", "properties": { "node_id": 300164867, "x": 80.2027189, "y": 12.9855731 }, "geometry": { "type": "Point", "coordinates": [ 80.2027189, 12.9855731 ] } },
{ "type": "Feature", "properties": { "node_id": 300164874, "x": 80.2086469, "y": 12.9818026 }, "geometry": { "type": "Point", "coordinates": [ 80.2086469, 12.9818026 ] } },
{ "type": "Feature", "properties": { "node_id": 300164881, "x": 80.2077601, "y": 12.9818813 }, "geometry": { "type": "Point", "coordinates": [ 80.2077601, 12.9818813 ] } },
{ "type": "Feature", "properties": { "node_id": 300164882, "x": 80.2078659, "y": 12.9830097 }, "geometry": { "type": "Point", "coordinates": [ 80.2078659, 12.9830097 ] } },
{ "type": "Feature", "properties": { "node_id": 300164884, "x": 80.2067114, "y": 12.9814203 }, "geometry": { "type": "Point", "coordinates": [ 80.2067114, 12.9814203 ] } },
{ "type": "Feature", "properties": { "node_id": 300164885, "x": 80.208416, "y": 12.9813933 }, "geometry": { "type": "Point", "coordinates": [ 80.208416, 12.9813933 ] } },
{ "type": "Feature", "properties": { "node_id": 300164886, "x": 80.2089585, "y": 12.9796947 }, "geometry": { "type": "Point", "coordinates": [ 80.2089585, 12.9796947 ] } },
{ "type": "Feature", "properties": { "node_id": 300164887, "x": 80.2074433, "y": 12.979753 }, "geometry": { "type": "Point", "coordinates": [ 80.2074433, 12.979753 ] } },
{ "type": "Feature", "properties": { "node_id": 300164902, "x": 80.2101598, "y": 12.9800789 }, "geometry": { "type": "Point", "coordinates": [ 80.2101598, 12.9800789 ] } },
{ "type": "Feature", "properties": { "node_id": 300164903, "x": 80.2075431, "y": 12.9802622 }, "geometry": { "type": "Point", "coordinates": [ 80.2075431, 12.9802622 ] } },
{ "type": "Feature", "properties": { "node_id": 300164908, "x": 80.2065607, "y": 12.9803784 }, "geometry": { "type": "Point", "coordinates": [ 80.2065607, 12.9803784 ] } },
{ "type": "Feature", "properties": { "node_id": 300164921, "x": 80.2045304, "y": 12.9808604 }, "geometry": { "type": "Point", "coordinates": [ 80.2045304, 12.9808604 ] } },
{ "type": "Feature", "properties": { "node_id": 300164922, "x": 80.2041512, "y": 12.9809106 }, "geometry": { "type": "Point", "coordinates": [ 80.2041512, 12.9809106 ] } },
{ "type": "Feature", "properties": { "node_id": 300165032, "x": 80.2090154, "y": 12.9779863 }, "geometry": { "type": "Point", "coordinates": [ 80.2090154, 12.9779863 ] } },
{ "type": "Feature", "properties": { "node_id": 300165042, "x": 80.2069323, "y": 12.9773023 }, "geometry": { "type": "Point", "coordinates": [ 80.2069323, 12.9773023 ] } },
{ "type": "Feature", "properties": { "node_id": 300165043, "x": 80.2093084, "y": 12.9771164 }, "geometry": { "type": "Point", "coordinates": [ 80.2093084, 12.9771164 ] } },
{ "type": "Feature", "properties": { "node_id": 300165044, "x": 80.2102878, "y": 12.9779493 }, "geometry": { "type": "Point", "coordinates": [ 80.2102878, 12.9779493 ] } },
{ "type": "Feature", "properties": { "node_id": 300165047, "x": 80.2021125, "y": 12.9763752 }, "geometry": { "type": "Point", "coordinates": [ 80.2021125, 12.9763752 ] } },
{ "type": "Feature", "properties": { "node_id": 300165074, "x": 80.2059179, "y": 12.9846927 }, "geometry": { "type": "Point", "coordinates": [ 80.2059179, 12.9846927 ] } },
{ "type": "Feature", "properties": { "node_id": 300165075, "x": 80.2049986, "y": 12.9848504 }, "geometry": { "type": "Point", "coordinates": [ 80.2049986, 12.9848504 ] } },
{ "type": "Feature", "properties": { "node_id": 300165083, "x": 80.2076936, "y": 12.9834228 }, "geometry": { "type": "Point", "coordinates": [ 80.2076936, 12.9834228 ] } },
{ "type": "Feature", "properties": { "node_id": 300165085, "x": 80.20697, "y": 12.9826033 }, "geometry": { "type": "Point", "coordinates": [ 80.20697, 12.9826033 ] } },
{ "type": "Feature", "properties": { "node_id": 300165086, "x": 80.2077758, "y": 12.9821266 }, "geometry": { "type": "Point", "coordinates": [ 80.2077758, 12.9821266 ] } },
{ "type": "Feature", "properties": { "node_id": 300165087, "x": 80.2069192, "y": 12.9821505 }, "geometry": { "type": "Point", "coordinates": [ 80.2069192, 12.9821505 ] } },
{ "type": "Feature", "properties": { "node_id": 300165088, "x": 80.2078282, "y": 12.9825532 }, "geometry": { "type": "Point", "coordinates": [ 80.2078282, 12.9825532 ] } },
{ "type": "Feature", "properties": { "node_id": 300165089, "x": 80.2059255, "y": 12.9807464 }, "geometry": { "type": "Point", "coordinates": [ 80.2059255, 12.9807464 ] } },
{ "type": "Feature", "properties": { "node_id": 300165090, "x": 80.2066071, "y": 12.9806302 }, "geometry": { "type": "Point", "coordinates": [ 80.2066071, 12.9806302 ] } },
{ "type": "Feature", "properties": { "node_id": 300165092, "x": 80.205651, "y": 12.9810363 }, "geometry": { "type": "Point", "coordinates": [ 80.205651, 12.9810363 ] } },
{ "type": "Feature", "properties": { "node_id": 300165093, "x": 80.204591, "y": 12.9811904 }, "geometry": { "type": "Point", "coordinates": [ 80.204591, 12.9811904 ] } },
{ "type": "Feature", "properties": { "node_id": 300165125, "x": 80.2129803, "y": 12.9865039 }, "geometry": { "type": "Point", "coordinates": [ 80.2129803, 12.9865039 ] } },
{ "type": "Feature", "properties": { "node_id": 300165126, "x": 80.2117347, "y": 12.9866121 }, "geometry": { "type": "Point", "coordinates": [ 80.2117347, 12.9866121 ] } },
{ "type": "Feature", "properties": { "node_id": 300165127, "x": 80.2117099, "y": 12.9861148 }, "geometry": { "type": "Point", "coordinates": [ 80.2117099, 12.9861148 ] } },
{ "type": "Feature", "properties": { "node_id": 300165129, "x": 80.2129224, "y": 12.9851812 }, "geometry": { "type": "Point", "coordinates": [ 80.2129224, 12.9851812 ] } },
{ "type": "Feature", "properties": { "node_id": 300165130, "x": 80.2103282, "y": 12.9857053 }, "geometry": { "type": "Point", "coordinates": [ 80.2103282, 12.9857053 ] } },
{ "type": "Feature", "properties": { "node_id": 300165131, "x": 80.2129323, "y": 12.9856616 }, "geometry": { "type": "Point", "coordinates": [ 80.2129323, 12.9856616 ] } },
{ "type": "Feature", "properties": { "node_id": 300165163, "x": 80.2140966, "y": 12.9849115 }, "geometry": { "type": "Point", "coordinates": [ 80.2140966, 12.9849115 ] } },
{ "type": "Feature", "properties": { "node_id": 300165164, "x": 80.2129209, "y": 12.9848925 }, "geometry": { "type": "Point", "coordinates": [ 80.2129209, 12.9848925 ] } },
{ "type": "Feature", "properties": { "node_id": 300165169, "x": 80.2140108, "y": 12.9852962 }, "geometry": { "type": "Point", "coordinates": [ 80.2140108, 12.9852962 ] } },
{ "type": "Feature", "properties": { "node_id": 300165170, "x": 80.2129313, "y": 12.9852878 }, "geometry": { "type": "Point", "coordinates": [ 80.2129313, 12.9852878 ] } },
{ "type": "Feature", "properties": { "node_id": 300165175, "x": 80.2129368, "y": 12.985754 }, "geometry": { "type": "Point", "coordinates": [ 80.2129368, 12.985754 ] } },
{ "type": "Feature", "properties": { "node_id": 300165208, "x": 80.2145, "y": 12.9847108 }, "geometry": { "type": "Point", "coordinates": [ 80.2145, 12.9847108 ] } },
{ "type": "Feature", "properties": { "node_id": 300165209, "x": 80.2165459, "y": 12.9856943 }, "geometry": { "type": "Point", "coordinates": [ 80.2165459, 12.9856943 ] } },
{ "type": "Feature", "properties": { "node_id": 300165214, "x": 80.2148605, "y": 12.9864337 }, "geometry": { "type": "Point", "coordinates": [ 80.2148605, 12.9864337 ] } },
{ "type": "Feature", "properties": { "node_id": 300165215, "x": 80.2158843, "y": 12.9863751 }, "geometry": { "type": "Point", "coordinates": [ 80.2158843, 12.9863751 ] } },
{ "type": "Feature", "properties": { "node_id": 300165220, "x": 80.2163977, "y": 12.9852819 }, "geometry": { "type": "Point", "coordinates": [ 80.2163977, 12.9852819 ] } },
{ "type": "Feature", "properties": { "node_id": 300165221, "x": 80.2170898, "y": 12.9850354 }, "geometry": { "type": "Point", "coordinates": [ 80.2170898, 12.9850354 ] } },
{ "type": "Feature", "properties": { "node_id": 300165222, "x": 80.2171231, "y": 12.9844131 }, "geometry": { "type": "Point", "coordinates": [ 80.2171231, 12.9844131 ] } },
{ "type": "Feature", "properties": { "node_id": 300165225, "x": 80.2164802, "y": 12.9855331 }, "geometry": { "type": "Point", "coordinates": [ 80.2164802, 12.9855331 ] } },
{ "type": "Feature", "properties": { "node_id": 300165244, "x": 80.2086128, "y": 12.9807036 }, "geometry": { "type": "Point", "coordinates": [ 80.2086128, 12.9807036 ] } },
{ "type": "Feature", "properties": { "node_id": 300165248, "x": 80.2031762, "y": 12.9793872 }, "geometry": { "type": "Point", "coordinates": [ 80.2031762, 12.9793872 ] } },
{ "type": "Feature", "properties": { "node_id": 300165250, "x": 80.204643, "y": 12.9791834 }, "geometry": { "type": "Point", "coordinates": [ 80.204643, 12.9791834 ] } },
{ "type": "Feature", "properties": { "node_id": 300165254, "x": 80.2042975, "y": 12.9826199 }, "geometry": { "type": "Point", "coordinates": [ 80.2042975, 12.9826199 ] } },
{ "type": "Feature", "properties": { "node_id": 300165255, "x": 80.2048073, "y": 12.982992 }, "geometry": { "type": "Point", "coordinates": [ 80.2048073, 12.982992 ] } },
{ "type": "Feature", "properties": { "node_id": 300165281, "x": 80.2051628, "y": 12.9903304 }, "geometry": { "type": "Point", "coordinates": [ 80.2051628, 12.9903304 ] } },
{ "type": "Feature", "properties": { "node_id": 300165282, "x": 80.2041084, "y": 12.9904821 }, "geometry": { "type": "Point", "coordinates": [ 80.2041084, 12.9904821 ] } },
{ "type": "Feature", "properties": { "node_id": 300165468, "x": 80.2028615, "y": 12.9887185 }, "geometry": { "type": "Point", "coordinates": [ 80.2028615, 12.9887185 ] } },
{ "type": "Feature", "properties": { "node_id": 300165527, "x": 80.2015316, "y": 12.984566 }, "geometry": { "type": "Point", "coordinates": [ 80.2015316, 12.984566 ] } },
{ "type": "Feature", "properties": { "node_id": 300165548, "x": 80.1992875, "y": 12.983221 }, "geometry": { "type": "Point", "coordinates": [ 80.1992875, 12.983221 ] } },
{ "type": "Feature", "properties": { "node_id": 300165584, "x": 80.2052131, "y": 12.9820078 }, "geometry": { "type": "Point", "coordinates": [ 80.2052131, 12.9820078 ] } },
{ "type": "Feature", "properties": { "node_id": 300165585, "x": 80.2051782, "y": 12.9815525 }, "geometry": { "type": "Point", "coordinates": [ 80.2051782, 12.9815525 ] } },
{ "type": "Feature", "properties": { "node_id": 300165819, "x": 80.199249, "y": 12.9764904 }, "geometry": { "type": "Point", "coordinates": [ 80.199249, 12.9764904 ] } },
{ "type": "Feature", "properties": { "node_id": 300165876, "x": 80.1989839, "y": 12.9749677 }, "geometry": { "type": "Point", "coordinates": [ 80.1989839, 12.9749677 ] } },
{ "type": "Feature", "properties": { "node_id": 300183382, "x": 80.1996387, "y": 12.9920472 }, "geometry": { "type": "Point", "coordinates": [ 80.1996387, 12.9920472 ] } },
{ "type": "Feature", "properties": { "node_id": 300183383, "x": 80.2012327, "y": 12.9918303 }, "geometry": { "type": "Point", "coordinates": [ 80.2012327, 12.9918303 ] } },
{ "type": "Feature", "properties": { "node_id": 300183397, "x": 80.1997842, "y": 12.992779 }, "geometry": { "type": "Point", "coordinates": [ 80.1997842, 12.992779 ] } },
{ "type": "Feature", "properties": { "node_id": 300183594, "x": 80.2059927, "y": 12.9998557 }, "geometry": { "type": "Point", "coordinates": [ 80.2059927, 12.9998557 ] } },
{ "type": "Feature", "properties": { "node_id": 300183638, "x": 80.206655, "y": 12.9996965 }, "geometry": { "type": "Point", "coordinates": [ 80.206655, 12.9996965 ] } },
{ "type": "Feature", "properties": { "node_id": 300183675, "x": 80.2030685, "y": 12.9975215 }, "geometry": { "type": "Point", "coordinates": [ 80.2030685, 12.9975215 ] } },
{ "type": "Feature", "properties": { "node_id": 300184118, "x": 80.2072188, "y": 12.9975975 }, "geometry": { "type": "Point", "coordinates": [ 80.2072188, 12.9975975 ] } },
{ "type": "Feature", "properties": { "node_id": 300184321, "x": 80.2051721, "y": 12.9956955 }, "geometry": { "type": "Point", "coordinates": [ 80.2051721, 12.9956955 ] } },
{ "type": "Feature", "properties": { "node_id": 300184371, "x": 80.2054914, "y": 12.9936891 }, "geometry": { "type": "Point", "coordinates": [ 80.2054914, 12.9936891 ] } },
{ "type": "Feature", "properties": { "node_id": 300184399, "x": 80.2045098, "y": 12.9938042 }, "geometry": { "type": "Point", "coordinates": [ 80.2045098, 12.9938042 ] } },
{ "type": "Feature", "properties": { "node_id": 300184400, "x": 80.2045871, "y": 12.9947824 }, "geometry": { "type": "Point", "coordinates": [ 80.2045871, 12.9947824 ] } },
{ "type": "Feature", "properties": { "node_id": 300184557, "x": 80.2029206, "y": 12.9944626 }, "geometry": { "type": "Point", "coordinates": [ 80.2029206, 12.9944626 ] } },
{ "type": "Feature", "properties": { "node_id": 300184558, "x": 80.2031218, "y": 12.9944295 }, "geometry": { "type": "Point", "coordinates": [ 80.2031218, 12.9944295 ] } },
{ "type": "Feature", "properties": { "node_id": 300184559, "x": 80.2030393, "y": 12.9933002 }, "geometry": { "type": "Point", "coordinates": [ 80.2030393, 12.9933002 ] } },
{ "type": "Feature", "properties": { "node_id": 300184560, "x": 80.2033598, "y": 12.9931961 }, "geometry": { "type": "Point", "coordinates": [ 80.2033598, 12.9931961 ] } },
{ "type": "Feature", "properties": { "node_id": 300184939, "x": 80.2118718, "y": 12.9813097 }, "geometry": { "type": "Point", "coordinates": [ 80.2118718, 12.9813097 ] } },
{ "type": "Feature", "properties": { "node_id": 300184940, "x": 80.2117868, "y": 12.982194 }, "geometry": { "type": "Point", "coordinates": [ 80.2117868, 12.982194 ] } },
{ "type": "Feature", "properties": { "node_id": 300184974, "x": 80.216766, "y": 12.980646 }, "geometry": { "type": "Point", "coordinates": [ 80.216766, 12.980646 ] } },
{ "type": "Feature", "properties": { "node_id": 300184976, "x": 80.215973, "y": 12.9806523 }, "geometry": { "type": "Point", "coordinates": [ 80.215973, 12.9806523 ] } },
{ "type": "Feature", "properties": { "node_id": 300184997, "x": 80.2159884, "y": 12.9803167 }, "geometry": { "type": "Point", "coordinates": [ 80.2159884, 12.9803167 ] } },
{ "type": "Feature", "properties": { "node_id": 300184998, "x": 80.2159569, "y": 12.9809778 }, "geometry": { "type": "Point", "coordinates": [ 80.2159569, 12.9809778 ] } },
{ "type": "Feature", "properties": { "node_id": 300185214, "x": 80.2130977, "y": 12.9736589 }, "geometry": { "type": "Point", "coordinates": [ 80.2130977, 12.9736589 ] } },
{ "type": "Feature", "properties": { "node_id": 300185261, "x": 80.2136341, "y": 12.9733623 }, "geometry": { "type": "Point", "coordinates": [ 80.2136341, 12.9733623 ] } },
{ "type": "Feature", "properties": { "node_id": 300185264, "x": 80.2164253, "y": 12.9731675 }, "geometry": { "type": "Point", "coordinates": [ 80.2164253, 12.9731675 ] } },
{ "type": "Feature", "properties": { "node_id": 300185298, "x": 80.2136648, "y": 12.9728784 }, "geometry": { "type": "Point", "coordinates": [ 80.2136648, 12.9728784 ] } },
{ "type": "Feature", "properties": { "node_id": 300185300, "x": 80.2150472, "y": 12.9728131 }, "geometry": { "type": "Point", "coordinates": [ 80.2150472, 12.9728131 ] } },
{ "type": "Feature", "properties": { "node_id": 300185429, "x": 80.2168147, "y": 12.970532 }, "geometry": { "type": "Point", "coordinates": [ 80.2168147, 12.970532 ] } },
{ "type": "Feature", "properties": { "node_id": 300185526, "x": 80.2137377, "y": 12.9711012 }, "geometry": { "type": "Point", "coordinates": [ 80.2137377, 12.9711012 ] } },
{ "type": "Feature", "properties": { "node_id": 300185825, "x": 80.2115839, "y": 12.97507 }, "geometry": { "type": "Point", "coordinates": [ 80.2115839, 12.97507 ] } },
{ "type": "Feature", "properties": { "node_id": 300185826, "x": 80.2110771, "y": 12.9750225 }, "geometry": { "type": "Point", "coordinates": [ 80.2110771, 12.9750225 ] } },
{ "type": "Feature", "properties": { "node_id": 300185906, "x": 80.2126355, "y": 12.9741865 }, "geometry": { "type": "Point", "coordinates": [ 80.2126355, 12.9741865 ] } },
{ "type": "Feature", "properties": { "node_id": 300185907, "x": 80.2116509, "y": 12.9741521 }, "geometry": { "type": "Point", "coordinates": [ 80.2116509, 12.9741521 ] } },
{ "type": "Feature", "properties": { "node_id": 300185958, "x": 80.2121054, "y": 12.9741776 }, "geometry": { "type": "Point", "coordinates": [ 80.2121054, 12.9741776 ] } },
{ "type": "Feature", "properties": { "node_id": 300185991, "x": 80.2126642, "y": 12.9737212 }, "geometry": { "type": "Point", "coordinates": [ 80.2126642, 12.9737212 ] } },
{ "type": "Feature", "properties": { "node_id": 300186083, "x": 80.2119594, "y": 12.9749921 }, "geometry": { "type": "Point", "coordinates": [ 80.2119594, 12.9749921 ] } },
{ "type": "Feature", "properties": { "node_id": 300186084, "x": 80.2126029, "y": 12.9750123 }, "geometry": { "type": "Point", "coordinates": [ 80.2126029, 12.9750123 ] } },
{ "type": "Feature", "properties": { "node_id": 300186101, "x": 80.2116384, "y": 12.9745731 }, "geometry": { "type": "Point", "coordinates": [ 80.2116384, 12.9745731 ] } },
{ "type": "Feature", "properties": { "node_id": 300186102, "x": 80.2126071, "y": 12.9746042 }, "geometry": { "type": "Point", "coordinates": [ 80.2126071, 12.9746042 ] } },
{ "type": "Feature", "properties": { "node_id": 300186162, "x": 80.2118465, "y": 12.9773366 }, "geometry": { "type": "Point", "coordinates": [ 80.2118465, 12.9773366 ] } },
{ "type": "Feature", "properties": { "node_id": 300188445, "x": 80.211669, "y": 12.9843071 }, "geometry": { "type": "Point", "coordinates": [ 80.211669, 12.9843071 ] } },
{ "type": "Feature", "properties": { "node_id": 300188503, "x": 80.2116644, "y": 12.9846804 }, "geometry": { "type": "Point", "coordinates": [ 80.2116644, 12.9846804 ] } },
{ "type": "Feature", "properties": { "node_id": 300188504, "x": 80.2103783, "y": 12.9846867 }, "geometry": { "type": "Point", "coordinates": [ 80.2103783, 12.9846867 ] } },
{ "type": "Feature", "properties": { "node_id": 300188534, "x": 80.2116851, "y": 12.98523 }, "geometry": { "type": "Point", "coordinates": [ 80.2116851, 12.98523 ] } },
{ "type": "Feature", "properties": { "node_id": 300188856, "x": 80.2016872, "y": 12.9917825 }, "geometry": { "type": "Point", "coordinates": [ 80.2016872, 12.9917825 ] } },
{ "type": "Feature", "properties": { "node_id": 300190123, "x": 80.2049944, "y": 12.9894652 }, "geometry": { "type": "Point", "coordinates": [ 80.2049944, 12.9894652 ] } },
{ "type": "Feature", "properties": { "node_id": 300190250, "x": 80.2065549, "y": 12.9901136 }, "geometry": { "type": "Point", "coordinates": [ 80.2065549, 12.9901136 ] } },
{ "type": "Feature", "properties": { "node_id": 300190354, "x": 80.2048306, "y": 12.9885877 }, "geometry": { "type": "Point", "coordinates": [ 80.2048306, 12.9885877 ] } },
{ "type": "Feature", "properties": { "node_id": 300190605, "x": 80.2055741, "y": 12.9914413 }, "geometry": { "type": "Point", "coordinates": [ 80.2055741, 12.9914413 ] } },
{ "type": "Feature", "properties": { "node_id": 300190607, "x": 80.2060093, "y": 12.9912384 }, "geometry": { "type": "Point", "coordinates": [ 80.2060093, 12.9912384 ] } },
{ "type": "Feature", "properties": { "node_id": 300191336, "x": 80.2074367, "y": 12.9932003 }, "geometry": { "type": "Point", "coordinates": [ 80.2074367, 12.9932003 ] } },
{ "type": "Feature", "properties": { "node_id": 300191514, "x": 80.2075981, "y": 12.9922894 }, "geometry": { "type": "Point", "coordinates": [ 80.2075981, 12.9922894 ] } },
{ "type": "Feature", "properties": { "node_id": 300192045, "x": 80.2121689, "y": 12.9910872 }, "geometry": { "type": "Point", "coordinates": [ 80.2121689, 12.9910872 ] } },
{ "type": "Feature", "properties": { "node_id": 300192309, "x": 80.2118526, "y": 12.9899628 }, "geometry": { "type": "Point", "coordinates": [ 80.2118526, 12.9899628 ] } },
{ "type": "Feature", "properties": { "node_id": 300192387, "x": 80.2128799, "y": 12.9908995 }, "geometry": { "type": "Point", "coordinates": [ 80.2128799, 12.9908995 ] } },
{ "type": "Feature", "properties": { "node_id": 300192508, "x": 80.2142763, "y": 12.9893444 }, "geometry": { "type": "Point", "coordinates": [ 80.2142763, 12.9893444 ] } },
{ "type": "Feature", "properties": { "node_id": 300192713, "x": 80.2133581, "y": 12.9928469 }, "geometry": { "type": "Point", "coordinates": [ 80.2133581, 12.9928469 ] } },
{ "type": "Feature", "properties": { "node_id": 300192714, "x": 80.2130418, "y": 12.99166 }, "geometry": { "type": "Point", "coordinates": [ 80.2130418, 12.99166 ] } },
{ "type": "Feature", "properties": { "node_id": 300192883, "x": 80.2135574, "y": 12.9928019 }, "geometry": { "type": "Point", "coordinates": [ 80.2135574, 12.9928019 ] } },
{ "type": "Feature", "properties": { "node_id": 300193025, "x": 80.2143408, "y": 12.9938948 }, "geometry": { "type": "Point", "coordinates": [ 80.2143408, 12.9938948 ] } },
{ "type": "Feature", "properties": { "node_id": 300193133, "x": 80.214544, "y": 12.9941516 }, "geometry": { "type": "Point", "coordinates": [ 80.214544, 12.9941516 ] } },
{ "type": "Feature", "properties": { "node_id": 300193313, "x": 80.2125946, "y": 12.9962184 }, "geometry": { "type": "Point", "coordinates": [ 80.2125946, 12.9962184 ] } },
{ "type": "Feature", "properties": { "node_id": 300193459, "x": 80.2093812, "y": 12.9966086 }, "geometry": { "type": "Point", "coordinates": [ 80.2093812, 12.9966086 ] } },
{ "type": "Feature", "properties": { "node_id": 300193460, "x": 80.2095249, "y": 12.9977376 }, "geometry": { "type": "Point", "coordinates": [ 80.2095249, 12.9977376 ] } },
{ "type": "Feature", "properties": { "node_id": 300193494, "x": 80.2098322, "y": 12.9965118 }, "geometry": { "type": "Point", "coordinates": [ 80.2098322, 12.9965118 ] } },
{ "type": "Feature", "properties": { "node_id": 300193495, "x": 80.2099779, "y": 12.9975764 }, "geometry": { "type": "Point", "coordinates": [ 80.2099779, 12.9975764 ] } },
{ "type": "Feature", "properties": { "node_id": 300193662, "x": 80.2097179, "y": 12.999463 }, "geometry": { "type": "Point", "coordinates": [ 80.2097179, 12.999463 ] } },
{ "type": "Feature", "properties": { "node_id": 300194151, "x": 80.2092987, "y": 12.9890682 }, "geometry": { "type": "Point", "coordinates": [ 80.2092987, 12.9890682 ] } },
{ "type": "Feature", "properties": { "node_id": 300194175, "x": 80.2082945, "y": 12.9886751 }, "geometry": { "type": "Point", "coordinates": [ 80.2082945, 12.9886751 ] } },
{ "type": "Feature", "properties": { "node_id": 300195622, "x": 80.2223986, "y": 12.9886651 }, "geometry": { "type": "Point", "coordinates": [ 80.2223986, 12.9886651 ] } },
{ "type": "Feature", "properties": { "node_id": 300195623, "x": 80.2230558, "y": 12.9878444 }, "geometry": { "type": "Point", "coordinates": [ 80.2230558, 12.9878444 ] } },
{ "type": "Feature", "properties": { "node_id": 300195626, "x": 80.2233142, "y": 12.9854614 }, "geometry": { "type": "Point", "coordinates": [ 80.2233142, 12.9854614 ] } },
{ "type": "Feature", "properties": { "node_id": 300195629, "x": 80.2218538, "y": 12.9825674 }, "geometry": { "type": "Point", "coordinates": [ 80.2218538, 12.9825674 ] } },
{ "type": "Feature", "properties": { "node_id": 300195705, "x": 80.2169121, "y": 12.9989929 }, "geometry": { "type": "Point", "coordinates": [ 80.2169121, 12.9989929 ] } },
{ "type": "Feature", "properties": { "node_id": 300196199, "x": 80.2252797, "y": 12.9825829 }, "geometry": { "type": "Point", "coordinates": [ 80.2252797, 12.9825829 ] } },
{ "type": "Feature", "properties": { "node_id": 300196324, "x": 80.1983434, "y": 12.9922984 }, "geometry": { "type": "Point", "coordinates": [ 80.1983434, 12.9922984 ] } },
{ "type": "Feature", "properties": { "node_id": 300196394, "x": 80.1984363, "y": 12.9928542 }, "geometry": { "type": "Point", "coordinates": [ 80.1984363, 12.9928542 ] } },
{ "type": "Feature", "properties": { "node_id": 300198002, "x": 80.2016995, "y": 12.9962825 }, "geometry": { "type": "Point", "coordinates": [ 80.2016995, 12.9962825 ] } },
{ "type": "Feature", "properties": { "node_id": 300198005, "x": 80.2020106, "y": 12.9987383 }, "geometry": { "type": "Point", "coordinates": [ 80.2020106, 12.9987383 ] } },
{ "type": "Feature", "properties": { "node_id": 300198098, "x": 80.2008695, "y": 12.9977071 }, "geometry": { "type": "Point", "coordinates": [ 80.2008695, 12.9977071 ] } },
{ "type": "Feature", "properties": { "node_id": 300198100, "x": 80.2009879, "y": 12.9991291 }, "geometry": { "type": "Point", "coordinates": [ 80.2009879, 12.9991291 ] } },
{ "type": "Feature", "properties": { "node_id": 300274611, "x": 80.1993682, "y": 12.9837378 }, "geometry": { "type": "Point", "coordinates": [ 80.1993682, 12.9837378 ] } },
{ "type": "Feature", "properties": { "node_id": 300279710, "x": 80.1981668, "y": 12.9695809 }, "geometry": { "type": "Point", "coordinates": [ 80.1981668, 12.9695809 ] } },
{ "type": "Feature", "properties": { "node_id": 300279711, "x": 80.1982009, "y": 12.9700127 }, "geometry": { "type": "Point", "coordinates": [ 80.1982009, 12.9700127 ] } },
{ "type": "Feature", "properties": { "node_id": 300279717, "x": 80.1990079, "y": 12.9686063 }, "geometry": { "type": "Point", "coordinates": [ 80.1990079, 12.9686063 ] } },
{ "type": "Feature", "properties": { "node_id": 300279720, "x": 80.1985165, "y": 12.9675408 }, "geometry": { "type": "Point", "coordinates": [ 80.1985165, 12.9675408 ] } },
{ "type": "Feature", "properties": { "node_id": 300279721, "x": 80.1986019, "y": 12.9686503 }, "geometry": { "type": "Point", "coordinates": [ 80.1986019, 12.9686503 ] } },
{ "type": "Feature", "properties": { "node_id": 300279730, "x": 80.2014464, "y": 12.967267 }, "geometry": { "type": "Point", "coordinates": [ 80.2014464, 12.967267 ] } },
{ "type": "Feature", "properties": { "node_id": 300279787, "x": 80.1984615, "y": 12.9670847 }, "geometry": { "type": "Point", "coordinates": [ 80.1984615, 12.9670847 ] } },
{ "type": "Feature", "properties": { "node_id": 300279790, "x": 80.2001456, "y": 12.9655448 }, "geometry": { "type": "Point", "coordinates": [ 80.2001456, 12.9655448 ] } },
{ "type": "Feature", "properties": { "node_id": 300279791, "x": 80.2003232, "y": 12.9667089 }, "geometry": { "type": "Point", "coordinates": [ 80.2003232, 12.9667089 ] } },
{ "type": "Feature", "properties": { "node_id": 300279800, "x": 80.1996948, "y": 12.966872 }, "geometry": { "type": "Point", "coordinates": [ 80.1996948, 12.966872 ] } },
{ "type": "Feature", "properties": { "node_id": 300279803, "x": 80.1993717, "y": 12.9648946 }, "geometry": { "type": "Point", "coordinates": [ 80.1993717, 12.9648946 ] } },
{ "type": "Feature", "properties": { "node_id": 300281658, "x": 80.1999674, "y": 12.9677839 }, "geometry": { "type": "Point", "coordinates": [ 80.1999674, 12.9677839 ] } },
{ "type": "Feature", "properties": { "node_id": 300281659, "x": 80.1989648, "y": 12.9678799 }, "geometry": { "type": "Point", "coordinates": [ 80.1989648, 12.9678799 ] } },
{ "type": "Feature", "properties": { "node_id": 300301437, "x": 80.2038903, "y": 12.9875332 }, "geometry": { "type": "Point", "coordinates": [ 80.2038903, 12.9875332 ] } },
{ "type": "Feature", "properties": { "node_id": 300301596, "x": 80.2041405, "y": 12.9866697 }, "geometry": { "type": "Point", "coordinates": [ 80.2041405, 12.9866697 ] } },
{ "type": "Feature", "properties": { "node_id": 300301597, "x": 80.2037122, "y": 12.9865969 }, "geometry": { "type": "Point", "coordinates": [ 80.2037122, 12.9865969 ] } },
{ "type": "Feature", "properties": { "node_id": 300303099, "x": 80.2037144, "y": 12.9840943 }, "geometry": { "type": "Point", "coordinates": [ 80.2037144, 12.9840943 ] } },
{ "type": "Feature", "properties": { "node_id": 300303173, "x": 80.2030373, "y": 12.9824181 }, "geometry": { "type": "Point", "coordinates": [ 80.2030373, 12.9824181 ] } },
{ "type": "Feature", "properties": { "node_id": 300303309, "x": 80.2024072, "y": 12.9825471 }, "geometry": { "type": "Point", "coordinates": [ 80.2024072, 12.9825471 ] } },
{ "type": "Feature", "properties": { "node_id": 300303400, "x": 80.2017703, "y": 12.9823249 }, "geometry": { "type": "Point", "coordinates": [ 80.2017703, 12.9823249 ] } },
{ "type": "Feature", "properties": { "node_id": 300303409, "x": 80.2013192, "y": 12.9827704 }, "geometry": { "type": "Point", "coordinates": [ 80.2013192, 12.9827704 ] } },
{ "type": "Feature", "properties": { "node_id": 300303465, "x": 80.2002867, "y": 12.982223 }, "geometry": { "type": "Point", "coordinates": [ 80.2002867, 12.982223 ] } },
{ "type": "Feature", "properties": { "node_id": 300303466, "x": 80.2001733, "y": 12.9813785 }, "geometry": { "type": "Point", "coordinates": [ 80.2001733, 12.9813785 ] } },
{ "type": "Feature", "properties": { "node_id": 300303470, "x": 80.1991642, "y": 12.982462 }, "geometry": { "type": "Point", "coordinates": [ 80.1991642, 12.982462 ] } },
{ "type": "Feature", "properties": { "node_id": 300303496, "x": 80.1982657, "y": 12.9834426 }, "geometry": { "type": "Point", "coordinates": [ 80.1982657, 12.9834426 ] } },
{ "type": "Feature", "properties": { "node_id": 300303651, "x": 80.1980142, "y": 12.9844114 }, "geometry": { "type": "Point", "coordinates": [ 80.1980142, 12.9844114 ] } },
{ "type": "Feature", "properties": { "node_id": 300303930, "x": 80.206003, "y": 12.9856578 }, "geometry": { "type": "Point", "coordinates": [ 80.206003, 12.9856578 ] } },
{ "type": "Feature", "properties": { "node_id": 300303931, "x": 80.2059396, "y": 12.98529 }, "geometry": { "type": "Point", "coordinates": [ 80.2059396, 12.98529 ] } },
{ "type": "Feature", "properties": { "node_id": 300304088, "x": 80.2079238, "y": 12.9844213 }, "geometry": { "type": "Point", "coordinates": [ 80.2079238, 12.9844213 ] } },
{ "type": "Feature", "properties": { "node_id": 300304089, "x": 80.2078765, "y": 12.9840319 }, "geometry": { "type": "Point", "coordinates": [ 80.2078765, 12.9840319 ] } },
{ "type": "Feature", "properties": { "node_id": 300304144, "x": 80.2091017, "y": 12.9829468 }, "geometry": { "type": "Point", "coordinates": [ 80.2091017, 12.9829468 ] } },
{ "type": "Feature", "properties": { "node_id": 300304304, "x": 80.2094654, "y": 12.982918 }, "geometry": { "type": "Point", "coordinates": [ 80.2094654, 12.982918 ] } },
{ "type": "Feature", "properties": { "node_id": 300304363, "x": 80.213227, "y": 12.9829019 }, "geometry": { "type": "Point", "coordinates": [ 80.213227, 12.9829019 ] } },
{ "type": "Feature", "properties": { "node_id": 300304364, "x": 80.2103144, "y": 12.9827716 }, "geometry": { "type": "Point", "coordinates": [ 80.2103144, 12.9827716 ] } },
{ "type": "Feature", "properties": { "node_id": 300304457, "x": 80.2098436, "y": 12.9837631 }, "geometry": { "type": "Point", "coordinates": [ 80.2098436, 12.9837631 ] } },
{ "type": "Feature", "properties": { "node_id": 300304469, "x": 80.2094282, "y": 12.9833146 }, "geometry": { "type": "Point", "coordinates": [ 80.2094282, 12.9833146 ] } },
{ "type": "Feature", "properties": { "node_id": 300304470, "x": 80.209824, "y": 12.9833185 }, "geometry": { "type": "Point", "coordinates": [ 80.209824, 12.9833185 ] } },
{ "type": "Feature", "properties": { "node_id": 300304565, "x": 80.2108896, "y": 12.9830757 }, "geometry": { "type": "Point", "coordinates": [ 80.2108896, 12.9830757 ] } },
{ "type": "Feature", "properties": { "node_id": 300304760, "x": 80.2123318, "y": 12.983173 }, "geometry": { "type": "Point", "coordinates": [ 80.2123318, 12.983173 ] } },
{ "type": "Feature", "properties": { "node_id": 300304761, "x": 80.212344, "y": 12.9828626 }, "geometry": { "type": "Point", "coordinates": [ 80.212344, 12.9828626 ] } },
{ "type": "Feature", "properties": { "node_id": 300304832, "x": 80.2112893, "y": 12.9846807 }, "geometry": { "type": "Point", "coordinates": [ 80.2112893, 12.9846807 ] } },
{ "type": "Feature", "properties": { "node_id": 300305184, "x": 80.2103678, "y": 12.9852584 }, "geometry": { "type": "Point", "coordinates": [ 80.2103678, 12.9852584 ] } },
{ "type": "Feature", "properties": { "node_id": 300305238, "x": 80.2108876, "y": 12.9846842 }, "geometry": { "type": "Point", "coordinates": [ 80.2108876, 12.9846842 ] } },
{ "type": "Feature", "properties": { "node_id": 300305467, "x": 80.2125179, "y": 12.9839422 }, "geometry": { "type": "Point", "coordinates": [ 80.2125179, 12.9839422 ] } },
{ "type": "Feature", "properties": { "node_id": 300305468, "x": 80.2116992, "y": 12.983839 }, "geometry": { "type": "Point", "coordinates": [ 80.2116992, 12.983839 ] } },
{ "type": "Feature", "properties": { "node_id": 300305671, "x": 80.2082557, "y": 12.9825494 }, "geometry": { "type": "Point", "coordinates": [ 80.2082557, 12.9825494 ] } },
{ "type": "Feature", "properties": { "node_id": 300305672, "x": 80.20823, "y": 12.9818495 }, "geometry": { "type": "Point", "coordinates": [ 80.20823, 12.9818495 ] } },
{ "type": "Feature", "properties": { "node_id": 300305742, "x": 80.2086588, "y": 12.9815502 }, "geometry": { "type": "Point", "coordinates": [ 80.2086588, 12.9815502 ] } },
{ "type": "Feature", "properties": { "node_id": 300305744, "x": 80.208618, "y": 12.9811459 }, "geometry": { "type": "Point", "coordinates": [ 80.208618, 12.9811459 ] } },
{ "type": "Feature", "properties": { "node_id": 300306124, "x": 80.2150406, "y": 12.9860819 }, "geometry": { "type": "Point", "coordinates": [ 80.2150406, 12.9860819 ] } },
{ "type": "Feature", "properties": { "node_id": 300306125, "x": 80.2150772, "y": 12.986435 }, "geometry": { "type": "Point", "coordinates": [ 80.2150772, 12.986435 ] } },
{ "type": "Feature", "properties": { "node_id": 300306134, "x": 80.21429, "y": 12.9861533 }, "geometry": { "type": "Point", "coordinates": [ 80.21429, 12.9861533 ] } },
{ "type": "Feature", "properties": { "node_id": 300306146, "x": 80.2140671, "y": 12.9861673 }, "geometry": { "type": "Point", "coordinates": [ 80.2140671, 12.9861673 ] } },
{ "type": "Feature", "properties": { "node_id": 300306147, "x": 80.2145818, "y": 12.9861108 }, "geometry": { "type": "Point", "coordinates": [ 80.2145818, 12.9861108 ] } },
{ "type": "Feature", "properties": { "node_id": 300306222, "x": 80.2141611, "y": 12.9861523 }, "geometry": { "type": "Point", "coordinates": [ 80.2141611, 12.9861523 ] } },
{ "type": "Feature", "properties": { "node_id": 300310320, "x": 80.2201129, "y": 12.9891078 }, "geometry": { "type": "Point", "coordinates": [ 80.2201129, 12.9891078 ] } },
{ "type": "Feature", "properties": { "node_id": 300311629, "x": 80.2236363, "y": 12.9832338 }, "geometry": { "type": "Point", "coordinates": [ 80.2236363, 12.9832338 ] } },
{ "type": "Feature", "properties": { "node_id": 300311630, "x": 80.2237221, "y": 12.9807753 }, "geometry": { "type": "Point", "coordinates": [ 80.2237221, 12.9807753 ] } },
{ "type": "Feature", "properties": { "node_id": 300311633, "x": 80.2260831, "y": 12.9832676 }, "geometry": { "type": "Point", "coordinates": [ 80.2260831, 12.9832676 ] } },
{ "type": "Feature", "properties": { "node_id": 300311668, "x": 80.2247155, "y": 12.9795375 }, "geometry": { "type": "Point", "coordinates": [ 80.2247155, 12.9795375 ] } },
{ "type": "Feature", "properties": { "node_id": 300311870, "x": 80.2237599, "y": 12.9801331 }, "geometry": { "type": "Point", "coordinates": [ 80.2237599, 12.9801331 ] } },
{ "type": "Feature", "properties": { "node_id": 300311871, "x": 80.2235009, "y": 12.9794855 }, "geometry": { "type": "Point", "coordinates": [ 80.2235009, 12.9794855 ] } },
{ "type": "Feature", "properties": { "node_id": 300311903, "x": 80.2253304, "y": 12.9814483 }, "geometry": { "type": "Point", "coordinates": [ 80.2253304, 12.9814483 ] } },
{ "type": "Feature", "properties": { "node_id": 300311905, "x": 80.2263477, "y": 12.9805958 }, "geometry": { "type": "Point", "coordinates": [ 80.2263477, 12.9805958 ] } },
{ "type": "Feature", "properties": { "node_id": 300311922, "x": 80.2273698, "y": 12.9807423 }, "geometry": { "type": "Point", "coordinates": [ 80.2273698, 12.9807423 ] } },
{ "type": "Feature", "properties": { "node_id": 300311923, "x": 80.2263395, "y": 12.9808293 }, "geometry": { "type": "Point", "coordinates": [ 80.2263395, 12.9808293 ] } },
{ "type": "Feature", "properties": { "node_id": 300312040, "x": 80.2276476, "y": 12.9848093 }, "geometry": { "type": "Point", "coordinates": [ 80.2276476, 12.9848093 ] } },
{ "type": "Feature", "properties": { "node_id": 300312041, "x": 80.2275865, "y": 12.9830321 }, "geometry": { "type": "Point", "coordinates": [ 80.2275865, 12.9830321 ] } },
{ "type": "Feature", "properties": { "node_id": 300312067, "x": 80.2296084, "y": 12.9828422 }, "geometry": { "type": "Point", "coordinates": [ 80.2296084, 12.9828422 ] } },
{ "type": "Feature", "properties": { "node_id": 300312074, "x": 80.2280823, "y": 12.9825986 }, "geometry": { "type": "Point", "coordinates": [ 80.2280823, 12.9825986 ] } },
{ "type": "Feature", "properties": { "node_id": 300312361, "x": 80.2293438, "y": 12.9816213 }, "geometry": { "type": "Point", "coordinates": [ 80.2293438, 12.9816213 ] } },
{ "type": "Feature", "properties": { "node_id": 300312362, "x": 80.2274616, "y": 12.9817959 }, "geometry": { "type": "Point", "coordinates": [ 80.2274616, 12.9817959 ] } },
{ "type": "Feature", "properties": { "node_id": 300312480, "x": 80.2269654, "y": 12.9811883 }, "geometry": { "type": "Point", "coordinates": [ 80.2269654, 12.9811883 ] } },
{ "type": "Feature", "properties": { "node_id": 300312481, "x": 80.2271657, "y": 12.983807 }, "geometry": { "type": "Point", "coordinates": [ 80.2271657, 12.983807 ] } },
{ "type": "Feature", "properties": { "node_id": 300312548, "x": 80.2263311, "y": 12.9812397 }, "geometry": { "type": "Point", "coordinates": [ 80.2263311, 12.9812397 ] } },
{ "type": "Feature", "properties": { "node_id": 300312549, "x": 80.2274094, "y": 12.9811665 }, "geometry": { "type": "Point", "coordinates": [ 80.2274094, 12.9811665 ] } },
{ "type": "Feature", "properties": { "node_id": 300312594, "x": 80.227646, "y": 12.9837782 }, "geometry": { "type": "Point", "coordinates": [ 80.227646, 12.9837782 ] } },
{ "type": "Feature", "properties": { "node_id": 300312631, "x": 80.2274885, "y": 12.9822199 }, "geometry": { "type": "Point", "coordinates": [ 80.2274885, 12.9822199 ] } },
{ "type": "Feature", "properties": { "node_id": 300312632, "x": 80.229426, "y": 12.9820333 }, "geometry": { "type": "Point", "coordinates": [ 80.229426, 12.9820333 ] } },
{ "type": "Feature", "properties": { "node_id": 300312651, "x": 80.2261285, "y": 12.9841916 }, "geometry": { "type": "Point", "coordinates": [ 80.2261285, 12.9841916 ] } },
{ "type": "Feature", "properties": { "node_id": 300312653, "x": 80.2247435, "y": 12.9836858 }, "geometry": { "type": "Point", "coordinates": [ 80.2247435, 12.9836858 ] } },
{ "type": "Feature", "properties": { "node_id": 300312654, "x": 80.2260739, "y": 12.9837862 }, "geometry": { "type": "Point", "coordinates": [ 80.2260739, 12.9837862 ] } },
{ "type": "Feature", "properties": { "node_id": 300312748, "x": 80.2252746, "y": 12.9828566 }, "geometry": { "type": "Point", "coordinates": [ 80.2252746, 12.9828566 ] } },
{ "type": "Feature", "properties": { "node_id": 300312750, "x": 80.2270877, "y": 12.9827431 }, "geometry": { "type": "Point", "coordinates": [ 80.2270877, 12.9827431 ] } },
{ "type": "Feature", "properties": { "node_id": 300312752, "x": 80.2270405, "y": 12.9822604 }, "geometry": { "type": "Point", "coordinates": [ 80.2270405, 12.9822604 ] } },
{ "type": "Feature", "properties": { "node_id": 300312789, "x": 80.2245841, "y": 12.9865442 }, "geometry": { "type": "Point", "coordinates": [ 80.2245841, 12.9865442 ] } },
{ "type": "Feature", "properties": { "node_id": 300312835, "x": 80.2204377, "y": 12.9858568 }, "geometry": { "type": "Point", "coordinates": [ 80.2204377, 12.9858568 ] } },
{ "type": "Feature", "properties": { "node_id": 300312836, "x": 80.218147, "y": 12.9864574 }, "geometry": { "type": "Point", "coordinates": [ 80.218147, 12.9864574 ] } },
{ "type": "Feature", "properties": { "node_id": 300312864, "x": 80.221753, "y": 12.9848498 }, "geometry": { "type": "Point", "coordinates": [ 80.221753, 12.9848498 ] } },
{ "type": "Feature", "properties": { "node_id": 300312948, "x": 80.2194567, "y": 12.9850434 }, "geometry": { "type": "Point", "coordinates": [ 80.2194567, 12.9850434 ] } },
{ "type": "Feature", "properties": { "node_id": 300312949, "x": 80.2194255, "y": 12.9856167 }, "geometry": { "type": "Point", "coordinates": [ 80.2194255, 12.9856167 ] } },
{ "type": "Feature", "properties": { "node_id": 300313002, "x": 80.2198959, "y": 12.986027 }, "geometry": { "type": "Point", "coordinates": [ 80.2198959, 12.986027 ] } },
{ "type": "Feature", "properties": { "node_id": 300313018, "x": 80.2200337, "y": 12.9885531 }, "geometry": { "type": "Point", "coordinates": [ 80.2200337, 12.9885531 ] } },
{ "type": "Feature", "properties": { "node_id": 300313019, "x": 80.2187315, "y": 12.9890468 }, "geometry": { "type": "Point", "coordinates": [ 80.2187315, 12.9890468 ] } },
{ "type": "Feature", "properties": { "node_id": 300313031, "x": 80.2174893, "y": 12.989678 }, "geometry": { "type": "Point", "coordinates": [ 80.2174893, 12.989678 ] } },
{ "type": "Feature", "properties": { "node_id": 300313188, "x": 80.2211815, "y": 12.9868222 }, "geometry": { "type": "Point", "coordinates": [ 80.2211815, 12.9868222 ] } },
{ "type": "Feature", "properties": { "node_id": 300313356, "x": 80.2186392, "y": 12.9832611 }, "geometry": { "type": "Point", "coordinates": [ 80.2186392, 12.9832611 ] } },
{ "type": "Feature", "properties": { "node_id": 300313503, "x": 80.2194002, "y": 12.9825196 }, "geometry": { "type": "Point", "coordinates": [ 80.2194002, 12.9825196 ] } },
{ "type": "Feature", "properties": { "node_id": 300313504, "x": 80.2186299, "y": 12.9825879 }, "geometry": { "type": "Point", "coordinates": [ 80.2186299, 12.9825879 ] } },
{ "type": "Feature", "properties": { "node_id": 300313515, "x": 80.2217186, "y": 12.9822402 }, "geometry": { "type": "Point", "coordinates": [ 80.2217186, 12.9822402 ] } },
{ "type": "Feature", "properties": { "node_id": 300313516, "x": 80.2193862, "y": 12.9822755 }, "geometry": { "type": "Point", "coordinates": [ 80.2193862, 12.9822755 ] } },
{ "type": "Feature", "properties": { "node_id": 300313916, "x": 80.2234069, "y": 12.9747411 }, "geometry": { "type": "Point", "coordinates": [ 80.2234069, 12.9747411 ] } },
{ "type": "Feature", "properties": { "node_id": 300313917, "x": 80.2250848, "y": 12.9748448 }, "geometry": { "type": "Point", "coordinates": [ 80.2250848, 12.9748448 ] } },
{ "type": "Feature", "properties": { "node_id": 300367502, "x": 80.2033296, "y": 12.9743758 }, "geometry": { "type": "Point", "coordinates": [ 80.2033296, 12.9743758 ] } },
{ "type": "Feature", "properties": { "node_id": 300367530, "x": 80.2048199, "y": 12.9750539 }, "geometry": { "type": "Point", "coordinates": [ 80.2048199, 12.9750539 ] } },
{ "type": "Feature", "properties": { "node_id": 300367776, "x": 80.2059658, "y": 12.9730097 }, "geometry": { "type": "Point", "coordinates": [ 80.2059658, 12.9730097 ] } },
{ "type": "Feature", "properties": { "node_id": 300367846, "x": 80.20654, "y": 12.9730152 }, "geometry": { "type": "Point", "coordinates": [ 80.20654, 12.9730152 ] } },
{ "type": "Feature", "properties": { "node_id": 300367944, "x": 80.2070897, "y": 12.9730176 }, "geometry": { "type": "Point", "coordinates": [ 80.2070897, 12.9730176 ] } },
{ "type": "Feature", "properties": { "node_id": 300367953, "x": 80.2074916, "y": 12.9730037 }, "geometry": { "type": "Point", "coordinates": [ 80.2074916, 12.9730037 ] } },
{ "type": "Feature", "properties": { "node_id": 300367983, "x": 80.2077053, "y": 12.9713807 }, "geometry": { "type": "Point", "coordinates": [ 80.2077053, 12.9713807 ] } },
{ "type": "Feature", "properties": { "node_id": 300368042, "x": 80.2045615, "y": 12.9719319 }, "geometry": { "type": "Point", "coordinates": [ 80.2045615, 12.9719319 ] } },
{ "type": "Feature", "properties": { "node_id": 300368045, "x": 80.2034523, "y": 12.9721373 }, "geometry": { "type": "Point", "coordinates": [ 80.2034523, 12.9721373 ] } },
{ "type": "Feature", "properties": { "node_id": 300368165, "x": 80.205047, "y": 12.9707007 }, "geometry": { "type": "Point", "coordinates": [ 80.205047, 12.9707007 ] } },
{ "type": "Feature", "properties": { "node_id": 300368261, "x": 80.2048769, "y": 12.9694651 }, "geometry": { "type": "Point", "coordinates": [ 80.2048769, 12.9694651 ] } },
{ "type": "Feature", "properties": { "node_id": 300368262, "x": 80.205556, "y": 12.9693907 }, "geometry": { "type": "Point", "coordinates": [ 80.205556, 12.9693907 ] } },
{ "type": "Feature", "properties": { "node_id": 300368327, "x": 80.2049391, "y": 12.9698811 }, "geometry": { "type": "Point", "coordinates": [ 80.2049391, 12.9698811 ] } },
{ "type": "Feature", "properties": { "node_id": 300368328, "x": 80.2056027, "y": 12.9697921 }, "geometry": { "type": "Point", "coordinates": [ 80.2056027, 12.9697921 ] } },
{ "type": "Feature", "properties": { "node_id": 300368479, "x": 80.2050278, "y": 12.9690748 }, "geometry": { "type": "Point", "coordinates": [ 80.2050278, 12.9690748 ] } },
{ "type": "Feature", "properties": { "node_id": 300368480, "x": 80.2054976, "y": 12.9690176 }, "geometry": { "type": "Point", "coordinates": [ 80.2054976, 12.9690176 ] } },
{ "type": "Feature", "properties": { "node_id": 300368568, "x": 80.2074621, "y": 12.969365 }, "geometry": { "type": "Point", "coordinates": [ 80.2074621, 12.969365 ] } },
{ "type": "Feature", "properties": { "node_id": 300368570, "x": 80.2059623, "y": 12.9685907 }, "geometry": { "type": "Point", "coordinates": [ 80.2059623, 12.9685907 ] } },
{ "type": "Feature", "properties": { "node_id": 300368746, "x": 80.2046618, "y": 12.9655796 }, "geometry": { "type": "Point", "coordinates": [ 80.2046618, 12.9655796 ] } },
{ "type": "Feature", "properties": { "node_id": 300368900, "x": 80.2036753, "y": 12.9665376 }, "geometry": { "type": "Point", "coordinates": [ 80.2036753, 12.9665376 ] } },
{ "type": "Feature", "properties": { "node_id": 300368904, "x": 80.2072354, "y": 12.9659061 }, "geometry": { "type": "Point", "coordinates": [ 80.2072354, 12.9659061 ] } },
{ "type": "Feature", "properties": { "node_id": 300369271, "x": 80.2037257, "y": 12.9671298 }, "geometry": { "type": "Point", "coordinates": [ 80.2037257, 12.9671298 ] } },
{ "type": "Feature", "properties": { "node_id": 300369307, "x": 80.203843, "y": 12.9675378 }, "geometry": { "type": "Point", "coordinates": [ 80.203843, 12.9675378 ] } },
{ "type": "Feature", "properties": { "node_id": 300369559, "x": 80.1988972, "y": 12.9707673 }, "geometry": { "type": "Point", "coordinates": [ 80.1988972, 12.9707673 ] } },
{ "type": "Feature", "properties": { "node_id": 300369560, "x": 80.1986854, "y": 12.969552 }, "geometry": { "type": "Point", "coordinates": [ 80.1986854, 12.969552 ] } },
{ "type": "Feature", "properties": { "node_id": 300369708, "x": 80.2012055, "y": 12.9737991 }, "geometry": { "type": "Point", "coordinates": [ 80.2012055, 12.9737991 ] } },
{ "type": "Feature", "properties": { "node_id": 300369981, "x": 80.2005167, "y": 12.978105 }, "geometry": { "type": "Point", "coordinates": [ 80.2005167, 12.978105 ] } },
{ "type": "Feature", "properties": { "node_id": 300370123, "x": 80.1990724, "y": 12.9787004 }, "geometry": { "type": "Point", "coordinates": [ 80.1990724, 12.9787004 ] } },
{ "type": "Feature", "properties": { "node_id": 300372147, "x": 80.2017814, "y": 12.9893621 }, "geometry": { "type": "Point", "coordinates": [ 80.2017814, 12.9893621 ] } },
{ "type": "Feature", "properties": { "node_id": 300372304, "x": 80.2009618, "y": 12.985064 }, "geometry": { "type": "Point", "coordinates": [ 80.2009618, 12.985064 ] } },
{ "type": "Feature", "properties": { "node_id": 300372306, "x": 80.2010043, "y": 12.9853582 }, "geometry": { "type": "Point", "coordinates": [ 80.2010043, 12.9853582 ] } },
{ "type": "Feature", "properties": { "node_id": 300372399, "x": 80.2009901, "y": 12.9837907 }, "geometry": { "type": "Point", "coordinates": [ 80.2009901, 12.9837907 ] } },
{ "type": "Feature", "properties": { "node_id": 300372984, "x": 80.2018579, "y": 12.979827 }, "geometry": { "type": "Point", "coordinates": [ 80.2018579, 12.979827 ] } },
{ "type": "Feature", "properties": { "node_id": 300373046, "x": 80.2047997, "y": 12.9795352 }, "geometry": { "type": "Point", "coordinates": [ 80.2047997, 12.9795352 ] } },
{ "type": "Feature", "properties": { "node_id": 300373049, "x": 80.202126, "y": 12.9797206 }, "geometry": { "type": "Point", "coordinates": [ 80.202126, 12.9797206 ] } },
{ "type": "Feature", "properties": { "node_id": 300373859, "x": 80.200826, "y": 12.9800055 }, "geometry": { "type": "Point", "coordinates": [ 80.200826, 12.9800055 ] } },
{ "type": "Feature", "properties": { "node_id": 300374423, "x": 80.2026879, "y": 12.9848213 }, "geometry": { "type": "Point", "coordinates": [ 80.2026879, 12.9848213 ] } },
{ "type": "Feature", "properties": { "node_id": 300374492, "x": 80.2025983, "y": 12.9856 }, "geometry": { "type": "Point", "coordinates": [ 80.2025983, 12.9856 ] } },
{ "type": "Feature", "properties": { "node_id": 300374494, "x": 80.2024377, "y": 12.9848744 }, "geometry": { "type": "Point", "coordinates": [ 80.2024377, 12.9848744 ] } },
{ "type": "Feature", "properties": { "node_id": 300374763, "x": 80.2010145, "y": 12.9841838 }, "geometry": { "type": "Point", "coordinates": [ 80.2010145, 12.9841838 ] } },
{ "type": "Feature", "properties": { "node_id": 300374764, "x": 80.2009115, "y": 12.9829727 }, "geometry": { "type": "Point", "coordinates": [ 80.2009115, 12.9829727 ] } },
{ "type": "Feature", "properties": { "node_id": 300374821, "x": 80.2005681, "y": 12.9813224 }, "geometry": { "type": "Point", "coordinates": [ 80.2005681, 12.9813224 ] } },
{ "type": "Feature", "properties": { "node_id": 300376010, "x": 80.2057266, "y": 12.9804385 }, "geometry": { "type": "Point", "coordinates": [ 80.2057266, 12.9804385 ] } },
{ "type": "Feature", "properties": { "node_id": 300376049, "x": 80.2059412, "y": 12.9809851 }, "geometry": { "type": "Point", "coordinates": [ 80.2059412, 12.9809851 ] } },
{ "type": "Feature", "properties": { "node_id": 300376050, "x": 80.2066278, "y": 12.9808161 }, "geometry": { "type": "Point", "coordinates": [ 80.2066278, 12.9808161 ] } },
{ "type": "Feature", "properties": { "node_id": 300376603, "x": 80.2100803, "y": 12.9768397 }, "geometry": { "type": "Point", "coordinates": [ 80.2100803, 12.9768397 ] } },
{ "type": "Feature", "properties": { "node_id": 300376604, "x": 80.2100771, "y": 12.9771535 }, "geometry": { "type": "Point", "coordinates": [ 80.2100771, 12.9771535 ] } },
{ "type": "Feature", "properties": { "node_id": 300450310, "x": 80.2303184, "y": 12.9717751 }, "geometry": { "type": "Point", "coordinates": [ 80.2303184, 12.9717751 ] } },
{ "type": "Feature", "properties": { "node_id": 300450311, "x": 80.2309061, "y": 12.9716726 }, "geometry": { "type": "Point", "coordinates": [ 80.2309061, 12.9716726 ] } },
{ "type": "Feature", "properties": { "node_id": 300450312, "x": 80.2306662, "y": 12.9671572 }, "geometry": { "type": "Point", "coordinates": [ 80.2306662, 12.9671572 ] } },
{ "type": "Feature", "properties": { "node_id": 300450313, "x": 80.2353693, "y": 12.9671975 }, "geometry": { "type": "Point", "coordinates": [ 80.2353693, 12.9671975 ] } },
{ "type": "Feature", "properties": { "node_id": 300450418, "x": 80.2359335, "y": 12.9673938 }, "geometry": { "type": "Point", "coordinates": [ 80.2359335, 12.9673938 ] } },
{ "type": "Feature", "properties": { "node_id": 300450420, "x": 80.2358155, "y": 12.9679189 }, "geometry": { "type": "Point", "coordinates": [ 80.2358155, 12.9679189 ] } },
{ "type": "Feature", "properties": { "node_id": 300450427, "x": 80.2330202, "y": 12.9692539 }, "geometry": { "type": "Point", "coordinates": [ 80.2330202, 12.9692539 ] } },
{ "type": "Feature", "properties": { "node_id": 300450429, "x": 80.2307989, "y": 12.9696552 }, "geometry": { "type": "Point", "coordinates": [ 80.2307989, 12.9696552 ] } },
{ "type": "Feature", "properties": { "node_id": 300454713, "x": 80.2357988, "y": 12.9703667 }, "geometry": { "type": "Point", "coordinates": [ 80.2357988, 12.9703667 ] } },
{ "type": "Feature", "properties": { "node_id": 300454760, "x": 80.237255, "y": 12.9702515 }, "geometry": { "type": "Point", "coordinates": [ 80.237255, 12.9702515 ] } },
{ "type": "Feature", "properties": { "node_id": 300454761, "x": 80.2375046, "y": 12.9702748 }, "geometry": { "type": "Point", "coordinates": [ 80.2375046, 12.9702748 ] } },
{ "type": "Feature", "properties": { "node_id": 300454817, "x": 80.2352472, "y": 12.9717544 }, "geometry": { "type": "Point", "coordinates": [ 80.2352472, 12.9717544 ] } },
{ "type": "Feature", "properties": { "node_id": 300454818, "x": 80.2356737, "y": 12.971717 }, "geometry": { "type": "Point", "coordinates": [ 80.2356737, 12.971717 ] } },
{ "type": "Feature", "properties": { "node_id": 300454915, "x": 80.2372784, "y": 12.973193 }, "geometry": { "type": "Point", "coordinates": [ 80.2372784, 12.973193 ] } },
{ "type": "Feature", "properties": { "node_id": 300455070, "x": 80.2345968, "y": 12.9727973 }, "geometry": { "type": "Point", "coordinates": [ 80.2345968, 12.9727973 ] } },
{ "type": "Feature", "properties": { "node_id": 300455072, "x": 80.2368365, "y": 12.9736302 }, "geometry": { "type": "Point", "coordinates": [ 80.2368365, 12.9736302 ] } },
{ "type": "Feature", "properties": { "node_id": 300455073, "x": 80.2371995, "y": 12.9738073 }, "geometry": { "type": "Point", "coordinates": [ 80.2371995, 12.9738073 ] } },
{ "type": "Feature", "properties": { "node_id": 300455150, "x": 80.2329901, "y": 12.9751371 }, "geometry": { "type": "Point", "coordinates": [ 80.2329901, 12.9751371 ] } },
{ "type": "Feature", "properties": { "node_id": 300455152, "x": 80.2373766, "y": 12.9755311 }, "geometry": { "type": "Point", "coordinates": [ 80.2373766, 12.9755311 ] } },
{ "type": "Feature", "properties": { "node_id": 300455463, "x": 80.2303171, "y": 12.9792234 }, "geometry": { "type": "Point", "coordinates": [ 80.2303171, 12.9792234 ] } },
{ "type": "Feature", "properties": { "node_id": 300455464, "x": 80.2304767, "y": 12.9775665 }, "geometry": { "type": "Point", "coordinates": [ 80.2304767, 12.9775665 ] } },
{ "type": "Feature", "properties": { "node_id": 300455516, "x": 80.2331799, "y": 12.9738371 }, "geometry": { "type": "Point", "coordinates": [ 80.2331799, 12.9738371 ] } },
{ "type": "Feature", "properties": { "node_id": 300455566, "x": 80.2331205, "y": 12.9790054 }, "geometry": { "type": "Point", "coordinates": [ 80.2331205, 12.9790054 ] } },
{ "type": "Feature", "properties": { "node_id": 300455567, "x": 80.2323412, "y": 12.9790045 }, "geometry": { "type": "Point", "coordinates": [ 80.2323412, 12.9790045 ] } },
{ "type": "Feature", "properties": { "node_id": 300462967, "x": 80.2013133, "y": 12.9970417 }, "geometry": { "type": "Point", "coordinates": [ 80.2013133, 12.9970417 ] } },
{ "type": "Feature", "properties": { "node_id": 300462991, "x": 80.2000005, "y": 12.9976842 }, "geometry": { "type": "Point", "coordinates": [ 80.2000005, 12.9976842 ] } },
{ "type": "Feature", "properties": { "node_id": 300463010, "x": 80.2014683, "y": 12.9982732 }, "geometry": { "type": "Point", "coordinates": [ 80.2014683, 12.9982732 ] } },
{ "type": "Feature", "properties": { "node_id": 300463158, "x": 80.2041093, "y": 12.9969648 }, "geometry": { "type": "Point", "coordinates": [ 80.2041093, 12.9969648 ] } },
{ "type": "Feature", "properties": { "node_id": 300463578, "x": 80.2116234, "y": 12.9813169 }, "geometry": { "type": "Point", "coordinates": [ 80.2116234, 12.9813169 ] } },
{ "type": "Feature", "properties": { "node_id": 300463580, "x": 80.2110351, "y": 12.9813117 }, "geometry": { "type": "Point", "coordinates": [ 80.2110351, 12.9813117 ] } },
{ "type": "Feature", "properties": { "node_id": 300463595, "x": 80.213859, "y": 12.9811603 }, "geometry": { "type": "Point", "coordinates": [ 80.213859, 12.9811603 ] } },
{ "type": "Feature", "properties": { "node_id": 300463598, "x": 80.2146381, "y": 12.9828735 }, "geometry": { "type": "Point", "coordinates": [ 80.2146381, 12.9828735 ] } },
{ "type": "Feature", "properties": { "node_id": 300463599, "x": 80.2146252, "y": 12.9833112 }, "geometry": { "type": "Point", "coordinates": [ 80.2146252, 12.9833112 ] } },
{ "type": "Feature", "properties": { "node_id": 300463603, "x": 80.2147309, "y": 12.9840659 }, "geometry": { "type": "Point", "coordinates": [ 80.2147309, 12.9840659 ] } },
{ "type": "Feature", "properties": { "node_id": 300463604, "x": 80.214737, "y": 12.9836906 }, "geometry": { "type": "Point", "coordinates": [ 80.214737, 12.9836906 ] } },
{ "type": "Feature", "properties": { "node_id": 300463611, "x": 80.2144203, "y": 12.9836872 }, "geometry": { "type": "Point", "coordinates": [ 80.2144203, 12.9836872 ] } },
{ "type": "Feature", "properties": { "node_id": 300463612, "x": 80.2156002, "y": 12.9855512 }, "geometry": { "type": "Point", "coordinates": [ 80.2156002, 12.9855512 ] } },
{ "type": "Feature", "properties": { "node_id": 300463790, "x": 80.2219798, "y": 12.9836808 }, "geometry": { "type": "Point", "coordinates": [ 80.2219798, 12.9836808 ] } },
{ "type": "Feature", "properties": { "node_id": 300463817, "x": 80.2229787, "y": 12.9825341 }, "geometry": { "type": "Point", "coordinates": [ 80.2229787, 12.9825341 ] } },
{ "type": "Feature", "properties": { "node_id": 300463822, "x": 80.2230327, "y": 12.9818215 }, "geometry": { "type": "Point", "coordinates": [ 80.2230327, 12.9818215 ] } },
{ "type": "Feature", "properties": { "node_id": 300463823, "x": 80.2236826, "y": 12.9818565 }, "geometry": { "type": "Point", "coordinates": [ 80.2236826, 12.9818565 ] } },
{ "type": "Feature", "properties": { "node_id": 300463827, "x": 80.2222234, "y": 12.9825239 }, "geometry": { "type": "Point", "coordinates": [ 80.2222234, 12.9825239 ] } },
{ "type": "Feature", "properties": { "node_id": 300463828, "x": 80.2222305, "y": 12.9819413 }, "geometry": { "type": "Point", "coordinates": [ 80.2222305, 12.9819413 ] } },
{ "type": "Feature", "properties": { "node_id": 300463832, "x": 80.2237031, "y": 12.9813456 }, "geometry": { "type": "Point", "coordinates": [ 80.2237031, 12.9813456 ] } },
{ "type": "Feature", "properties": { "node_id": 300463846, "x": 80.225778, "y": 12.9837669 }, "geometry": { "type": "Point", "coordinates": [ 80.225778, 12.9837669 ] } },
{ "type": "Feature", "properties": { "node_id": 300463847, "x": 80.2257954, "y": 12.9832603 }, "geometry": { "type": "Point", "coordinates": [ 80.2257954, 12.9832603 ] } },
{ "type": "Feature", "properties": { "node_id": 300463861, "x": 80.2242769, "y": 12.9832438 }, "geometry": { "type": "Point", "coordinates": [ 80.2242769, 12.9832438 ] } },
{ "type": "Feature", "properties": { "node_id": 300463862, "x": 80.2242405, "y": 12.9847953 }, "geometry": { "type": "Point", "coordinates": [ 80.2242405, 12.9847953 ] } },
{ "type": "Feature", "properties": { "node_id": 300463949, "x": 80.2235811, "y": 12.9860477 }, "geometry": { "type": "Point", "coordinates": [ 80.2235811, 12.9860477 ] } },
{ "type": "Feature", "properties": { "node_id": 300463970, "x": 80.2143368, "y": 12.9866607 }, "geometry": { "type": "Point", "coordinates": [ 80.2143368, 12.9866607 ] } },
{ "type": "Feature", "properties": { "node_id": 300464005, "x": 80.2111118, "y": 12.9799106 }, "geometry": { "type": "Point", "coordinates": [ 80.2111118, 12.9799106 ] } },
{ "type": "Feature", "properties": { "node_id": 300464009, "x": 80.2144181, "y": 12.9801133 }, "geometry": { "type": "Point", "coordinates": [ 80.2144181, 12.9801133 ] } },
{ "type": "Feature", "properties": { "node_id": 300464018, "x": 80.2172583, "y": 12.9799808 }, "geometry": { "type": "Point", "coordinates": [ 80.2172583, 12.9799808 ] } },
{ "type": "Feature", "properties": { "node_id": 300464019, "x": 80.2172914, "y": 12.9805016 }, "geometry": { "type": "Point", "coordinates": [ 80.2172914, 12.9805016 ] } },
{ "type": "Feature", "properties": { "node_id": 300464020, "x": 80.2172795, "y": 12.9803032 }, "geometry": { "type": "Point", "coordinates": [ 80.2172795, 12.9803032 ] } },
{ "type": "Feature", "properties": { "node_id": 300464022, "x": 80.2146961, "y": 12.9804638 }, "geometry": { "type": "Point", "coordinates": [ 80.2146961, 12.9804638 ] } },
{ "type": "Feature", "properties": { "node_id": 300464024, "x": 80.2152311, "y": 12.9801914 }, "geometry": { "type": "Point", "coordinates": [ 80.2152311, 12.9801914 ] } },
{ "type": "Feature", "properties": { "node_id": 300464027, "x": 80.2168982, "y": 12.9777794 }, "geometry": { "type": "Point", "coordinates": [ 80.2168982, 12.9777794 ] } },
{ "type": "Feature", "properties": { "node_id": 300464063, "x": 80.2151511, "y": 12.9781009 }, "geometry": { "type": "Point", "coordinates": [ 80.2151511, 12.9781009 ] } },
{ "type": "Feature", "properties": { "node_id": 300464064, "x": 80.2142511, "y": 12.9779777 }, "geometry": { "type": "Point", "coordinates": [ 80.2142511, 12.9779777 ] } },
{ "type": "Feature", "properties": { "node_id": 300464072, "x": 80.2142734, "y": 12.9777082 }, "geometry": { "type": "Point", "coordinates": [ 80.2142734, 12.9777082 ] } },
{ "type": "Feature", "properties": { "node_id": 300464073, "x": 80.215227, "y": 12.9777648 }, "geometry": { "type": "Point", "coordinates": [ 80.215227, 12.9777648 ] } },
{ "type": "Feature", "properties": { "node_id": 300464088, "x": 80.2181769, "y": 12.9769447 }, "geometry": { "type": "Point", "coordinates": [ 80.2181769, 12.9769447 ] } },
{ "type": "Feature", "properties": { "node_id": 300464089, "x": 80.2170141, "y": 12.9768606 }, "geometry": { "type": "Point", "coordinates": [ 80.2170141, 12.9768606 ] } },
{ "type": "Feature", "properties": { "node_id": 300464332, "x": 80.2142256, "y": 12.9757918 }, "geometry": { "type": "Point", "coordinates": [ 80.2142256, 12.9757918 ] } },
{ "type": "Feature", "properties": { "node_id": 300464334, "x": 80.2151733, "y": 12.9756818 }, "geometry": { "type": "Point", "coordinates": [ 80.2151733, 12.9756818 ] } },
{ "type": "Feature", "properties": { "node_id": 300464378, "x": 80.2134296, "y": 12.9747523 }, "geometry": { "type": "Point", "coordinates": [ 80.2134296, 12.9747523 ] } },
{ "type": "Feature", "properties": { "node_id": 300464381, "x": 80.2151598, "y": 12.9746784 }, "geometry": { "type": "Point", "coordinates": [ 80.2151598, 12.9746784 ] } },
{ "type": "Feature", "properties": { "node_id": 300464383, "x": 80.2137757, "y": 12.9747442 }, "geometry": { "type": "Point", "coordinates": [ 80.2137757, 12.9747442 ] } },
{ "type": "Feature", "properties": { "node_id": 300464392, "x": 80.2110665, "y": 12.9742242 }, "geometry": { "type": "Point", "coordinates": [ 80.2110665, 12.9742242 ] } },
{ "type": "Feature", "properties": { "node_id": 300464393, "x": 80.2116467, "y": 12.9742309 }, "geometry": { "type": "Point", "coordinates": [ 80.2116467, 12.9742309 ] } },
{ "type": "Feature", "properties": { "node_id": 300464394, "x": 80.2111185, "y": 12.973828 }, "geometry": { "type": "Point", "coordinates": [ 80.2111185, 12.973828 ] } },
{ "type": "Feature", "properties": { "node_id": 300464446, "x": 80.2202632, "y": 12.9826892 }, "geometry": { "type": "Point", "coordinates": [ 80.2202632, 12.9826892 ] } },
{ "type": "Feature", "properties": { "node_id": 300464447, "x": 80.2203007, "y": 12.9832257 }, "geometry": { "type": "Point", "coordinates": [ 80.2203007, 12.9832257 ] } },
{ "type": "Feature", "properties": { "node_id": 300464448, "x": 80.2192542, "y": 12.9796446 }, "geometry": { "type": "Point", "coordinates": [ 80.2192542, 12.9796446 ] } },
{ "type": "Feature", "properties": { "node_id": 300464449, "x": 80.2191164, "y": 12.9802212 }, "geometry": { "type": "Point", "coordinates": [ 80.2191164, 12.9802212 ] } },
{ "type": "Feature", "properties": { "node_id": 300464465, "x": 80.2186458, "y": 12.9798253 }, "geometry": { "type": "Point", "coordinates": [ 80.2186458, 12.9798253 ] } },
{ "type": "Feature", "properties": { "node_id": 300464466, "x": 80.2191856, "y": 12.9799592 }, "geometry": { "type": "Point", "coordinates": [ 80.2191856, 12.9799592 ] } },
{ "type": "Feature", "properties": { "node_id": 300464556, "x": 80.224884, "y": 12.9769811 }, "geometry": { "type": "Point", "coordinates": [ 80.224884, 12.9769811 ] } },
{ "type": "Feature", "properties": { "node_id": 300464559, "x": 80.2250748, "y": 12.9741975 }, "geometry": { "type": "Point", "coordinates": [ 80.2250748, 12.9741975 ] } },
{ "type": "Feature", "properties": { "node_id": 300464560, "x": 80.2234836, "y": 12.9739831 }, "geometry": { "type": "Point", "coordinates": [ 80.2234836, 12.9739831 ] } },
{ "type": "Feature", "properties": { "node_id": 300464562, "x": 80.2250735, "y": 12.9745014 }, "geometry": { "type": "Point", "coordinates": [ 80.2250735, 12.9745014 ] } },
{ "type": "Feature", "properties": { "node_id": 300464568, "x": 80.2272402, "y": 12.9743328 }, "geometry": { "type": "Point", "coordinates": [ 80.2272402, 12.9743328 ] } },
{ "type": "Feature", "properties": { "node_id": 300464569, "x": 80.2271485, "y": 12.9753175 }, "geometry": { "type": "Point", "coordinates": [ 80.2271485, 12.9753175 ] } },
{ "type": "Feature", "properties": { "node_id": 300464570, "x": 80.2259433, "y": 12.9752532 }, "geometry": { "type": "Point", "coordinates": [ 80.2259433, 12.9752532 ] } },
{ "type": "Feature", "properties": { "node_id": 300464572, "x": 80.2260329, "y": 12.9728871 }, "geometry": { "type": "Point", "coordinates": [ 80.2260329, 12.9728871 ] } },
{ "type": "Feature", "properties": { "node_id": 300464592, "x": 80.2281127, "y": 12.974331 }, "geometry": { "type": "Point", "coordinates": [ 80.2281127, 12.974331 ] } },
{ "type": "Feature", "properties": { "node_id": 300464593, "x": 80.2280324, "y": 12.9751048 }, "geometry": { "type": "Point", "coordinates": [ 80.2280324, 12.9751048 ] } },
{ "type": "Feature", "properties": { "node_id": 300464594, "x": 80.2278161, "y": 12.9763861 }, "geometry": { "type": "Point", "coordinates": [ 80.2278161, 12.9763861 ] } },
{ "type": "Feature", "properties": { "node_id": 300464595, "x": 80.227689, "y": 12.9769046 }, "geometry": { "type": "Point", "coordinates": [ 80.227689, 12.9769046 ] } },
{ "type": "Feature", "properties": { "node_id": 300464596, "x": 80.2263206, "y": 12.9768112 }, "geometry": { "type": "Point", "coordinates": [ 80.2263206, 12.9768112 ] } },
{ "type": "Feature", "properties": { "node_id": 300464597, "x": 80.2262241, "y": 12.9784054 }, "geometry": { "type": "Point", "coordinates": [ 80.2262241, 12.9784054 ] } },
{ "type": "Feature", "properties": { "node_id": 300464612, "x": 80.2290345, "y": 12.9745193 }, "geometry": { "type": "Point", "coordinates": [ 80.2290345, 12.9745193 ] } },
{ "type": "Feature", "properties": { "node_id": 300464635, "x": 80.2287401, "y": 12.974742 }, "geometry": { "type": "Point", "coordinates": [ 80.2287401, 12.974742 ] } },
{ "type": "Feature", "properties": { "node_id": 300464637, "x": 80.2280893, "y": 12.9746813 }, "geometry": { "type": "Point", "coordinates": [ 80.2280893, 12.9746813 ] } },
{ "type": "Feature", "properties": { "node_id": 300464668, "x": 80.2295901, "y": 12.9761746 }, "geometry": { "type": "Point", "coordinates": [ 80.2295901, 12.9761746 ] } },
{ "type": "Feature", "properties": { "node_id": 300464670, "x": 80.2279348, "y": 12.9758988 }, "geometry": { "type": "Point", "coordinates": [ 80.2279348, 12.9758988 ] } },
{ "type": "Feature", "properties": { "node_id": 300464673, "x": 80.2295386, "y": 12.9765853 }, "geometry": { "type": "Point", "coordinates": [ 80.2295386, 12.9765853 ] } },
{ "type": "Feature", "properties": { "node_id": 300464686, "x": 80.2277059, "y": 12.9784282 }, "geometry": { "type": "Point", "coordinates": [ 80.2277059, 12.9784282 ] } },
{ "type": "Feature", "properties": { "node_id": 300464731, "x": 80.2288632, "y": 12.9780251 }, "geometry": { "type": "Point", "coordinates": [ 80.2288632, 12.9780251 ] } },
{ "type": "Feature", "properties": { "node_id": 300464732, "x": 80.2276855, "y": 12.9780531 }, "geometry": { "type": "Point", "coordinates": [ 80.2276855, 12.9780531 ] } },
{ "type": "Feature", "properties": { "node_id": 300464736, "x": 80.2288688, "y": 12.97766 }, "geometry": { "type": "Point", "coordinates": [ 80.2288688, 12.97766 ] } },
{ "type": "Feature", "properties": { "node_id": 300464737, "x": 80.2276716, "y": 12.9776122 }, "geometry": { "type": "Point", "coordinates": [ 80.2276716, 12.9776122 ] } },
{ "type": "Feature", "properties": { "node_id": 300464739, "x": 80.2288698, "y": 12.9772264 }, "geometry": { "type": "Point", "coordinates": [ 80.2288698, 12.9772264 ] } },
{ "type": "Feature", "properties": { "node_id": 300464740, "x": 80.2276763, "y": 12.9772017 }, "geometry": { "type": "Point", "coordinates": [ 80.2276763, 12.9772017 ] } },
{ "type": "Feature", "properties": { "node_id": 300464744, "x": 80.2286863, "y": 12.9768667 }, "geometry": { "type": "Point", "coordinates": [ 80.2286863, 12.9768667 ] } },
{ "type": "Feature", "properties": { "node_id": 300464745, "x": 80.2277173, "y": 12.9767825 }, "geometry": { "type": "Point", "coordinates": [ 80.2277173, 12.9767825 ] } },
{ "type": "Feature", "properties": { "node_id": 300464753, "x": 80.2278407, "y": 12.9762448 }, "geometry": { "type": "Point", "coordinates": [ 80.2278407, 12.9762448 ] } },
{ "type": "Feature", "properties": { "node_id": 300464755, "x": 80.2270653, "y": 12.9764195 }, "geometry": { "type": "Point", "coordinates": [ 80.2270653, 12.9764195 ] } },
{ "type": "Feature", "properties": { "node_id": 300464756, "x": 80.2277605, "y": 12.9765721 }, "geometry": { "type": "Point", "coordinates": [ 80.2277605, 12.9765721 ] } },
{ "type": "Feature", "properties": { "node_id": 300464841, "x": 80.227992, "y": 12.9754982 }, "geometry": { "type": "Point", "coordinates": [ 80.227992, 12.9754982 ] } },
{ "type": "Feature", "properties": { "node_id": 300464860, "x": 80.2256989, "y": 12.9769835 }, "geometry": { "type": "Point", "coordinates": [ 80.2256989, 12.9769835 ] } },
{ "type": "Feature", "properties": { "node_id": 300464861, "x": 80.225087, "y": 12.9769877 }, "geometry": { "type": "Point", "coordinates": [ 80.225087, 12.9769877 ] } },
{ "type": "Feature", "properties": { "node_id": 300464877, "x": 80.2239906, "y": 12.97678 }, "geometry": { "type": "Point", "coordinates": [ 80.2239906, 12.97678 ] } },
{ "type": "Feature", "properties": { "node_id": 300464878, "x": 80.2242988, "y": 12.9765222 }, "geometry": { "type": "Point", "coordinates": [ 80.2242988, 12.9765222 ] } },
{ "type": "Feature", "properties": { "node_id": 300464879, "x": 80.2249048, "y": 12.9765924 }, "geometry": { "type": "Point", "coordinates": [ 80.2249048, 12.9765924 ] } },
{ "type": "Feature", "properties": { "node_id": 300464896, "x": 80.2242662, "y": 12.9758302 }, "geometry": { "type": "Point", "coordinates": [ 80.2242662, 12.9758302 ] } },
{ "type": "Feature", "properties": { "node_id": 300464897, "x": 80.2250034, "y": 12.9758494 }, "geometry": { "type": "Point", "coordinates": [ 80.2250034, 12.9758494 ] } },
{ "type": "Feature", "properties": { "node_id": 300464902, "x": 80.2246149, "y": 12.9751483 }, "geometry": { "type": "Point", "coordinates": [ 80.2246149, 12.9751483 ] } },
{ "type": "Feature", "properties": { "node_id": 300464903, "x": 80.2245356, "y": 12.9758328 }, "geometry": { "type": "Point", "coordinates": [ 80.2245356, 12.9758328 ] } },
{ "type": "Feature", "properties": { "node_id": 300464907, "x": 80.2242315, "y": 12.9756121 }, "geometry": { "type": "Point", "coordinates": [ 80.2242315, 12.9756121 ] } },
{ "type": "Feature", "properties": { "node_id": 300464911, "x": 80.2238373, "y": 12.9751811 }, "geometry": { "type": "Point", "coordinates": [ 80.2238373, 12.9751811 ] } },
{ "type": "Feature", "properties": { "node_id": 300464915, "x": 80.2249786, "y": 12.9775699 }, "geometry": { "type": "Point", "coordinates": [ 80.2249786, 12.9775699 ] } },
{ "type": "Feature", "properties": { "node_id": 300464917, "x": 80.2156541, "y": 12.9756724 }, "geometry": { "type": "Point", "coordinates": [ 80.2156541, 12.9756724 ] } },
{ "type": "Feature", "properties": { "node_id": 300464924, "x": 80.216449, "y": 12.9752769 }, "geometry": { "type": "Point", "coordinates": [ 80.216449, 12.9752769 ] } },
{ "type": "Feature", "properties": { "node_id": 300465142, "x": 80.2062428, "y": 12.9653051 }, "geometry": { "type": "Point", "coordinates": [ 80.2062428, 12.9653051 ] } },
{ "type": "Feature", "properties": { "node_id": 300465145, "x": 80.2018126, "y": 12.964836 }, "geometry": { "type": "Point", "coordinates": [ 80.2018126, 12.964836 ] } },
{ "type": "Feature", "properties": { "node_id": 300465149, "x": 80.2060107, "y": 12.9642522 }, "geometry": { "type": "Point", "coordinates": [ 80.2060107, 12.9642522 ] } },
{ "type": "Feature", "properties": { "node_id": 300465150, "x": 80.2018631, "y": 12.9642341 }, "geometry": { "type": "Point", "coordinates": [ 80.2018631, 12.9642341 ] } },
{ "type": "Feature", "properties": { "node_id": 300465165, "x": 80.2061432, "y": 12.9648414 }, "geometry": { "type": "Point", "coordinates": [ 80.2061432, 12.9648414 ] } },
{ "type": "Feature", "properties": { "node_id": 300469152, "x": 80.2053283, "y": 12.9868615 }, "geometry": { "type": "Point", "coordinates": [ 80.2053283, 12.9868615 ] } },
{ "type": "Feature", "properties": { "node_id": 301301410, "x": 80.2069127, "y": 12.9640957 }, "geometry": { "type": "Point", "coordinates": [ 80.2069127, 12.9640957 ] } },
{ "type": "Feature", "properties": { "node_id": 301301458, "x": 80.2088354, "y": 12.9641222 }, "geometry": { "type": "Point", "coordinates": [ 80.2088354, 12.9641222 ] } },
{ "type": "Feature", "properties": { "node_id": 301301519, "x": 80.2112685, "y": 12.964188 }, "geometry": { "type": "Point", "coordinates": [ 80.2112685, 12.964188 ] } },
{ "type": "Feature", "properties": { "node_id": 301301522, "x": 80.2113537, "y": 12.9645233 }, "geometry": { "type": "Point", "coordinates": [ 80.2113537, 12.9645233 ] } },
{ "type": "Feature", "properties": { "node_id": 301301526, "x": 80.2083525, "y": 12.9640552 }, "geometry": { "type": "Point", "coordinates": [ 80.2083525, 12.9640552 ] } },
{ "type": "Feature", "properties": { "node_id": 301301527, "x": 80.2070034, "y": 12.9646865 }, "geometry": { "type": "Point", "coordinates": [ 80.2070034, 12.9646865 ] } },
{ "type": "Feature", "properties": { "node_id": 301301540, "x": 80.2059944, "y": 12.9641798 }, "geometry": { "type": "Point", "coordinates": [ 80.2059944, 12.9641798 ] } },
{ "type": "Feature", "properties": { "node_id": 303451155, "x": 80.2028865, "y": 12.9998149 }, "geometry": { "type": "Point", "coordinates": [ 80.2028865, 12.9998149 ] } },
{ "type": "Feature", "properties": { "node_id": 303451164, "x": 80.2045194, "y": 12.999699 }, "geometry": { "type": "Point", "coordinates": [ 80.2045194, 12.999699 ] } },
{ "type": "Feature", "properties": { "node_id": 303453572, "x": 80.2353418, "y": 12.9730859 }, "geometry": { "type": "Point", "coordinates": [ 80.2353418, 12.9730859 ] } },
{ "type": "Feature", "properties": { "node_id": 303453573, "x": 80.234857, "y": 12.975323 }, "geometry": { "type": "Point", "coordinates": [ 80.234857, 12.975323 ] } },
{ "type": "Feature", "properties": { "node_id": 303453608, "x": 80.2367471, "y": 12.9829504 }, "geometry": { "type": "Point", "coordinates": [ 80.2367471, 12.9829504 ] } },
{ "type": "Feature", "properties": { "node_id": 303453682, "x": 80.2375253, "y": 12.9833858 }, "geometry": { "type": "Point", "coordinates": [ 80.2375253, 12.9833858 ] } },
{ "type": "Feature", "properties": { "node_id": 304914007, "x": 80.2299636, "y": 12.9915814 }, "geometry": { "type": "Point", "coordinates": [ 80.2299636, 12.9915814 ] } },
{ "type": "Feature", "properties": { "node_id": 313444412, "x": 80.2047127, "y": 12.9987954 }, "geometry": { "type": "Point", "coordinates": [ 80.2047127, 12.9987954 ] } },
{ "type": "Feature", "properties": { "node_id": 313444419, "x": 80.2067571, "y": 12.9954499 }, "geometry": { "type": "Point", "coordinates": [ 80.2067571, 12.9954499 ] } },
{ "type": "Feature", "properties": { "node_id": 313444422, "x": 80.2048863, "y": 12.9962036 }, "geometry": { "type": "Point", "coordinates": [ 80.2048863, 12.9962036 ] } },
{ "type": "Feature", "properties": { "node_id": 313444424, "x": 80.2048373, "y": 12.9959019 }, "geometry": { "type": "Point", "coordinates": [ 80.2048373, 12.9959019 ] } },
{ "type": "Feature", "properties": { "node_id": 313444425, "x": 80.2050842, "y": 12.995166 }, "geometry": { "type": "Point", "coordinates": [ 80.2050842, 12.995166 ] } },
{ "type": "Feature", "properties": { "node_id": 313444432, "x": 80.206648, "y": 12.9950287 }, "geometry": { "type": "Point", "coordinates": [ 80.206648, 12.9950287 ] } },
{ "type": "Feature", "properties": { "node_id": 313444440, "x": 80.2075456, "y": 12.9990239 }, "geometry": { "type": "Point", "coordinates": [ 80.2075456, 12.9990239 ] } },
{ "type": "Feature", "properties": { "node_id": 313444496, "x": 80.2070333, "y": 12.9992362 }, "geometry": { "type": "Point", "coordinates": [ 80.2070333, 12.9992362 ] } },
{ "type": "Feature", "properties": { "node_id": 313444548, "x": 80.2067716, "y": 12.9996506 }, "geometry": { "type": "Point", "coordinates": [ 80.2067716, 12.9996506 ] } },
{ "type": "Feature", "properties": { "node_id": 313444563, "x": 80.2103276, "y": 12.9962478 }, "geometry": { "type": "Point", "coordinates": [ 80.2103276, 12.9962478 ] } },
{ "type": "Feature", "properties": { "node_id": 313444565, "x": 80.2102433, "y": 12.9954505 }, "geometry": { "type": "Point", "coordinates": [ 80.2102433, 12.9954505 ] } },
{ "type": "Feature", "properties": { "node_id": 313444567, "x": 80.2087885, "y": 12.9955333 }, "geometry": { "type": "Point", "coordinates": [ 80.2087885, 12.9955333 ] } },
{ "type": "Feature", "properties": { "node_id": 313444568, "x": 80.2098956, "y": 12.9962703 }, "geometry": { "type": "Point", "coordinates": [ 80.2098956, 12.9962703 ] } },
{ "type": "Feature", "properties": { "node_id": 313444569, "x": 80.2098605, "y": 12.9958173 }, "geometry": { "type": "Point", "coordinates": [ 80.2098605, 12.9958173 ] } },
{ "type": "Feature", "properties": { "node_id": 313857687, "x": 80.2163977, "y": 12.9725623 }, "geometry": { "type": "Point", "coordinates": [ 80.2163977, 12.9725623 ] } },
{ "type": "Feature", "properties": { "node_id": 313857689, "x": 80.2164019, "y": 12.9726539 }, "geometry": { "type": "Point", "coordinates": [ 80.2164019, 12.9726539 ] } },
{ "type": "Feature", "properties": { "node_id": 313857690, "x": 80.2164186, "y": 12.9730212 }, "geometry": { "type": "Point", "coordinates": [ 80.2164186, 12.9730212 ] } },
{ "type": "Feature", "properties": { "node_id": 313857691, "x": 80.2171933, "y": 12.9730033 }, "geometry": { "type": "Point", "coordinates": [ 80.2171933, 12.9730033 ] } },
{ "type": "Feature", "properties": { "node_id": 313857696, "x": 80.2176075, "y": 12.9718357 }, "geometry": { "type": "Point", "coordinates": [ 80.2176075, 12.9718357 ] } },
{ "type": "Feature", "properties": { "node_id": 313857697, "x": 80.2175333, "y": 12.9710802 }, "geometry": { "type": "Point", "coordinates": [ 80.2175333, 12.9710802 ] } },
{ "type": "Feature", "properties": { "node_id": 313857698, "x": 80.2180343, "y": 12.9713557 }, "geometry": { "type": "Point", "coordinates": [ 80.2180343, 12.9713557 ] } },
{ "type": "Feature", "properties": { "node_id": 313857699, "x": 80.2187139, "y": 12.9713 }, "geometry": { "type": "Point", "coordinates": [ 80.2187139, 12.9713 ] } },
{ "type": "Feature", "properties": { "node_id": 313857700, "x": 80.2190119, "y": 12.9738405 }, "geometry": { "type": "Point", "coordinates": [ 80.2190119, 12.9738405 ] } },
{ "type": "Feature", "properties": { "node_id": 313857702, "x": 80.2201188, "y": 12.9755981 }, "geometry": { "type": "Point", "coordinates": [ 80.2201188, 12.9755981 ] } },
{ "type": "Feature", "properties": { "node_id": 313857704, "x": 80.2199569, "y": 12.9751394 }, "geometry": { "type": "Point", "coordinates": [ 80.2199569, 12.9751394 ] } },
{ "type": "Feature", "properties": { "node_id": 313857707, "x": 80.2192021, "y": 12.9753251 }, "geometry": { "type": "Point", "coordinates": [ 80.2192021, 12.9753251 ] } },
{ "type": "Feature", "properties": { "node_id": 313857708, "x": 80.2171098, "y": 12.9722985 }, "geometry": { "type": "Point", "coordinates": [ 80.2171098, 12.9722985 ] } },
{ "type": "Feature", "properties": { "node_id": 313857709, "x": 80.2181057, "y": 12.9722677 }, "geometry": { "type": "Point", "coordinates": [ 80.2181057, 12.9722677 ] } },
{ "type": "Feature", "properties": { "node_id": 313857710, "x": 80.2150547, "y": 12.9732116 }, "geometry": { "type": "Point", "coordinates": [ 80.2150547, 12.9732116 ] } },
{ "type": "Feature", "properties": { "node_id": 313857711, "x": 80.2171697, "y": 12.9741773 }, "geometry": { "type": "Point", "coordinates": [ 80.2171697, 12.9741773 ] } },
{ "type": "Feature", "properties": { "node_id": 322806435, "x": 80.2045415, "y": 12.9651308 }, "geometry": { "type": "Point", "coordinates": [ 80.2045415, 12.9651308 ] } },
{ "type": "Feature", "properties": { "node_id": 325206177, "x": 80.2189178, "y": 12.9895322 }, "geometry": { "type": "Point", "coordinates": [ 80.2189178, 12.9895322 ] } },
{ "type": "Feature", "properties": { "node_id": 325206256, "x": 80.2185724, "y": 12.9885725 }, "geometry": { "type": "Point", "coordinates": [ 80.2185724, 12.9885725 ] } },
{ "type": "Feature", "properties": { "node_id": 325206353, "x": 80.2178309, "y": 12.9904582 }, "geometry": { "type": "Point", "coordinates": [ 80.2178309, 12.9904582 ] } },
{ "type": "Feature", "properties": { "node_id": 325206584, "x": 80.2181347, "y": 12.9909067 }, "geometry": { "type": "Point", "coordinates": [ 80.2181347, 12.9909067 ] } },
{ "type": "Feature", "properties": { "node_id": 325206636, "x": 80.2201224, "y": 12.9876066 }, "geometry": { "type": "Point", "coordinates": [ 80.2201224, 12.9876066 ] } },
{ "type": "Feature", "properties": { "node_id": 325206683, "x": 80.2229796, "y": 12.9859715 }, "geometry": { "type": "Point", "coordinates": [ 80.2229796, 12.9859715 ] } },
{ "type": "Feature", "properties": { "node_id": 325207106, "x": 80.2226639, "y": 12.9840511 }, "geometry": { "type": "Point", "coordinates": [ 80.2226639, 12.9840511 ] } },
{ "type": "Feature", "properties": { "node_id": 325207131, "x": 80.2218285, "y": 12.9842286 }, "geometry": { "type": "Point", "coordinates": [ 80.2218285, 12.9842286 ] } },
{ "type": "Feature", "properties": { "node_id": 325207171, "x": 80.2198983, "y": 12.9850431 }, "geometry": { "type": "Point", "coordinates": [ 80.2198983, 12.9850431 ] } },
{ "type": "Feature", "properties": { "node_id": 325207217, "x": 80.2199068, "y": 12.9844386 }, "geometry": { "type": "Point", "coordinates": [ 80.2199068, 12.9844386 ] } },
{ "type": "Feature", "properties": { "node_id": 325207251, "x": 80.2203291, "y": 12.9844422 }, "geometry": { "type": "Point", "coordinates": [ 80.2203291, 12.9844422 ] } },
{ "type": "Feature", "properties": { "node_id": 325207254, "x": 80.2203694, "y": 12.9850342 }, "geometry": { "type": "Point", "coordinates": [ 80.2203694, 12.9850342 ] } },
{ "type": "Feature", "properties": { "node_id": 325207257, "x": 80.2180065, "y": 12.9858545 }, "geometry": { "type": "Point", "coordinates": [ 80.2180065, 12.9858545 ] } },
{ "type": "Feature", "properties": { "node_id": 325207278, "x": 80.2190934, "y": 12.9843659 }, "geometry": { "type": "Point", "coordinates": [ 80.2190934, 12.9843659 ] } },
{ "type": "Feature", "properties": { "node_id": 325207279, "x": 80.2190836, "y": 12.9850341 }, "geometry": { "type": "Point", "coordinates": [ 80.2190836, 12.9850341 ] } },
{ "type": "Feature", "properties": { "node_id": 325207488, "x": 80.2183524, "y": 12.9874273 }, "geometry": { "type": "Point", "coordinates": [ 80.2183524, 12.9874273 ] } },
{ "type": "Feature", "properties": { "node_id": 325207996, "x": 80.2218989, "y": 12.9827629 }, "geometry": { "type": "Point", "coordinates": [ 80.2218989, 12.9827629 ] } },
{ "type": "Feature", "properties": { "node_id": 325208249, "x": 80.218709, "y": 12.9815596 }, "geometry": { "type": "Point", "coordinates": [ 80.218709, 12.9815596 ] } },
{ "type": "Feature", "properties": { "node_id": 325208583, "x": 80.224722, "y": 12.9847923 }, "geometry": { "type": "Point", "coordinates": [ 80.224722, 12.9847923 ] } },
{ "type": "Feature", "properties": { "node_id": 325208596, "x": 80.2251399, "y": 12.9841343 }, "geometry": { "type": "Point", "coordinates": [ 80.2251399, 12.9841343 ] } },
{ "type": "Feature", "properties": { "node_id": 325208906, "x": 80.2221099, "y": 12.9831615 }, "geometry": { "type": "Point", "coordinates": [ 80.2221099, 12.9831615 ] } },
{ "type": "Feature", "properties": { "node_id": 325208966, "x": 80.2218389, "y": 12.983189 }, "geometry": { "type": "Point", "coordinates": [ 80.2218389, 12.983189 ] } },
{ "type": "Feature", "properties": { "node_id": 325209149, "x": 80.2231798, "y": 12.9825398 }, "geometry": { "type": "Point", "coordinates": [ 80.2231798, 12.9825398 ] } },
{ "type": "Feature", "properties": { "node_id": 325209226, "x": 80.2271264, "y": 12.9832645 }, "geometry": { "type": "Point", "coordinates": [ 80.2271264, 12.9832645 ] } },
{ "type": "Feature", "properties": { "node_id": 325209255, "x": 80.2263595, "y": 12.9833181 }, "geometry": { "type": "Point", "coordinates": [ 80.2263595, 12.9833181 ] } },
{ "type": "Feature", "properties": { "node_id": 325209290, "x": 80.2267022, "y": 12.9827907 }, "geometry": { "type": "Point", "coordinates": [ 80.2267022, 12.9827907 ] } },
{ "type": "Feature", "properties": { "node_id": 325209310, "x": 80.2252919, "y": 12.9823656 }, "geometry": { "type": "Point", "coordinates": [ 80.2252919, 12.9823656 ] } },
{ "type": "Feature", "properties": { "node_id": 325209344, "x": 80.2241265, "y": 12.981374 }, "geometry": { "type": "Point", "coordinates": [ 80.2241265, 12.981374 ] } },
{ "type": "Feature", "properties": { "node_id": 325209345, "x": 80.2240867, "y": 12.982549 }, "geometry": { "type": "Point", "coordinates": [ 80.2240867, 12.982549 ] } },
{ "type": "Feature", "properties": { "node_id": 325209359, "x": 80.2241091, "y": 12.9818062 }, "geometry": { "type": "Point", "coordinates": [ 80.2241091, 12.9818062 ] } },
{ "type": "Feature", "properties": { "node_id": 325209363, "x": 80.2247761, "y": 12.9825666 }, "geometry": { "type": "Point", "coordinates": [ 80.2247761, 12.9825666 ] } },
{ "type": "Feature", "properties": { "node_id": 325209553, "x": 80.2230827, "y": 12.9807664 }, "geometry": { "type": "Point", "coordinates": [ 80.2230827, 12.9807664 ] } },
{ "type": "Feature", "properties": { "node_id": 325209556, "x": 80.2230439, "y": 12.981597 }, "geometry": { "type": "Point", "coordinates": [ 80.2230439, 12.981597 ] } },
{ "type": "Feature", "properties": { "node_id": 325209560, "x": 80.2227352, "y": 12.980757 }, "geometry": { "type": "Point", "coordinates": [ 80.2227352, 12.980757 ] } },
{ "type": "Feature", "properties": { "node_id": 325209567, "x": 80.2243359, "y": 12.9857412 }, "geometry": { "type": "Point", "coordinates": [ 80.2243359, 12.9857412 ] } },
{ "type": "Feature", "properties": { "node_id": 325209570, "x": 80.2249374, "y": 12.9851881 }, "geometry": { "type": "Point", "coordinates": [ 80.2249374, 12.9851881 ] } },
{ "type": "Feature", "properties": { "node_id": 325209625, "x": 80.226315, "y": 12.985111 }, "geometry": { "type": "Point", "coordinates": [ 80.226315, 12.985111 ] } },
{ "type": "Feature", "properties": { "node_id": 325209831, "x": 80.2235307, "y": 12.9774565 }, "geometry": { "type": "Point", "coordinates": [ 80.2235307, 12.9774565 ] } },
{ "type": "Feature", "properties": { "node_id": 325209833, "x": 80.2253806, "y": 12.9804998 }, "geometry": { "type": "Point", "coordinates": [ 80.2253806, 12.9804998 ] } },
{ "type": "Feature", "properties": { "node_id": 325209851, "x": 80.2253573, "y": 12.9809527 }, "geometry": { "type": "Point", "coordinates": [ 80.2253573, 12.9809527 ] } },
{ "type": "Feature", "properties": { "node_id": 325209921, "x": 80.2289483, "y": 12.9816523 }, "geometry": { "type": "Point", "coordinates": [ 80.2289483, 12.9816523 ] } },
{ "type": "Feature", "properties": { "node_id": 325209932, "x": 80.227998, "y": 12.9817402 }, "geometry": { "type": "Point", "coordinates": [ 80.227998, 12.9817402 ] } },
{ "type": "Feature", "properties": { "node_id": 325209943, "x": 80.2279514, "y": 12.9811039 }, "geometry": { "type": "Point", "coordinates": [ 80.2279514, 12.9811039 ] } },
{ "type": "Feature", "properties": { "node_id": 325209951, "x": 80.2281235, "y": 12.9829696 }, "geometry": { "type": "Point", "coordinates": [ 80.2281235, 12.9829696 ] } },
{ "type": "Feature", "properties": { "node_id": 325210015, "x": 80.2280324, "y": 12.9821752 }, "geometry": { "type": "Point", "coordinates": [ 80.2280324, 12.9821752 ] } },
{ "type": "Feature", "properties": { "node_id": 325210157, "x": 80.2263689, "y": 12.9801177 }, "geometry": { "type": "Point", "coordinates": [ 80.2263689, 12.9801177 ] } },
{ "type": "Feature", "properties": { "node_id": 325210158, "x": 80.2265295, "y": 12.9798171 }, "geometry": { "type": "Point", "coordinates": [ 80.2265295, 12.9798171 ] } },
{ "type": "Feature", "properties": { "node_id": 325210159, "x": 80.2266477, "y": 12.9793168 }, "geometry": { "type": "Point", "coordinates": [ 80.2266477, 12.9793168 ] } },
{ "type": "Feature", "properties": { "node_id": 325210162, "x": 80.2254699, "y": 12.9792498 }, "geometry": { "type": "Point", "coordinates": [ 80.2254699, 12.9792498 ] } },
{ "type": "Feature", "properties": { "node_id": 325210163, "x": 80.225412, "y": 12.9801076 }, "geometry": { "type": "Point", "coordinates": [ 80.225412, 12.9801076 ] } },
{ "type": "Feature", "properties": { "node_id": 325210170, "x": 80.2246817, "y": 12.9804795 }, "geometry": { "type": "Point", "coordinates": [ 80.2246817, 12.9804795 ] } },
{ "type": "Feature", "properties": { "node_id": 325210179, "x": 80.2235051, "y": 12.9785458 }, "geometry": { "type": "Point", "coordinates": [ 80.2235051, 12.9785458 ] } },
{ "type": "Feature", "properties": { "node_id": 325210202, "x": 80.2251372, "y": 12.9789896 }, "geometry": { "type": "Point", "coordinates": [ 80.2251372, 12.9789896 ] } },
{ "type": "Feature", "properties": { "node_id": 325210234, "x": 80.2234963, "y": 12.9789836 }, "geometry": { "type": "Point", "coordinates": [ 80.2234963, 12.9789836 ] } },
{ "type": "Feature", "properties": { "node_id": 325210242, "x": 80.2244896, "y": 12.9790009 }, "geometry": { "type": "Point", "coordinates": [ 80.2244896, 12.9790009 ] } },
{ "type": "Feature", "properties": { "node_id": 325210260, "x": 80.2237868, "y": 12.9795119 }, "geometry": { "type": "Point", "coordinates": [ 80.2237868, 12.9795119 ] } },
{ "type": "Feature", "properties": { "node_id": 325210282, "x": 80.2225848, "y": 12.9800751 }, "geometry": { "type": "Point", "coordinates": [ 80.2225848, 12.9800751 ] } },
{ "type": "Feature", "properties": { "node_id": 325210343, "x": 80.2231107, "y": 12.9800888 }, "geometry": { "type": "Point", "coordinates": [ 80.2231107, 12.9800888 ] } },
{ "type": "Feature", "properties": { "node_id": 325210401, "x": 80.2226964, "y": 12.977566 }, "geometry": { "type": "Point", "coordinates": [ 80.2226964, 12.977566 ] } },
{ "type": "Feature", "properties": { "node_id": 325210402, "x": 80.221206, "y": 12.9775013 }, "geometry": { "type": "Point", "coordinates": [ 80.221206, 12.9775013 ] } },
{ "type": "Feature", "properties": { "node_id": 329974712, "x": 80.2010703, "y": 12.9962597 }, "geometry": { "type": "Point", "coordinates": [ 80.2010703, 12.9962597 ] } },
{ "type": "Feature", "properties": { "node_id": 330401235, "x": 80.2082012, "y": 12.9772085 }, "geometry": { "type": "Point", "coordinates": [ 80.2082012, 12.9772085 ] } },
{ "type": "Feature", "properties": { "node_id": 330401238, "x": 80.2081329, "y": 12.9768013 }, "geometry": { "type": "Point", "coordinates": [ 80.2081329, 12.9768013 ] } },
{ "type": "Feature", "properties": { "node_id": 330401242, "x": 80.2089787, "y": 12.9784245 }, "geometry": { "type": "Point", "coordinates": [ 80.2089787, 12.9784245 ] } },
{ "type": "Feature", "properties": { "node_id": 330401245, "x": 80.2128289, "y": 12.9783732 }, "geometry": { "type": "Point", "coordinates": [ 80.2128289, 12.9783732 ] } },
{ "type": "Feature", "properties": { "node_id": 330401247, "x": 80.2122065, "y": 12.977805 }, "geometry": { "type": "Point", "coordinates": [ 80.2122065, 12.977805 ] } },
{ "type": "Feature", "properties": { "node_id": 330401249, "x": 80.2161626, "y": 12.9711221 }, "geometry": { "type": "Point", "coordinates": [ 80.2161626, 12.9711221 ] } },
{ "type": "Feature", "properties": { "node_id": 330401251, "x": 80.2161213, "y": 12.9706674 }, "geometry": { "type": "Point", "coordinates": [ 80.2161213, 12.9706674 ] } },
{ "type": "Feature", "properties": { "node_id": 330401256, "x": 80.2042667, "y": 12.9640099 }, "geometry": { "type": "Point", "coordinates": [ 80.2042667, 12.9640099 ] } },
{ "type": "Feature", "properties": { "node_id": 330401259, "x": 80.2044009, "y": 12.9645481 }, "geometry": { "type": "Point", "coordinates": [ 80.2044009, 12.9645481 ] } },
{ "type": "Feature", "properties": { "node_id": 330410493, "x": 80.2121411, "y": 12.9959755 }, "geometry": { "type": "Point", "coordinates": [ 80.2121411, 12.9959755 ] } },
{ "type": "Feature", "properties": { "node_id": 330410497, "x": 80.2125411, "y": 12.9958942 }, "geometry": { "type": "Point", "coordinates": [ 80.2125411, 12.9958942 ] } },
{ "type": "Feature", "properties": { "node_id": 330410500, "x": 80.2126662, "y": 12.9947021 }, "geometry": { "type": "Point", "coordinates": [ 80.2126662, 12.9947021 ] } },
{ "type": "Feature", "properties": { "node_id": 330410512, "x": 80.2127262, "y": 12.9917476 }, "geometry": { "type": "Point", "coordinates": [ 80.2127262, 12.9917476 ] } },
{ "type": "Feature", "properties": { "node_id": 330410518, "x": 80.2098005, "y": 12.9927011 }, "geometry": { "type": "Point", "coordinates": [ 80.2098005, 12.9927011 ] } },
{ "type": "Feature", "properties": { "node_id": 330410525, "x": 80.2093872, "y": 12.9914009 }, "geometry": { "type": "Point", "coordinates": [ 80.2093872, 12.9914009 ] } },
{ "type": "Feature", "properties": { "node_id": 330410526, "x": 80.2095861, "y": 12.9905645 }, "geometry": { "type": "Point", "coordinates": [ 80.2095861, 12.9905645 ] } },
{ "type": "Feature", "properties": { "node_id": 330410527, "x": 80.2087947, "y": 12.9931283 }, "geometry": { "type": "Point", "coordinates": [ 80.2087947, 12.9931283 ] } },
{ "type": "Feature", "properties": { "node_id": 330410528, "x": 80.2104827, "y": 12.9973019 }, "geometry": { "type": "Point", "coordinates": [ 80.2104827, 12.9973019 ] } },
{ "type": "Feature", "properties": { "node_id": 330410529, "x": 80.2112736, "y": 12.995644 }, "geometry": { "type": "Point", "coordinates": [ 80.2112736, 12.995644 ] } },
{ "type": "Feature", "properties": { "node_id": 330410530, "x": 80.2113726, "y": 12.9961316 }, "geometry": { "type": "Point", "coordinates": [ 80.2113726, 12.9961316 ] } },
{ "type": "Feature", "properties": { "node_id": 330410550, "x": 80.2080995, "y": 12.9930574 }, "geometry": { "type": "Point", "coordinates": [ 80.2080995, 12.9930574 ] } },
{ "type": "Feature", "properties": { "node_id": 330410558, "x": 80.2137035, "y": 12.993054 }, "geometry": { "type": "Point", "coordinates": [ 80.2137035, 12.993054 ] } },
{ "type": "Feature", "properties": { "node_id": 330412894, "x": 80.2086196, "y": 12.9964111 }, "geometry": { "type": "Point", "coordinates": [ 80.2086196, 12.9964111 ] } },
{ "type": "Feature", "properties": { "node_id": 330420098, "x": 80.2101377, "y": 12.9904151 }, "geometry": { "type": "Point", "coordinates": [ 80.2101377, 12.9904151 ] } },
{ "type": "Feature", "properties": { "node_id": 330420101, "x": 80.2110124, "y": 12.9901836 }, "geometry": { "type": "Point", "coordinates": [ 80.2110124, 12.9901836 ] } },
{ "type": "Feature", "properties": { "node_id": 330420108, "x": 80.2113094, "y": 12.9913117 }, "geometry": { "type": "Point", "coordinates": [ 80.2113094, 12.9913117 ] } },
{ "type": "Feature", "properties": { "node_id": 330420111, "x": 80.2115225, "y": 12.992071 }, "geometry": { "type": "Point", "coordinates": [ 80.2115225, 12.992071 ] } },
{ "type": "Feature", "properties": { "node_id": 330420114, "x": 80.2106883, "y": 12.9922864 }, "geometry": { "type": "Point", "coordinates": [ 80.2106883, 12.9922864 ] } },
{ "type": "Feature", "properties": { "node_id": 330420119, "x": 80.2098751, "y": 12.9921125 }, "geometry": { "type": "Point", "coordinates": [ 80.2098751, 12.9921125 ] } },
{ "type": "Feature", "properties": { "node_id": 330420126, "x": 80.2114244, "y": 12.9917028 }, "geometry": { "type": "Point", "coordinates": [ 80.2114244, 12.9917028 ] } },
{ "type": "Feature", "properties": { "node_id": 330420130, "x": 80.2136896, "y": 12.9906884 }, "geometry": { "type": "Point", "coordinates": [ 80.2136896, 12.9906884 ] } },
{ "type": "Feature", "properties": { "node_id": 330420139, "x": 80.2137882, "y": 12.9910876 }, "geometry": { "type": "Point", "coordinates": [ 80.2137882, 12.9910876 ] } },
{ "type": "Feature", "properties": { "node_id": 330420146, "x": 80.2143486, "y": 12.9896664 }, "geometry": { "type": "Point", "coordinates": [ 80.2143486, 12.9896664 ] } },
{ "type": "Feature", "properties": { "node_id": 330420162, "x": 80.2139988, "y": 12.9906073 }, "geometry": { "type": "Point", "coordinates": [ 80.2139988, 12.9906073 ] } },
{ "type": "Feature", "properties": { "node_id": 330420163, "x": 80.2133852, "y": 12.9907682 }, "geometry": { "type": "Point", "coordinates": [ 80.2133852, 12.9907682 ] } },
{ "type": "Feature", "properties": { "node_id": 330420169, "x": 80.2126489, "y": 12.9900362 }, "geometry": { "type": "Point", "coordinates": [ 80.2126489, 12.9900362 ] } },
{ "type": "Feature", "properties": { "node_id": 330420173, "x": 80.2116119, "y": 12.9912334 }, "geometry": { "type": "Point", "coordinates": [ 80.2116119, 12.9912334 ] } },
{ "type": "Feature", "properties": { "node_id": 330420175, "x": 80.2119358, "y": 12.990259 }, "geometry": { "type": "Point", "coordinates": [ 80.2119358, 12.990259 ] } },
{ "type": "Feature", "properties": { "node_id": 330420180, "x": 80.2113874, "y": 12.9904087 }, "geometry": { "type": "Point", "coordinates": [ 80.2113874, 12.9904087 ] } },
{ "type": "Feature", "properties": { "node_id": 330420197, "x": 80.2108458, "y": 12.9905196 }, "geometry": { "type": "Point", "coordinates": [ 80.2108458, 12.9905196 ] } },
{ "type": "Feature", "properties": { "node_id": 330420198, "x": 80.2102057, "y": 12.9906915 }, "geometry": { "type": "Point", "coordinates": [ 80.2102057, 12.9906915 ] } },
{ "type": "Feature", "properties": { "node_id": 330420199, "x": 80.2118028, "y": 12.9919889 }, "geometry": { "type": "Point", "coordinates": [ 80.2118028, 12.9919889 ] } },
{ "type": "Feature", "properties": { "node_id": 330420211, "x": 80.2111621, "y": 12.9930475 }, "geometry": { "type": "Point", "coordinates": [ 80.2111621, 12.9930475 ] } },
{ "type": "Feature", "properties": { "node_id": 330420229, "x": 80.2111809, "y": 12.9921552 }, "geometry": { "type": "Point", "coordinates": [ 80.2111809, 12.9921552 ] } },
{ "type": "Feature", "properties": { "node_id": 330420234, "x": 80.2132606, "y": 12.9924966 }, "geometry": { "type": "Point", "coordinates": [ 80.2132606, 12.9924966 ] } },
{ "type": "Feature", "properties": { "node_id": 330420240, "x": 80.2137569, "y": 12.9920834 }, "geometry": { "type": "Point", "coordinates": [ 80.2137569, 12.9920834 ] } },
{ "type": "Feature", "properties": { "node_id": 330420245, "x": 80.2094438, "y": 12.9898546 }, "geometry": { "type": "Point", "coordinates": [ 80.2094438, 12.9898546 ] } },
{ "type": "Feature", "properties": { "node_id": 330420263, "x": 80.2111031, "y": 12.989393 }, "geometry": { "type": "Point", "coordinates": [ 80.2111031, 12.989393 ] } },
{ "type": "Feature", "properties": { "node_id": 330420272, "x": 80.2111251, "y": 12.9897669 }, "geometry": { "type": "Point", "coordinates": [ 80.2111251, 12.9897669 ] } },
{ "type": "Feature", "properties": { "node_id": 330420309, "x": 80.2076785, "y": 12.9895647 }, "geometry": { "type": "Point", "coordinates": [ 80.2076785, 12.9895647 ] } },
{ "type": "Feature", "properties": { "node_id": 330420320, "x": 80.2084013, "y": 12.9893309 }, "geometry": { "type": "Point", "coordinates": [ 80.2084013, 12.9893309 ] } },
{ "type": "Feature", "properties": { "node_id": 330648061, "x": 80.2273367, "y": 12.9915499 }, "geometry": { "type": "Point", "coordinates": [ 80.2273367, 12.9915499 ] } },
{ "type": "Feature", "properties": { "node_id": 330648707, "x": 80.2228745, "y": 12.9895851 }, "geometry": { "type": "Point", "coordinates": [ 80.2228745, 12.9895851 ] } },
{ "type": "Feature", "properties": { "node_id": 330648711, "x": 80.2226086, "y": 12.989031 }, "geometry": { "type": "Point", "coordinates": [ 80.2226086, 12.989031 ] } },
{ "type": "Feature", "properties": { "node_id": 330648715, "x": 80.223191, "y": 12.9885309 }, "geometry": { "type": "Point", "coordinates": [ 80.223191, 12.9885309 ] } },
{ "type": "Feature", "properties": { "node_id": 330648719, "x": 80.2281449, "y": 12.9858832 }, "geometry": { "type": "Point", "coordinates": [ 80.2281449, 12.9858832 ] } },
{ "type": "Feature", "properties": { "node_id": 330648724, "x": 80.2282384, "y": 12.986924 }, "geometry": { "type": "Point", "coordinates": [ 80.2282384, 12.986924 ] } },
{ "type": "Feature", "properties": { "node_id": 330648749, "x": 80.2281813, "y": 12.9863158 }, "geometry": { "type": "Point", "coordinates": [ 80.2281813, 12.9863158 ] } },
{ "type": "Feature", "properties": { "node_id": 330648759, "x": 80.2273695, "y": 12.9865424 }, "geometry": { "type": "Point", "coordinates": [ 80.2273695, 12.9865424 ] } },
{ "type": "Feature", "properties": { "node_id": 330648763, "x": 80.2265731, "y": 12.9866564 }, "geometry": { "type": "Point", "coordinates": [ 80.2265731, 12.9866564 ] } },
{ "type": "Feature", "properties": { "node_id": 330648782, "x": 80.229848, "y": 12.9868492 }, "geometry": { "type": "Point", "coordinates": [ 80.229848, 12.9868492 ] } },
{ "type": "Feature", "properties": { "node_id": 330648800, "x": 80.2298666, "y": 12.9870774 }, "geometry": { "type": "Point", "coordinates": [ 80.2298666, 12.9870774 ] } },
{ "type": "Feature", "properties": { "node_id": 330648807, "x": 80.2296926, "y": 12.9857334 }, "geometry": { "type": "Point", "coordinates": [ 80.2296926, 12.9857334 ] } },
{ "type": "Feature", "properties": { "node_id": 330648822, "x": 80.2288141, "y": 12.9869098 }, "geometry": { "type": "Point", "coordinates": [ 80.2288141, 12.9869098 ] } },
{ "type": "Feature", "properties": { "node_id": 330648838, "x": 80.2297735, "y": 12.9864394 }, "geometry": { "type": "Point", "coordinates": [ 80.2297735, 12.9864394 ] } },
{ "type": "Feature", "properties": { "node_id": 330648843, "x": 80.2303928, "y": 12.9856589 }, "geometry": { "type": "Point", "coordinates": [ 80.2303928, 12.9856589 ] } },
{ "type": "Feature", "properties": { "node_id": 330648854, "x": 80.2306584, "y": 12.9856042 }, "geometry": { "type": "Point", "coordinates": [ 80.2306584, 12.9856042 ] } },
{ "type": "Feature", "properties": { "node_id": 330648857, "x": 80.2309909, "y": 12.9869354 }, "geometry": { "type": "Point", "coordinates": [ 80.2309909, 12.9869354 ] } },
{ "type": "Feature", "properties": { "node_id": 330648866, "x": 80.2319762, "y": 12.9851541 }, "geometry": { "type": "Point", "coordinates": [ 80.2319762, 12.9851541 ] } },
{ "type": "Feature", "properties": { "node_id": 330648870, "x": 80.2316013, "y": 12.9852906 }, "geometry": { "type": "Point", "coordinates": [ 80.2316013, 12.9852906 ] } },
{ "type": "Feature", "properties": { "node_id": 330648881, "x": 80.2311296, "y": 12.9854682 }, "geometry": { "type": "Point", "coordinates": [ 80.2311296, 12.9854682 ] } },
{ "type": "Feature", "properties": { "node_id": 330648898, "x": 80.2310122, "y": 12.985182 }, "geometry": { "type": "Point", "coordinates": [ 80.2310122, 12.985182 ] } },
{ "type": "Feature", "properties": { "node_id": 330648900, "x": 80.2315554, "y": 12.9849807 }, "geometry": { "type": "Point", "coordinates": [ 80.2315554, 12.9849807 ] } },
{ "type": "Feature", "properties": { "node_id": 330648908, "x": 80.2315128, "y": 12.9847715 }, "geometry": { "type": "Point", "coordinates": [ 80.2315128, 12.9847715 ] } },
{ "type": "Feature", "properties": { "node_id": 330648924, "x": 80.2296403, "y": 12.9838172 }, "geometry": { "type": "Point", "coordinates": [ 80.2296403, 12.9838172 ] } },
{ "type": "Feature", "properties": { "node_id": 330648927, "x": 80.2287272, "y": 12.9838421 }, "geometry": { "type": "Point", "coordinates": [ 80.2287272, 12.9838421 ] } },
{ "type": "Feature", "properties": { "node_id": 330648930, "x": 80.229663, "y": 12.9829829 }, "geometry": { "type": "Point", "coordinates": [ 80.229663, 12.9829829 ] } },
{ "type": "Feature", "properties": { "node_id": 330653119, "x": 80.228801, "y": 12.9846253 }, "geometry": { "type": "Point", "coordinates": [ 80.228801, 12.9846253 ] } },
{ "type": "Feature", "properties": { "node_id": 330653122, "x": 80.2295649, "y": 12.9845597 }, "geometry": { "type": "Point", "coordinates": [ 80.2295649, 12.9845597 ] } },
{ "type": "Feature", "properties": { "node_id": 330653128, "x": 80.229577, "y": 12.9849662 }, "geometry": { "type": "Point", "coordinates": [ 80.229577, 12.9849662 ] } },
{ "type": "Feature", "properties": { "node_id": 330653131, "x": 80.2288415, "y": 12.985075 }, "geometry": { "type": "Point", "coordinates": [ 80.2288415, 12.985075 ] } },
{ "type": "Feature", "properties": { "node_id": 330653136, "x": 80.2295686, "y": 12.9847515 }, "geometry": { "type": "Point", "coordinates": [ 80.2295686, 12.9847515 ] } },
{ "type": "Feature", "properties": { "node_id": 330653546, "x": 80.2362552, "y": 12.9831035 }, "geometry": { "type": "Point", "coordinates": [ 80.2362552, 12.9831035 ] } },
{ "type": "Feature", "properties": { "node_id": 330653556, "x": 80.2367182, "y": 12.9828307 }, "geometry": { "type": "Point", "coordinates": [ 80.2367182, 12.9828307 ] } },
{ "type": "Feature", "properties": { "node_id": 330653560, "x": 80.2368205, "y": 12.9831443 }, "geometry": { "type": "Point", "coordinates": [ 80.2368205, 12.9831443 ] } },
{ "type": "Feature", "properties": { "node_id": 330653587, "x": 80.2375333, "y": 12.9832598 }, "geometry": { "type": "Point", "coordinates": [ 80.2375333, 12.9832598 ] } },
{ "type": "Feature", "properties": { "node_id": 330653592, "x": 80.2375237, "y": 12.9838562 }, "geometry": { "type": "Point", "coordinates": [ 80.2375237, 12.9838562 ] } },
{ "type": "Feature", "properties": { "node_id": 330653631, "x": 80.2364349, "y": 12.9841387 }, "geometry": { "type": "Point", "coordinates": [ 80.2364349, 12.9841387 ] } },
{ "type": "Feature", "properties": { "node_id": 330653635, "x": 80.2363323, "y": 12.9839554 }, "geometry": { "type": "Point", "coordinates": [ 80.2363323, 12.9839554 ] } },
{ "type": "Feature", "properties": { "node_id": 330653645, "x": 80.237534, "y": 12.9836275 }, "geometry": { "type": "Point", "coordinates": [ 80.237534, 12.9836275 ] } },
{ "type": "Feature", "properties": { "node_id": 330653654, "x": 80.2371727, "y": 12.9834331 }, "geometry": { "type": "Point", "coordinates": [ 80.2371727, 12.9834331 ] } },
{ "type": "Feature", "properties": { "node_id": 330653663, "x": 80.2364815, "y": 12.9836572 }, "geometry": { "type": "Point", "coordinates": [ 80.2364815, 12.9836572 ] } },
{ "type": "Feature", "properties": { "node_id": 330653669, "x": 80.2362529, "y": 12.9837544 }, "geometry": { "type": "Point", "coordinates": [ 80.2362529, 12.9837544 ] } },
{ "type": "Feature", "properties": { "node_id": 330653673, "x": 80.2360747, "y": 12.9833649 }, "geometry": { "type": "Point", "coordinates": [ 80.2360747, 12.9833649 ] } },
{ "type": "Feature", "properties": { "node_id": 330653742, "x": 80.2378753, "y": 12.9833872 }, "geometry": { "type": "Point", "coordinates": [ 80.2378753, 12.9833872 ] } },
{ "type": "Feature", "properties": { "node_id": 330653765, "x": 80.2377373, "y": 12.9827083 }, "geometry": { "type": "Point", "coordinates": [ 80.2377373, 12.9827083 ] } },
{ "type": "Feature", "properties": { "node_id": 330653776, "x": 80.2373301, "y": 12.9831915 }, "geometry": { "type": "Point", "coordinates": [ 80.2373301, 12.9831915 ] } },
{ "type": "Feature", "properties": { "node_id": 330653800, "x": 80.2372774, "y": 12.9827971 }, "geometry": { "type": "Point", "coordinates": [ 80.2372774, 12.9827971 ] } },
{ "type": "Feature", "properties": { "node_id": 330653818, "x": 80.2375095, "y": 12.9827515 }, "geometry": { "type": "Point", "coordinates": [ 80.2375095, 12.9827515 ] } },
{ "type": "Feature", "properties": { "node_id": 330780887, "x": 80.2325579, "y": 12.9830949 }, "geometry": { "type": "Point", "coordinates": [ 80.2325579, 12.9830949 ] } },
{ "type": "Feature", "properties": { "node_id": 330780891, "x": 80.2346251, "y": 12.9827909 }, "geometry": { "type": "Point", "coordinates": [ 80.2346251, 12.9827909 ] } },
{ "type": "Feature", "properties": { "node_id": 330780893, "x": 80.231374, "y": 12.9834894 }, "geometry": { "type": "Point", "coordinates": [ 80.231374, 12.9834894 ] } },
{ "type": "Feature", "properties": { "node_id": 338222919, "x": 80.2236553, "y": 12.9825453 }, "geometry": { "type": "Point", "coordinates": [ 80.2236553, 12.9825453 ] } },
{ "type": "Feature", "properties": { "node_id": 338222927, "x": 80.2144024, "y": 12.9799048 }, "geometry": { "type": "Point", "coordinates": [ 80.2144024, 12.9799048 ] } },
{ "type": "Feature", "properties": { "node_id": 338222942, "x": 80.2150757, "y": 12.9784772 }, "geometry": { "type": "Point", "coordinates": [ 80.2150757, 12.9784772 ] } },
{ "type": "Feature", "properties": { "node_id": 338222949, "x": 80.2152943, "y": 12.9773901 }, "geometry": { "type": "Point", "coordinates": [ 80.2152943, 12.9773901 ] } },
{ "type": "Feature", "properties": { "node_id": 338222978, "x": 80.1989077, "y": 12.9765005 }, "geometry": { "type": "Point", "coordinates": [ 80.1989077, 12.9765005 ] } },
{ "type": "Feature", "properties": { "node_id": 338222985, "x": 80.1989337, "y": 12.9757978 }, "geometry": { "type": "Point", "coordinates": [ 80.1989337, 12.9757978 ] } },
{ "type": "Feature", "properties": { "node_id": 338222995, "x": 80.1990995, "y": 12.9780477 }, "geometry": { "type": "Point", "coordinates": [ 80.1990995, 12.9780477 ] } },
{ "type": "Feature", "properties": { "node_id": 338223119, "x": 80.2047838, "y": 12.9660667 }, "geometry": { "type": "Point", "coordinates": [ 80.2047838, 12.9660667 ] } },
{ "type": "Feature", "properties": { "node_id": 338223125, "x": 80.204837, "y": 12.9663713 }, "geometry": { "type": "Point", "coordinates": [ 80.204837, 12.9663713 ] } },
{ "type": "Feature", "properties": { "node_id": 338223131, "x": 80.2049463, "y": 12.9669377 }, "geometry": { "type": "Point", "coordinates": [ 80.2049463, 12.9669377 ] } },
{ "type": "Feature", "properties": { "node_id": 338223137, "x": 80.2049809, "y": 12.9702515 }, "geometry": { "type": "Point", "coordinates": [ 80.2049809, 12.9702515 ] } },
{ "type": "Feature", "properties": { "node_id": 338223142, "x": 80.2042521, "y": 12.9792317 }, "geometry": { "type": "Point", "coordinates": [ 80.2042521, 12.9792317 ] } },
{ "type": "Feature", "properties": { "node_id": 338223148, "x": 80.2043252, "y": 12.9796189 }, "geometry": { "type": "Point", "coordinates": [ 80.2043252, 12.9796189 ] } },
{ "type": "Feature", "properties": { "node_id": 338223155, "x": 80.2015602, "y": 12.9812329 }, "geometry": { "type": "Point", "coordinates": [ 80.2015602, 12.9812329 ] } },
{ "type": "Feature", "properties": { "node_id": 338223162, "x": 80.2099403, "y": 12.9862228 }, "geometry": { "type": "Point", "coordinates": [ 80.2099403, 12.9862228 ] } },
{ "type": "Feature", "properties": { "node_id": 338223169, "x": 80.2090418, "y": 12.9862476 }, "geometry": { "type": "Point", "coordinates": [ 80.2090418, 12.9862476 ] } },
{ "type": "Feature", "properties": { "node_id": 338223175, "x": 80.2091043, "y": 12.9854953 }, "geometry": { "type": "Point", "coordinates": [ 80.2091043, 12.9854953 ] } },
{ "type": "Feature", "properties": { "node_id": 338223181, "x": 80.2002149, "y": 12.9861402 }, "geometry": { "type": "Point", "coordinates": [ 80.2002149, 12.9861402 ] } },
{ "type": "Feature", "properties": { "node_id": 338223186, "x": 80.1991754, "y": 12.9858133 }, "geometry": { "type": "Point", "coordinates": [ 80.1991754, 12.9858133 ] } },
{ "type": "Feature", "properties": { "node_id": 338223192, "x": 80.1991289, "y": 12.9882337 }, "geometry": { "type": "Point", "coordinates": [ 80.1991289, 12.9882337 ] } },
{ "type": "Feature", "properties": { "node_id": 338223198, "x": 80.1995632, "y": 12.9880986 }, "geometry": { "type": "Point", "coordinates": [ 80.1995632, 12.9880986 ] } },
{ "type": "Feature", "properties": { "node_id": 338223207, "x": 80.2061326, "y": 12.9901842 }, "geometry": { "type": "Point", "coordinates": [ 80.2061326, 12.9901842 ] } },
{ "type": "Feature", "properties": { "node_id": 338223214, "x": 80.2069014, "y": 12.9898151 }, "geometry": { "type": "Point", "coordinates": [ 80.2069014, 12.9898151 ] } },
{ "type": "Feature", "properties": { "node_id": 338223221, "x": 80.2062495, "y": 12.9918504 }, "geometry": { "type": "Point", "coordinates": [ 80.2062495, 12.9918504 ] } },
{ "type": "Feature", "properties": { "node_id": 338223227, "x": 80.2066589, "y": 12.9916884 }, "geometry": { "type": "Point", "coordinates": [ 80.2066589, 12.9916884 ] } },
{ "type": "Feature", "properties": { "node_id": 338223232, "x": 80.2295247, "y": 12.9824175 }, "geometry": { "type": "Point", "coordinates": [ 80.2295247, 12.9824175 ] } },
{ "type": "Feature", "properties": { "node_id": 338223241, "x": 80.2306772, "y": 12.9822352 }, "geometry": { "type": "Point", "coordinates": [ 80.2306772, 12.9822352 ] } },
{ "type": "Feature", "properties": { "node_id": 338223248, "x": 80.2260006, "y": 12.9748515 }, "geometry": { "type": "Point", "coordinates": [ 80.2260006, 12.9748515 ] } },
{ "type": "Feature", "properties": { "node_id": 338223254, "x": 80.2271631, "y": 12.9749469 }, "geometry": { "type": "Point", "coordinates": [ 80.2271631, 12.9749469 ] } },
{ "type": "Feature", "properties": { "node_id": 338223258, "x": 80.2204437, "y": 12.971013 }, "geometry": { "type": "Point", "coordinates": [ 80.2204437, 12.971013 ] } },
{ "type": "Feature", "properties": { "node_id": 338223259, "x": 80.2186878, "y": 12.9758716 }, "geometry": { "type": "Point", "coordinates": [ 80.2186878, 12.9758716 ] } },
{ "type": "Feature", "properties": { "node_id": 338223260, "x": 80.2016092, "y": 12.985005 }, "geometry": { "type": "Point", "coordinates": [ 80.2016092, 12.985005 ] } },
{ "type": "Feature", "properties": { "node_id": 338223272, "x": 80.2179249, "y": 12.984981 }, "geometry": { "type": "Point", "coordinates": [ 80.2179249, 12.984981 ] } },
{ "type": "Feature", "properties": { "node_id": 338223280, "x": 80.2129426, "y": 12.9860566 }, "geometry": { "type": "Point", "coordinates": [ 80.2129426, 12.9860566 ] } },
{ "type": "Feature", "properties": { "node_id": 338238785, "x": 80.2089611, "y": 12.9649525 }, "geometry": { "type": "Point", "coordinates": [ 80.2089611, 12.9649525 ] } },
{ "type": "Feature", "properties": { "node_id": 338238791, "x": 80.207351, "y": 12.9685635 }, "geometry": { "type": "Point", "coordinates": [ 80.207351, 12.9685635 ] } },
{ "type": "Feature", "properties": { "node_id": 338238795, "x": 80.2091405, "y": 12.9683547 }, "geometry": { "type": "Point", "coordinates": [ 80.2091405, 12.9683547 ] } },
{ "type": "Feature", "properties": { "node_id": 338238799, "x": 80.2093131, "y": 12.9712748 }, "geometry": { "type": "Point", "coordinates": [ 80.2093131, 12.9712748 ] } },
{ "type": "Feature", "properties": { "node_id": 338238808, "x": 80.2055516, "y": 12.9674561 }, "geometry": { "type": "Point", "coordinates": [ 80.2055516, 12.9674561 ] } },
{ "type": "Feature", "properties": { "node_id": 338238821, "x": 80.2052204, "y": 12.9687307 }, "geometry": { "type": "Point", "coordinates": [ 80.2052204, 12.9687307 ] } },
{ "type": "Feature", "properties": { "node_id": 338238827, "x": 80.2049968, "y": 12.9678081 }, "geometry": { "type": "Point", "coordinates": [ 80.2049968, 12.9678081 ] } },
{ "type": "Feature", "properties": { "node_id": 338238832, "x": 80.20491, "y": 12.9687878 }, "geometry": { "type": "Point", "coordinates": [ 80.20491, 12.9687878 ] } },
{ "type": "Feature", "properties": { "node_id": 338238876, "x": 80.202122, "y": 12.9664411 }, "geometry": { "type": "Point", "coordinates": [ 80.202122, 12.9664411 ] } },
{ "type": "Feature", "properties": { "node_id": 338238883, "x": 80.2026713, "y": 12.9674338 }, "geometry": { "type": "Point", "coordinates": [ 80.2026713, 12.9674338 ] } },
{ "type": "Feature", "properties": { "node_id": 338238890, "x": 80.2023642, "y": 12.9669385 }, "geometry": { "type": "Point", "coordinates": [ 80.2023642, 12.9669385 ] } },
{ "type": "Feature", "properties": { "node_id": 338238896, "x": 80.203744, "y": 12.9671936 }, "geometry": { "type": "Point", "coordinates": [ 80.203744, 12.9671936 ] } },
{ "type": "Feature", "properties": { "node_id": 338238901, "x": 80.2028425, "y": 12.9677978 }, "geometry": { "type": "Point", "coordinates": [ 80.2028425, 12.9677978 ] } },
{ "type": "Feature", "properties": { "node_id": 338238910, "x": 80.2030575, "y": 12.9681501 }, "geometry": { "type": "Point", "coordinates": [ 80.2030575, 12.9681501 ] } },
{ "type": "Feature", "properties": { "node_id": 338238919, "x": 80.2039495, "y": 12.9680169 }, "geometry": { "type": "Point", "coordinates": [ 80.2039495, 12.9680169 ] } },
{ "type": "Feature", "properties": { "node_id": 338238948, "x": 80.2057224, "y": 12.9706214 }, "geometry": { "type": "Point", "coordinates": [ 80.2057224, 12.9706214 ] } },
{ "type": "Feature", "properties": { "node_id": 338238961, "x": 80.2056521, "y": 12.9701756 }, "geometry": { "type": "Point", "coordinates": [ 80.2056521, 12.9701756 ] } },
{ "type": "Feature", "properties": { "node_id": 338238981, "x": 80.2044118, "y": 12.9711152 }, "geometry": { "type": "Point", "coordinates": [ 80.2044118, 12.9711152 ] } },
{ "type": "Feature", "properties": { "node_id": 338239003, "x": 80.2046899, "y": 12.9727609 }, "geometry": { "type": "Point", "coordinates": [ 80.2046899, 12.9727609 ] } },
{ "type": "Feature", "properties": { "node_id": 338239013, "x": 80.2052251, "y": 12.9727093 }, "geometry": { "type": "Point", "coordinates": [ 80.2052251, 12.9727093 ] } },
{ "type": "Feature", "properties": { "node_id": 338239045, "x": 80.2032669, "y": 12.9704854 }, "geometry": { "type": "Point", "coordinates": [ 80.2032669, 12.9704854 ] } },
{ "type": "Feature", "properties": { "node_id": 338239046, "x": 80.206327, "y": 12.970035 }, "geometry": { "type": "Point", "coordinates": [ 80.206327, 12.970035 ] } },
{ "type": "Feature", "properties": { "node_id": 338239048, "x": 80.2059665, "y": 12.9701436 }, "geometry": { "type": "Point", "coordinates": [ 80.2059665, 12.9701436 ] } },
{ "type": "Feature", "properties": { "node_id": 338239067, "x": 80.2008077, "y": 12.972421 }, "geometry": { "type": "Point", "coordinates": [ 80.2008077, 12.972421 ] } },
{ "type": "Feature", "properties": { "node_id": 338239077, "x": 80.201633, "y": 12.9724629 }, "geometry": { "type": "Point", "coordinates": [ 80.201633, 12.9724629 ] } },
{ "type": "Feature", "properties": { "node_id": 338239084, "x": 80.2019125, "y": 12.9730626 }, "geometry": { "type": "Point", "coordinates": [ 80.2019125, 12.9730626 ] } },
{ "type": "Feature", "properties": { "node_id": 338239089, "x": 80.2020479, "y": 12.9736881 }, "geometry": { "type": "Point", "coordinates": [ 80.2020479, 12.9736881 ] } },
{ "type": "Feature", "properties": { "node_id": 338239105, "x": 80.1982861, "y": 12.9735542 }, "geometry": { "type": "Point", "coordinates": [ 80.1982861, 12.9735542 ] } },
{ "type": "Feature", "properties": { "node_id": 338239110, "x": 80.1981943, "y": 12.9729523 }, "geometry": { "type": "Point", "coordinates": [ 80.1981943, 12.9729523 ] } },
{ "type": "Feature", "properties": { "node_id": 338239118, "x": 80.1989662, "y": 12.9727978 }, "geometry": { "type": "Point", "coordinates": [ 80.1989662, 12.9727978 ] } },
{ "type": "Feature", "properties": { "node_id": 338239198, "x": 80.2033321, "y": 12.9731974 }, "geometry": { "type": "Point", "coordinates": [ 80.2033321, 12.9731974 ] } },
{ "type": "Feature", "properties": { "node_id": 338239207, "x": 80.2032006, "y": 12.9737516 }, "geometry": { "type": "Point", "coordinates": [ 80.2032006, 12.9737516 ] } },
{ "type": "Feature", "properties": { "node_id": 338239225, "x": 80.2021413, "y": 12.9738558 }, "geometry": { "type": "Point", "coordinates": [ 80.2021413, 12.9738558 ] } },
{ "type": "Feature", "properties": { "node_id": 338239272, "x": 80.2019844, "y": 12.9719888 }, "geometry": { "type": "Point", "coordinates": [ 80.2019844, 12.9719888 ] } },
{ "type": "Feature", "properties": { "node_id": 338239279, "x": 80.2026529, "y": 12.9719245 }, "geometry": { "type": "Point", "coordinates": [ 80.2026529, 12.9719245 ] } },
{ "type": "Feature", "properties": { "node_id": 338239284, "x": 80.2012571, "y": 12.972078 }, "geometry": { "type": "Point", "coordinates": [ 80.2012571, 12.972078 ] } },
{ "type": "Feature", "properties": { "node_id": 338249904, "x": 80.2053884, "y": 12.9741776 }, "geometry": { "type": "Point", "coordinates": [ 80.2053884, 12.9741776 ] } },
{ "type": "Feature", "properties": { "node_id": 338249906, "x": 80.2041294, "y": 12.9734235 }, "geometry": { "type": "Point", "coordinates": [ 80.2041294, 12.9734235 ] } },
{ "type": "Feature", "properties": { "node_id": 338249907, "x": 80.2042248, "y": 12.9740548 }, "geometry": { "type": "Point", "coordinates": [ 80.2042248, 12.9740548 ] } },
{ "type": "Feature", "properties": { "node_id": 338249908, "x": 80.2023738, "y": 12.9730002 }, "geometry": { "type": "Point", "coordinates": [ 80.2023738, 12.9730002 ] } },
{ "type": "Feature", "properties": { "node_id": 338249910, "x": 80.2026539, "y": 12.9727956 }, "geometry": { "type": "Point", "coordinates": [ 80.2026539, 12.9727956 ] } },
{ "type": "Feature", "properties": { "node_id": 338249911, "x": 80.2030049, "y": 12.9727673 }, "geometry": { "type": "Point", "coordinates": [ 80.2030049, 12.9727673 ] } },
{ "type": "Feature", "properties": { "node_id": 338249913, "x": 80.2061924, "y": 12.9730165 }, "geometry": { "type": "Point", "coordinates": [ 80.2061924, 12.9730165 ] } },
{ "type": "Feature", "properties": { "node_id": 338249915, "x": 80.2077555, "y": 12.9717807 }, "geometry": { "type": "Point", "coordinates": [ 80.2077555, 12.9717807 ] } },
{ "type": "Feature", "properties": { "node_id": 338249916, "x": 80.2065137, "y": 12.9719542 }, "geometry": { "type": "Point", "coordinates": [ 80.2065137, 12.9719542 ] } },
{ "type": "Feature", "properties": { "node_id": 338249917, "x": 80.2071128, "y": 12.9745956 }, "geometry": { "type": "Point", "coordinates": [ 80.2071128, 12.9745956 ] } },
{ "type": "Feature", "properties": { "node_id": 338249919, "x": 80.2070387, "y": 12.974204 }, "geometry": { "type": "Point", "coordinates": [ 80.2070387, 12.974204 ] } },
{ "type": "Feature", "properties": { "node_id": 338249921, "x": 80.2075289, "y": 12.9741855 }, "geometry": { "type": "Point", "coordinates": [ 80.2075289, 12.9741855 ] } },
{ "type": "Feature", "properties": { "node_id": 338249922, "x": 80.2075646, "y": 12.9746245 }, "geometry": { "type": "Point", "coordinates": [ 80.2075646, 12.9746245 ] } },
{ "type": "Feature", "properties": { "node_id": 338249923, "x": 80.2079562, "y": 12.9747105 }, "geometry": { "type": "Point", "coordinates": [ 80.2079562, 12.9747105 ] } },
{ "type": "Feature", "properties": { "node_id": 338249924, "x": 80.2065882, "y": 12.9744382 }, "geometry": { "type": "Point", "coordinates": [ 80.2065882, 12.9744382 ] } },
{ "type": "Feature", "properties": { "node_id": 338249925, "x": 80.2054173, "y": 12.9745272 }, "geometry": { "type": "Point", "coordinates": [ 80.2054173, 12.9745272 ] } },
{ "type": "Feature", "properties": { "node_id": 338249926, "x": 80.2065377, "y": 12.9739796 }, "geometry": { "type": "Point", "coordinates": [ 80.2065377, 12.9739796 ] } },
{ "type": "Feature", "properties": { "node_id": 338249927, "x": 80.2058415, "y": 12.9740439 }, "geometry": { "type": "Point", "coordinates": [ 80.2058415, 12.9740439 ] } },
{ "type": "Feature", "properties": { "node_id": 338249928, "x": 80.2058917, "y": 12.974489 }, "geometry": { "type": "Point", "coordinates": [ 80.2058917, 12.974489 ] } },
{ "type": "Feature", "properties": { "node_id": 338249929, "x": 80.2058188, "y": 12.9735965 }, "geometry": { "type": "Point", "coordinates": [ 80.2058188, 12.9735965 ] } },
{ "type": "Feature", "properties": { "node_id": 338249930, "x": 80.2064849, "y": 12.973532 }, "geometry": { "type": "Point", "coordinates": [ 80.2064849, 12.973532 ] } },
{ "type": "Feature", "properties": { "node_id": 338249931, "x": 80.2053263, "y": 12.9735996 }, "geometry": { "type": "Point", "coordinates": [ 80.2053263, 12.9735996 ] } },
{ "type": "Feature", "properties": { "node_id": 338249932, "x": 80.2049584, "y": 12.9754688 }, "geometry": { "type": "Point", "coordinates": [ 80.2049584, 12.9754688 ] } },
{ "type": "Feature", "properties": { "node_id": 338249933, "x": 80.2055979, "y": 12.9759394 }, "geometry": { "type": "Point", "coordinates": [ 80.2055979, 12.9759394 ] } },
{ "type": "Feature", "properties": { "node_id": 338249935, "x": 80.2066676, "y": 12.9754022 }, "geometry": { "type": "Point", "coordinates": [ 80.2066676, 12.9754022 ] } },
{ "type": "Feature", "properties": { "node_id": 338249938, "x": 80.2070887, "y": 12.9753681 }, "geometry": { "type": "Point", "coordinates": [ 80.2070887, 12.9753681 ] } },
{ "type": "Feature", "properties": { "node_id": 338249939, "x": 80.2055371, "y": 12.9754912 }, "geometry": { "type": "Point", "coordinates": [ 80.2055371, 12.9754912 ] } },
{ "type": "Feature", "properties": { "node_id": 338249943, "x": 80.2043786, "y": 12.976802 }, "geometry": { "type": "Point", "coordinates": [ 80.2043786, 12.976802 ] } },
{ "type": "Feature", "properties": { "node_id": 338249944, "x": 80.203775, "y": 12.9762664 }, "geometry": { "type": "Point", "coordinates": [ 80.203775, 12.9762664 ] } },
{ "type": "Feature", "properties": { "node_id": 338249946, "x": 80.205659, "y": 12.9763548 }, "geometry": { "type": "Point", "coordinates": [ 80.205659, 12.9763548 ] } },
{ "type": "Feature", "properties": { "node_id": 338249955, "x": 80.200366, "y": 12.9760779 }, "geometry": { "type": "Point", "coordinates": [ 80.200366, 12.9760779 ] } },
{ "type": "Feature", "properties": { "node_id": 338249960, "x": 80.2004154, "y": 12.9768007 }, "geometry": { "type": "Point", "coordinates": [ 80.2004154, 12.9768007 ] } },
{ "type": "Feature", "properties": { "node_id": 338249973, "x": 80.2007812, "y": 12.9768119 }, "geometry": { "type": "Point", "coordinates": [ 80.2007812, 12.9768119 ] } },
{ "type": "Feature", "properties": { "node_id": 338249983, "x": 80.201146, "y": 12.9762205 }, "geometry": { "type": "Point", "coordinates": [ 80.201146, 12.9762205 ] } },
{ "type": "Feature", "properties": { "node_id": 338250020, "x": 80.2015426, "y": 12.9779997 }, "geometry": { "type": "Point", "coordinates": [ 80.2015426, 12.9779997 ] } },
{ "type": "Feature", "properties": { "node_id": 338250029, "x": 80.2015737, "y": 12.9770068 }, "geometry": { "type": "Point", "coordinates": [ 80.2015737, 12.9770068 ] } },
{ "type": "Feature", "properties": { "node_id": 338250040, "x": 80.2015462, "y": 12.9777621 }, "geometry": { "type": "Point", "coordinates": [ 80.2015462, 12.9777621 ] } },
{ "type": "Feature", "properties": { "node_id": 338250044, "x": 80.2011928, "y": 12.9770497 }, "geometry": { "type": "Point", "coordinates": [ 80.2011928, 12.9770497 ] } },
{ "type": "Feature", "properties": { "node_id": 338250045, "x": 80.2021501, "y": 12.9769325 }, "geometry": { "type": "Point", "coordinates": [ 80.2021501, 12.9769325 ] } },
{ "type": "Feature", "properties": { "node_id": 338250046, "x": 80.2015844, "y": 12.9766838 }, "geometry": { "type": "Point", "coordinates": [ 80.2015844, 12.9766838 ] } },
{ "type": "Feature", "properties": { "node_id": 338250047, "x": 80.2000714, "y": 12.9768071 }, "geometry": { "type": "Point", "coordinates": [ 80.2000714, 12.9768071 ] } },
{ "type": "Feature", "properties": { "node_id": 338250048, "x": 80.2000495, "y": 12.9763807 }, "geometry": { "type": "Point", "coordinates": [ 80.2000495, 12.9763807 ] } },
{ "type": "Feature", "properties": { "node_id": 338250049, "x": 80.2023433, "y": 12.976421 }, "geometry": { "type": "Point", "coordinates": [ 80.2023433, 12.976421 ] } },
{ "type": "Feature", "properties": { "node_id": 338250050, "x": 80.2023414, "y": 12.9757463 }, "geometry": { "type": "Point", "coordinates": [ 80.2023414, 12.9757463 ] } },
{ "type": "Feature", "properties": { "node_id": 338250051, "x": 80.2023389, "y": 12.9759368 }, "geometry": { "type": "Point", "coordinates": [ 80.2023389, 12.9759368 ] } },
{ "type": "Feature", "properties": { "node_id": 338250053, "x": 80.2021379, "y": 12.9759291 }, "geometry": { "type": "Point", "coordinates": [ 80.2021379, 12.9759291 ] } },
{ "type": "Feature", "properties": { "node_id": 338250054, "x": 80.2021456, "y": 12.9760712 }, "geometry": { "type": "Point", "coordinates": [ 80.2021456, 12.9760712 ] } },
{ "type": "Feature", "properties": { "node_id": 338250059, "x": 80.2023466, "y": 12.976267 }, "geometry": { "type": "Point", "coordinates": [ 80.2023466, 12.976267 ] } },
{ "type": "Feature", "properties": { "node_id": 338250063, "x": 80.2032049, "y": 12.9762286 }, "geometry": { "type": "Point", "coordinates": [ 80.2032049, 12.9762286 ] } },
{ "type": "Feature", "properties": { "node_id": 338250067, "x": 80.2037563, "y": 12.9761659 }, "geometry": { "type": "Point", "coordinates": [ 80.2037563, 12.9761659 ] } },
{ "type": "Feature", "properties": { "node_id": 338250070, "x": 80.2027639, "y": 12.9762466 }, "geometry": { "type": "Point", "coordinates": [ 80.2027639, 12.9762466 ] } },
{ "type": "Feature", "properties": { "node_id": 338250073, "x": 80.2027562, "y": 12.9757617 }, "geometry": { "type": "Point", "coordinates": [ 80.2027562, 12.9757617 ] } },
{ "type": "Feature", "properties": { "node_id": 338250077, "x": 80.2031789, "y": 12.9758144 }, "geometry": { "type": "Point", "coordinates": [ 80.2031789, 12.9758144 ] } },
{ "type": "Feature", "properties": { "node_id": 338250081, "x": 80.2036816, "y": 12.9758015 }, "geometry": { "type": "Point", "coordinates": [ 80.2036816, 12.9758015 ] } },
{ "type": "Feature", "properties": { "node_id": 338250085, "x": 80.2035046, "y": 12.9758438 }, "geometry": { "type": "Point", "coordinates": [ 80.2035046, 12.9758438 ] } },
{ "type": "Feature", "properties": { "node_id": 338250089, "x": 80.2036162, "y": 12.9755056 }, "geometry": { "type": "Point", "coordinates": [ 80.2036162, 12.9755056 ] } },
{ "type": "Feature", "properties": { "node_id": 338250093, "x": 80.2030332, "y": 12.9756967 }, "geometry": { "type": "Point", "coordinates": [ 80.2030332, 12.9756967 ] } },
{ "type": "Feature", "properties": { "node_id": 338250098, "x": 80.2035931, "y": 12.9753552 }, "geometry": { "type": "Point", "coordinates": [ 80.2035931, 12.9753552 ] } },
{ "type": "Feature", "properties": { "node_id": 338250107, "x": 80.2079338, "y": 12.9727103 }, "geometry": { "type": "Point", "coordinates": [ 80.2079338, 12.9727103 ] } },
{ "type": "Feature", "properties": { "node_id": 338250110, "x": 80.2088469, "y": 12.9725533 }, "geometry": { "type": "Point", "coordinates": [ 80.2088469, 12.9725533 ] } },
{ "type": "Feature", "properties": { "node_id": 338250159, "x": 80.2078171, "y": 12.9722706 }, "geometry": { "type": "Point", "coordinates": [ 80.2078171, 12.9722706 ] } },
{ "type": "Feature", "properties": { "node_id": 338250166, "x": 80.2089384, "y": 12.9715862 }, "geometry": { "type": "Point", "coordinates": [ 80.2089384, 12.9715862 ] } },
{ "type": "Feature", "properties": { "node_id": 338250169, "x": 80.2093363, "y": 12.9722852 }, "geometry": { "type": "Point", "coordinates": [ 80.2093363, 12.9722852 ] } },
{ "type": "Feature", "properties": { "node_id": 338250266, "x": 80.1994753, "y": 12.9656355 }, "geometry": { "type": "Point", "coordinates": [ 80.1994753, 12.9656355 ] } },
{ "type": "Feature", "properties": { "node_id": 338250271, "x": 80.2003799, "y": 12.9673369 }, "geometry": { "type": "Point", "coordinates": [ 80.2003799, 12.9673369 ] } },
{ "type": "Feature", "properties": { "node_id": 338250278, "x": 80.1983528, "y": 12.9666219 }, "geometry": { "type": "Point", "coordinates": [ 80.1983528, 12.9666219 ] } },
{ "type": "Feature", "properties": { "node_id": 338250287, "x": 80.1996083, "y": 12.9663657 }, "geometry": { "type": "Point", "coordinates": [ 80.1996083, 12.9663657 ] } },
{ "type": "Feature", "properties": { "node_id": 338250330, "x": 80.1981848, "y": 12.9660321 }, "geometry": { "type": "Point", "coordinates": [ 80.1981848, 12.9660321 ] } },
{ "type": "Feature", "properties": { "node_id": 338250338, "x": 80.1994933, "y": 12.9657445 }, "geometry": { "type": "Point", "coordinates": [ 80.1994933, 12.9657445 ] } },
{ "type": "Feature", "properties": { "node_id": 338250346, "x": 80.1985614, "y": 12.9648709 }, "geometry": { "type": "Point", "coordinates": [ 80.1985614, 12.9648709 ] } },
{ "type": "Feature", "properties": { "node_id": 338250359, "x": 80.1980178, "y": 12.9647756 }, "geometry": { "type": "Point", "coordinates": [ 80.1980178, 12.9647756 ] } },
{ "type": "Feature", "properties": { "node_id": 338250418, "x": 80.2008409, "y": 12.9649441 }, "geometry": { "type": "Point", "coordinates": [ 80.2008409, 12.9649441 ] } },
{ "type": "Feature", "properties": { "node_id": 338250433, "x": 80.2006194, "y": 12.9654851 }, "geometry": { "type": "Point", "coordinates": [ 80.2006194, 12.9654851 ] } },
{ "type": "Feature", "properties": { "node_id": 338250438, "x": 80.2005194, "y": 12.9650095 }, "geometry": { "type": "Point", "coordinates": [ 80.2005194, 12.9650095 ] } },
{ "type": "Feature", "properties": { "node_id": 338282591, "x": 80.2188686, "y": 12.9705616 }, "geometry": { "type": "Point", "coordinates": [ 80.2188686, 12.9705616 ] } },
{ "type": "Feature", "properties": { "node_id": 338282602, "x": 80.2195902, "y": 12.972368 }, "geometry": { "type": "Point", "coordinates": [ 80.2195902, 12.972368 ] } },
{ "type": "Feature", "properties": { "node_id": 338282605, "x": 80.2193805, "y": 12.9718843 }, "geometry": { "type": "Point", "coordinates": [ 80.2193805, 12.9718843 ] } },
{ "type": "Feature", "properties": { "node_id": 338282639, "x": 80.2172131, "y": 12.9735438 }, "geometry": { "type": "Point", "coordinates": [ 80.2172131, 12.9735438 ] } },
{ "type": "Feature", "properties": { "node_id": 338282645, "x": 80.2171898, "y": 12.9735591 }, "geometry": { "type": "Point", "coordinates": [ 80.2171898, 12.9735591 ] } },
{ "type": "Feature", "properties": { "node_id": 338341070, "x": 80.2103576, "y": 12.9759411 }, "geometry": { "type": "Point", "coordinates": [ 80.2103576, 12.9759411 ] } },
{ "type": "Feature", "properties": { "node_id": 338341083, "x": 80.2093803, "y": 12.9759274 }, "geometry": { "type": "Point", "coordinates": [ 80.2093803, 12.9759274 ] } },
{ "type": "Feature", "properties": { "node_id": 338341110, "x": 80.2186844, "y": 12.9697168 }, "geometry": { "type": "Point", "coordinates": [ 80.2186844, 12.9697168 ] } },
{ "type": "Feature", "properties": { "node_id": 338341116, "x": 80.2181293, "y": 12.9683361 }, "geometry": { "type": "Point", "coordinates": [ 80.2181293, 12.9683361 ] } },
{ "type": "Feature", "properties": { "node_id": 338406414, "x": 80.2204467, "y": 12.9701126 }, "geometry": { "type": "Point", "coordinates": [ 80.2204467, 12.9701126 ] } },
{ "type": "Feature", "properties": { "node_id": 338406415, "x": 80.2204517, "y": 12.9697776 }, "geometry": { "type": "Point", "coordinates": [ 80.2204517, 12.9697776 ] } },
{ "type": "Feature", "properties": { "node_id": 338406416, "x": 80.2241127, "y": 12.9698845 }, "geometry": { "type": "Point", "coordinates": [ 80.2241127, 12.9698845 ] } },
{ "type": "Feature", "properties": { "node_id": 338406419, "x": 80.2223734, "y": 12.9725698 }, "geometry": { "type": "Point", "coordinates": [ 80.2223734, 12.9725698 ] } },
{ "type": "Feature", "properties": { "node_id": 338406481, "x": 80.2211844, "y": 12.9723157 }, "geometry": { "type": "Point", "coordinates": [ 80.2211844, 12.9723157 ] } },
{ "type": "Feature", "properties": { "node_id": 338406517, "x": 80.2199781, "y": 12.9733833 }, "geometry": { "type": "Point", "coordinates": [ 80.2199781, 12.9733833 ] } },
{ "type": "Feature", "properties": { "node_id": 338406531, "x": 80.2219517, "y": 12.9757501 }, "geometry": { "type": "Point", "coordinates": [ 80.2219517, 12.9757501 ] } },
{ "type": "Feature", "properties": { "node_id": 338406537, "x": 80.2233787, "y": 12.9761907 }, "geometry": { "type": "Point", "coordinates": [ 80.2233787, 12.9761907 ] } },
{ "type": "Feature", "properties": { "node_id": 338406543, "x": 80.2226719, "y": 12.9756732 }, "geometry": { "type": "Point", "coordinates": [ 80.2226719, 12.9756732 ] } },
{ "type": "Feature", "properties": { "node_id": 338406544, "x": 80.2231874, "y": 12.9748906 }, "geometry": { "type": "Point", "coordinates": [ 80.2231874, 12.9748906 ] } },
{ "type": "Feature", "properties": { "node_id": 338406545, "x": 80.2231776, "y": 12.9751538 }, "geometry": { "type": "Point", "coordinates": [ 80.2231776, 12.9751538 ] } },
{ "type": "Feature", "properties": { "node_id": 338406546, "x": 80.222617, "y": 12.9748255 }, "geometry": { "type": "Point", "coordinates": [ 80.222617, 12.9748255 ] } },
{ "type": "Feature", "properties": { "node_id": 338406549, "x": 80.2219008, "y": 12.9749637 }, "geometry": { "type": "Point", "coordinates": [ 80.2219008, 12.9749637 ] } },
{ "type": "Feature", "properties": { "node_id": 338406554, "x": 80.2226906, "y": 12.9751649 }, "geometry": { "type": "Point", "coordinates": [ 80.2226906, 12.9751649 ] } },
{ "type": "Feature", "properties": { "node_id": 338406562, "x": 80.2224526, "y": 12.9750627 }, "geometry": { "type": "Point", "coordinates": [ 80.2224526, 12.9750627 ] } },
{ "type": "Feature", "properties": { "node_id": 338406569, "x": 80.2216913, "y": 12.975568 }, "geometry": { "type": "Point", "coordinates": [ 80.2216913, 12.975568 ] } },
{ "type": "Feature", "properties": { "node_id": 338406589, "x": 80.2223191, "y": 12.975721 }, "geometry": { "type": "Point", "coordinates": [ 80.2223191, 12.975721 ] } },
{ "type": "Feature", "properties": { "node_id": 338406601, "x": 80.2227741, "y": 12.9765357 }, "geometry": { "type": "Point", "coordinates": [ 80.2227741, 12.9765357 ] } },
{ "type": "Feature", "properties": { "node_id": 338406630, "x": 80.2184067, "y": 12.9800506 }, "geometry": { "type": "Point", "coordinates": [ 80.2184067, 12.9800506 ] } },
{ "type": "Feature", "properties": { "node_id": 338406637, "x": 80.2180746, "y": 12.9810724 }, "geometry": { "type": "Point", "coordinates": [ 80.2180746, 12.9810724 ] } },
{ "type": "Feature", "properties": { "node_id": 338406648, "x": 80.2178536, "y": 12.982412 }, "geometry": { "type": "Point", "coordinates": [ 80.2178536, 12.982412 ] } },
{ "type": "Feature", "properties": { "node_id": 338406658, "x": 80.2178505, "y": 12.9852018 }, "geometry": { "type": "Point", "coordinates": [ 80.2178505, 12.9852018 ] } },
{ "type": "Feature", "properties": { "node_id": 338406669, "x": 80.217889, "y": 12.9856366 }, "geometry": { "type": "Point", "coordinates": [ 80.217889, 12.9856366 ] } },
{ "type": "Feature", "properties": { "node_id": 338406678, "x": 80.2179865, "y": 12.9861744 }, "geometry": { "type": "Point", "coordinates": [ 80.2179865, 12.9861744 ] } },
{ "type": "Feature", "properties": { "node_id": 338406694, "x": 80.2182229, "y": 12.9874624 }, "geometry": { "type": "Point", "coordinates": [ 80.2182229, 12.9874624 ] } },
{ "type": "Feature", "properties": { "node_id": 338406725, "x": 80.2184145, "y": 12.9883099 }, "geometry": { "type": "Point", "coordinates": [ 80.2184145, 12.9883099 ] } },
{ "type": "Feature", "properties": { "node_id": 338406731, "x": 80.2184992, "y": 12.9886272 }, "geometry": { "type": "Point", "coordinates": [ 80.2184992, 12.9886272 ] } },
{ "type": "Feature", "properties": { "node_id": 338406737, "x": 80.2187914, "y": 12.9895792 }, "geometry": { "type": "Point", "coordinates": [ 80.2187914, 12.9895792 ] } },
{ "type": "Feature", "properties": { "node_id": 338406743, "x": 80.2189838, "y": 12.9900885 }, "geometry": { "type": "Point", "coordinates": [ 80.2189838, 12.9900885 ] } },
{ "type": "Feature", "properties": { "node_id": 338406748, "x": 80.219162, "y": 12.9905819 }, "geometry": { "type": "Point", "coordinates": [ 80.219162, 12.9905819 ] } },
{ "type": "Feature", "properties": { "node_id": 338406760, "x": 80.2194481, "y": 12.9916914 }, "geometry": { "type": "Point", "coordinates": [ 80.2194481, 12.9916914 ] } },
{ "type": "Feature", "properties": { "node_id": 338406831, "x": 80.2146081, "y": 12.9866988 }, "geometry": { "type": "Point", "coordinates": [ 80.2146081, 12.9866988 ] } },
{ "type": "Feature", "properties": { "node_id": 338406836, "x": 80.2145819, "y": 12.9854935 }, "geometry": { "type": "Point", "coordinates": [ 80.2145819, 12.9854935 ] } },
{ "type": "Feature", "properties": { "node_id": 338406860, "x": 80.2214036, "y": 12.9759943 }, "geometry": { "type": "Point", "coordinates": [ 80.2214036, 12.9759943 ] } },
{ "type": "Feature", "properties": { "node_id": 338417876, "x": 80.2244943, "y": 12.9786684 }, "geometry": { "type": "Point", "coordinates": [ 80.2244943, 12.9786684 ] } },
{ "type": "Feature", "properties": { "node_id": 338417879, "x": 80.2244906, "y": 12.9795298 }, "geometry": { "type": "Point", "coordinates": [ 80.2244906, 12.9795298 ] } },
{ "type": "Feature", "properties": { "node_id": 338417885, "x": 80.2254419, "y": 12.9797346 }, "geometry": { "type": "Point", "coordinates": [ 80.2254419, 12.9797346 ] } },
{ "type": "Feature", "properties": { "node_id": 338417891, "x": 80.2261846, "y": 12.9796415 }, "geometry": { "type": "Point", "coordinates": [ 80.2261846, 12.9796415 ] } },
{ "type": "Feature", "properties": { "node_id": 338417897, "x": 80.2248679, "y": 12.9792278 }, "geometry": { "type": "Point", "coordinates": [ 80.2248679, 12.9792278 ] } },
{ "type": "Feature", "properties": { "node_id": 338417903, "x": 80.2254229, "y": 12.9799712 }, "geometry": { "type": "Point", "coordinates": [ 80.2254229, 12.9799712 ] } },
{ "type": "Feature", "properties": { "node_id": 338417906, "x": 80.223144, "y": 12.9772234 }, "geometry": { "type": "Point", "coordinates": [ 80.223144, 12.9772234 ] } },
{ "type": "Feature", "properties": { "node_id": 338440033, "x": 80.2199697, "y": 12.9876831 }, "geometry": { "type": "Point", "coordinates": [ 80.2199697, 12.9876831 ] } },
{ "type": "Feature", "properties": { "node_id": 338440035, "x": 80.2196329, "y": 12.9868709 }, "geometry": { "type": "Point", "coordinates": [ 80.2196329, 12.9868709 ] } },
{ "type": "Feature", "properties": { "node_id": 338440036, "x": 80.212124, "y": 12.9828497 }, "geometry": { "type": "Point", "coordinates": [ 80.212124, 12.9828497 ] } },
{ "type": "Feature", "properties": { "node_id": 338440038, "x": 80.2103908, "y": 12.9866539 }, "geometry": { "type": "Point", "coordinates": [ 80.2103908, 12.9866539 ] } },
{ "type": "Feature", "properties": { "node_id": 338440041, "x": 80.2104135, "y": 12.987002 }, "geometry": { "type": "Point", "coordinates": [ 80.2104135, 12.987002 ] } },
{ "type": "Feature", "properties": { "node_id": 338440044, "x": 80.2099615, "y": 12.9866446 }, "geometry": { "type": "Point", "coordinates": [ 80.2099615, 12.9866446 ] } },
{ "type": "Feature", "properties": { "node_id": 338440047, "x": 80.209044, "y": 12.9843492 }, "geometry": { "type": "Point", "coordinates": [ 80.209044, 12.9843492 ] } },
{ "type": "Feature", "properties": { "node_id": 338440049, "x": 80.2078561, "y": 12.9862222 }, "geometry": { "type": "Point", "coordinates": [ 80.2078561, 12.9862222 ] } },
{ "type": "Feature", "properties": { "node_id": 338440186, "x": 80.2222179, "y": 12.9863942 }, "geometry": { "type": "Point", "coordinates": [ 80.2222179, 12.9863942 ] } },
{ "type": "Feature", "properties": { "node_id": 338440189, "x": 80.2223641, "y": 12.9872452 }, "geometry": { "type": "Point", "coordinates": [ 80.2223641, 12.9872452 ] } },
{ "type": "Feature", "properties": { "node_id": 338440191, "x": 80.2153595, "y": 12.9935921 }, "geometry": { "type": "Point", "coordinates": [ 80.2153595, 12.9935921 ] } },
{ "type": "Feature", "properties": { "node_id": 338440193, "x": 80.2152256, "y": 12.9932318 }, "geometry": { "type": "Point", "coordinates": [ 80.2152256, 12.9932318 ] } },
{ "type": "Feature", "properties": { "node_id": 338440200, "x": 80.2165386, "y": 12.993069 }, "geometry": { "type": "Point", "coordinates": [ 80.2165386, 12.993069 ] } },
{ "type": "Feature", "properties": { "node_id": 338440202, "x": 80.2172987, "y": 12.9941155 }, "geometry": { "type": "Point", "coordinates": [ 80.2172987, 12.9941155 ] } },
{ "type": "Feature", "properties": { "node_id": 338440205, "x": 80.2167466, "y": 12.9946012 }, "geometry": { "type": "Point", "coordinates": [ 80.2167466, 12.9946012 ] } },
{ "type": "Feature", "properties": { "node_id": 338440214, "x": 80.2174862, "y": 12.9938922 }, "geometry": { "type": "Point", "coordinates": [ 80.2174862, 12.9938922 ] } },
{ "type": "Feature", "properties": { "node_id": 338440220, "x": 80.217129, "y": 12.994323 }, "geometry": { "type": "Point", "coordinates": [ 80.217129, 12.994323 ] } },
{ "type": "Feature", "properties": { "node_id": 338440222, "x": 80.2163309, "y": 12.9932014 }, "geometry": { "type": "Point", "coordinates": [ 80.2163309, 12.9932014 ] } },
{ "type": "Feature", "properties": { "node_id": 338440223, "x": 80.216771, "y": 12.992914 }, "geometry": { "type": "Point", "coordinates": [ 80.216771, 12.992914 ] } },
{ "type": "Feature", "properties": { "node_id": 338440225, "x": 80.2161228, "y": 12.9933438 }, "geometry": { "type": "Point", "coordinates": [ 80.2161228, 12.9933438 ] } },
{ "type": "Feature", "properties": { "node_id": 338440232, "x": 80.2159148, "y": 12.9934751 }, "geometry": { "type": "Point", "coordinates": [ 80.2159148, 12.9934751 ] } },
{ "type": "Feature", "properties": { "node_id": 338440245, "x": 80.2156088, "y": 12.9930359 }, "geometry": { "type": "Point", "coordinates": [ 80.2156088, 12.9930359 ] } },
{ "type": "Feature", "properties": { "node_id": 338440252, "x": 80.2169082, "y": 12.9945112 }, "geometry": { "type": "Point", "coordinates": [ 80.2169082, 12.9945112 ] } },
{ "type": "Feature", "properties": { "node_id": 338440253, "x": 80.2157133, "y": 12.9923306 }, "geometry": { "type": "Point", "coordinates": [ 80.2157133, 12.9923306 ] } },
{ "type": "Feature", "properties": { "node_id": 338440255, "x": 80.2154975, "y": 12.9931159 }, "geometry": { "type": "Point", "coordinates": [ 80.2154975, 12.9931159 ] } },
{ "type": "Feature", "properties": { "node_id": 338440257, "x": 80.2158304, "y": 12.9936637 }, "geometry": { "type": "Point", "coordinates": [ 80.2158304, 12.9936637 ] } },
{ "type": "Feature", "properties": { "node_id": 338440260, "x": 80.2129132, "y": 12.9932423 }, "geometry": { "type": "Point", "coordinates": [ 80.2129132, 12.9932423 ] } },
{ "type": "Feature", "properties": { "node_id": 338440263, "x": 80.21567, "y": 12.9885887 }, "geometry": { "type": "Point", "coordinates": [ 80.21567, 12.9885887 ] } },
{ "type": "Feature", "properties": { "node_id": 338440271, "x": 80.2162505, "y": 12.9896216 }, "geometry": { "type": "Point", "coordinates": [ 80.2162505, 12.9896216 ] } },
{ "type": "Feature", "properties": { "node_id": 338440272, "x": 80.2163098, "y": 12.989104 }, "geometry": { "type": "Point", "coordinates": [ 80.2163098, 12.989104 ] } },
{ "type": "Feature", "properties": { "node_id": 338440274, "x": 80.2157754, "y": 12.9890954 }, "geometry": { "type": "Point", "coordinates": [ 80.2157754, 12.9890954 ] } },
{ "type": "Feature", "properties": { "node_id": 338440292, "x": 80.2156755, "y": 12.9902542 }, "geometry": { "type": "Point", "coordinates": [ 80.2156755, 12.9902542 ] } },
{ "type": "Feature", "properties": { "node_id": 338440293, "x": 80.2183136, "y": 12.9878381 }, "geometry": { "type": "Point", "coordinates": [ 80.2183136, 12.9878381 ] } },
{ "type": "Feature", "properties": { "node_id": 338440297, "x": 80.2175131, "y": 12.9880357 }, "geometry": { "type": "Point", "coordinates": [ 80.2175131, 12.9880357 ] } },
{ "type": "Feature", "properties": { "node_id": 338461031, "x": 80.226268, "y": 12.9772219 }, "geometry": { "type": "Point", "coordinates": [ 80.226268, 12.9772219 ] } },
{ "type": "Feature", "properties": { "node_id": 338461054, "x": 80.2276749, "y": 12.9776691 }, "geometry": { "type": "Point", "coordinates": [ 80.2276749, 12.9776691 ] } },
{ "type": "Feature", "properties": { "node_id": 338461071, "x": 80.2262508, "y": 12.9776026 }, "geometry": { "type": "Point", "coordinates": [ 80.2262508, 12.9776026 ] } },
{ "type": "Feature", "properties": { "node_id": 338461081, "x": 80.225402, "y": 12.9769774 }, "geometry": { "type": "Point", "coordinates": [ 80.225402, 12.9769774 ] } },
{ "type": "Feature", "properties": { "node_id": 338461084, "x": 80.2253446, "y": 12.9777619 }, "geometry": { "type": "Point", "coordinates": [ 80.2253446, 12.9777619 ] } },
{ "type": "Feature", "properties": { "node_id": 338461089, "x": 80.2263102, "y": 12.9769897 }, "geometry": { "type": "Point", "coordinates": [ 80.2263102, 12.9769897 ] } },
{ "type": "Feature", "properties": { "node_id": 338461093, "x": 80.2257467, "y": 12.9766018 }, "geometry": { "type": "Point", "coordinates": [ 80.2257467, 12.9766018 ] } },
{ "type": "Feature", "properties": { "node_id": 338461163, "x": 80.2221791, "y": 12.9753555 }, "geometry": { "type": "Point", "coordinates": [ 80.2221791, 12.9753555 ] } },
{ "type": "Feature", "properties": { "node_id": 338461174, "x": 80.2288747, "y": 12.9768089 }, "geometry": { "type": "Point", "coordinates": [ 80.2288747, 12.9768089 ] } },
{ "type": "Feature", "properties": { "node_id": 338461183, "x": 80.2288429, "y": 12.978381 }, "geometry": { "type": "Point", "coordinates": [ 80.2288429, 12.978381 ] } },
{ "type": "Feature", "properties": { "node_id": 338461201, "x": 80.2305181, "y": 12.977031 }, "geometry": { "type": "Point", "coordinates": [ 80.2305181, 12.977031 ] } },
{ "type": "Feature", "properties": { "node_id": 338461207, "x": 80.229311, "y": 12.9805685 }, "geometry": { "type": "Point", "coordinates": [ 80.229311, 12.9805685 ] } },
{ "type": "Feature", "properties": { "node_id": 338461216, "x": 80.2292977, "y": 12.9796443 }, "geometry": { "type": "Point", "coordinates": [ 80.2292977, 12.9796443 ] } },
{ "type": "Feature", "properties": { "node_id": 338461249, "x": 80.2293123, "y": 12.9775367 }, "geometry": { "type": "Point", "coordinates": [ 80.2293123, 12.9775367 ] } },
{ "type": "Feature", "properties": { "node_id": 338461263, "x": 80.2304142, "y": 12.9780983 }, "geometry": { "type": "Point", "coordinates": [ 80.2304142, 12.9780983 ] } },
{ "type": "Feature", "properties": { "node_id": 338461267, "x": 80.2316609, "y": 12.9781607 }, "geometry": { "type": "Point", "coordinates": [ 80.2316609, 12.9781607 ] } },
{ "type": "Feature", "properties": { "node_id": 338461274, "x": 80.2326102, "y": 12.9771428 }, "geometry": { "type": "Point", "coordinates": [ 80.2326102, 12.9771428 ] } },
{ "type": "Feature", "properties": { "node_id": 338461288, "x": 80.2331047, "y": 12.9786543 }, "geometry": { "type": "Point", "coordinates": [ 80.2331047, 12.9786543 ] } },
{ "type": "Feature", "properties": { "node_id": 338461292, "x": 80.2321276, "y": 12.9785951 }, "geometry": { "type": "Point", "coordinates": [ 80.2321276, 12.9785951 ] } },
{ "type": "Feature", "properties": { "node_id": 338461296, "x": 80.232137, "y": 12.9795563 }, "geometry": { "type": "Point", "coordinates": [ 80.232137, 12.9795563 ] } },
{ "type": "Feature", "properties": { "node_id": 338461299, "x": 80.2317676, "y": 12.9795581 }, "geometry": { "type": "Point", "coordinates": [ 80.2317676, 12.9795581 ] } },
{ "type": "Feature", "properties": { "node_id": 338461302, "x": 80.2321329, "y": 12.9792253 }, "geometry": { "type": "Point", "coordinates": [ 80.2321329, 12.9792253 ] } },
{ "type": "Feature", "properties": { "node_id": 338461315, "x": 80.2321222, "y": 12.9789259 }, "geometry": { "type": "Point", "coordinates": [ 80.2321222, 12.9789259 ] } },
{ "type": "Feature", "properties": { "node_id": 338461336, "x": 80.231449, "y": 12.9786022 }, "geometry": { "type": "Point", "coordinates": [ 80.231449, 12.9786022 ] } },
{ "type": "Feature", "properties": { "node_id": 338461359, "x": 80.231174, "y": 12.9781375 }, "geometry": { "type": "Point", "coordinates": [ 80.231174, 12.9781375 ] } },
{ "type": "Feature", "properties": { "node_id": 338461377, "x": 80.2297818, "y": 12.9796502 }, "geometry": { "type": "Point", "coordinates": [ 80.2297818, 12.9796502 ] } },
{ "type": "Feature", "properties": { "node_id": 338461380, "x": 80.2298601, "y": 12.9804994 }, "geometry": { "type": "Point", "coordinates": [ 80.2298601, 12.9804994 ] } },
{ "type": "Feature", "properties": { "node_id": 338461383, "x": 80.2303864, "y": 12.9804466 }, "geometry": { "type": "Point", "coordinates": [ 80.2303864, 12.9804466 ] } },
{ "type": "Feature", "properties": { "node_id": 338461386, "x": 80.2299573, "y": 12.9808628 }, "geometry": { "type": "Point", "coordinates": [ 80.2299573, 12.9808628 ] } },
{ "type": "Feature", "properties": { "node_id": 338461388, "x": 80.2312281, "y": 12.9809667 }, "geometry": { "type": "Point", "coordinates": [ 80.2312281, 12.9809667 ] } },
{ "type": "Feature", "properties": { "node_id": 338461391, "x": 80.2303194, "y": 12.9809136 }, "geometry": { "type": "Point", "coordinates": [ 80.2303194, 12.9809136 ] } },
{ "type": "Feature", "properties": { "node_id": 338461394, "x": 80.2298271, "y": 12.9800969 }, "geometry": { "type": "Point", "coordinates": [ 80.2298271, 12.9800969 ] } },
{ "type": "Feature", "properties": { "node_id": 338461399, "x": 80.2310796, "y": 12.9796633 }, "geometry": { "type": "Point", "coordinates": [ 80.2310796, 12.9796633 ] } },
{ "type": "Feature", "properties": { "node_id": 338461403, "x": 80.2217575, "y": 12.9762417 }, "geometry": { "type": "Point", "coordinates": [ 80.2217575, 12.9762417 ] } },
{ "type": "Feature", "properties": { "node_id": 338461405, "x": 80.2222642, "y": 12.976552 }, "geometry": { "type": "Point", "coordinates": [ 80.2222642, 12.976552 ] } },
{ "type": "Feature", "properties": { "node_id": 338461408, "x": 80.2292641, "y": 12.9807953 }, "geometry": { "type": "Point", "coordinates": [ 80.2292641, 12.9807953 ] } },
{ "type": "Feature", "properties": { "node_id": 338461410, "x": 80.2212104, "y": 12.9770381 }, "geometry": { "type": "Point", "coordinates": [ 80.2212104, 12.9770381 ] } },
{ "type": "Feature", "properties": { "node_id": 338461412, "x": 80.2218668, "y": 12.9770335 }, "geometry": { "type": "Point", "coordinates": [ 80.2218668, 12.9770335 ] } },
{ "type": "Feature", "properties": { "node_id": 338461428, "x": 80.2222232, "y": 12.977541 }, "geometry": { "type": "Point", "coordinates": [ 80.2222232, 12.977541 ] } },
{ "type": "Feature", "properties": { "node_id": 338461433, "x": 80.2222622, "y": 12.9769545 }, "geometry": { "type": "Point", "coordinates": [ 80.2222622, 12.9769545 ] } },
{ "type": "Feature", "properties": { "node_id": 338461438, "x": 80.2253337, "y": 12.9813316 }, "geometry": { "type": "Point", "coordinates": [ 80.2253337, 12.9813316 ] } },
{ "type": "Feature", "properties": { "node_id": 338461443, "x": 80.2259448, "y": 12.9813864 }, "geometry": { "type": "Point", "coordinates": [ 80.2259448, 12.9813864 ] } },
{ "type": "Feature", "properties": { "node_id": 338461444, "x": 80.2263053, "y": 12.9816352 }, "geometry": { "type": "Point", "coordinates": [ 80.2263053, 12.9816352 ] } },
{ "type": "Feature", "properties": { "node_id": 338461446, "x": 80.2267286, "y": 12.981642 }, "geometry": { "type": "Point", "coordinates": [ 80.2267286, 12.981642 ] } },
{ "type": "Feature", "properties": { "node_id": 338461455, "x": 80.2288124, "y": 12.9847405 }, "geometry": { "type": "Point", "coordinates": [ 80.2288124, 12.9847405 ] } },
{ "type": "Feature", "properties": { "node_id": 338461469, "x": 80.2303649, "y": 12.9829387 }, "geometry": { "type": "Point", "coordinates": [ 80.2303649, 12.9829387 ] } },
{ "type": "Feature", "properties": { "node_id": 338461488, "x": 80.2342304, "y": 12.9812879 }, "geometry": { "type": "Point", "coordinates": [ 80.2342304, 12.9812879 ] } },
{ "type": "Feature", "properties": { "node_id": 338461524, "x": 80.2342088, "y": 12.9811862 }, "geometry": { "type": "Point", "coordinates": [ 80.2342088, 12.9811862 ] } },
{ "type": "Feature", "properties": { "node_id": 338461551, "x": 80.233255, "y": 12.9806957 }, "geometry": { "type": "Point", "coordinates": [ 80.233255, 12.9806957 ] } },
{ "type": "Feature", "properties": { "node_id": 338461555, "x": 80.2331913, "y": 12.9793061 }, "geometry": { "type": "Point", "coordinates": [ 80.2331913, 12.9793061 ] } },
{ "type": "Feature", "properties": { "node_id": 338461563, "x": 80.2323405, "y": 12.9807974 }, "geometry": { "type": "Point", "coordinates": [ 80.2323405, 12.9807974 ] } },
{ "type": "Feature", "properties": { "node_id": 338461571, "x": 80.2332766, "y": 12.9802276 }, "geometry": { "type": "Point", "coordinates": [ 80.2332766, 12.9802276 ] } },
{ "type": "Feature", "properties": { "node_id": 338461576, "x": 80.2323771, "y": 12.9803578 }, "geometry": { "type": "Point", "coordinates": [ 80.2323771, 12.9803578 ] } },
{ "type": "Feature", "properties": { "node_id": 338461580, "x": 80.233695, "y": 12.9814181 }, "geometry": { "type": "Point", "coordinates": [ 80.233695, 12.9814181 ] } },
{ "type": "Feature", "properties": { "node_id": 338461583, "x": 80.2336295, "y": 12.9809727 }, "geometry": { "type": "Point", "coordinates": [ 80.2336295, 12.9809727 ] } },
{ "type": "Feature", "properties": { "node_id": 338461588, "x": 80.2340295, "y": 12.9800367 }, "geometry": { "type": "Point", "coordinates": [ 80.2340295, 12.9800367 ] } },
{ "type": "Feature", "properties": { "node_id": 338461645, "x": 80.2342662, "y": 12.9800226 }, "geometry": { "type": "Point", "coordinates": [ 80.2342662, 12.9800226 ] } },
{ "type": "Feature", "properties": { "node_id": 338461661, "x": 80.2340083, "y": 12.9798607 }, "geometry": { "type": "Point", "coordinates": [ 80.2340083, 12.9798607 ] } },
{ "type": "Feature", "properties": { "node_id": 338461667, "x": 80.2344382, "y": 12.9811416 }, "geometry": { "type": "Point", "coordinates": [ 80.2344382, 12.9811416 ] } },
{ "type": "Feature", "properties": { "node_id": 338461672, "x": 80.2341585, "y": 12.9808862 }, "geometry": { "type": "Point", "coordinates": [ 80.2341585, 12.9808862 ] } },
{ "type": "Feature", "properties": { "node_id": 338461675, "x": 80.2345124, "y": 12.9799975 }, "geometry": { "type": "Point", "coordinates": [ 80.2345124, 12.9799975 ] } },
{ "type": "Feature", "properties": { "node_id": 338461681, "x": 80.2346703, "y": 12.9811245 }, "geometry": { "type": "Point", "coordinates": [ 80.2346703, 12.9811245 ] } },
{ "type": "Feature", "properties": { "node_id": 338461683, "x": 80.2348969, "y": 12.9811206 }, "geometry": { "type": "Point", "coordinates": [ 80.2348969, 12.9811206 ] } },
{ "type": "Feature", "properties": { "node_id": 338461684, "x": 80.2348612, "y": 12.9807151 }, "geometry": { "type": "Point", "coordinates": [ 80.2348612, 12.9807151 ] } },
{ "type": "Feature", "properties": { "node_id": 338461685, "x": 80.2348962, "y": 12.9808636 }, "geometry": { "type": "Point", "coordinates": [ 80.2348962, 12.9808636 ] } },
{ "type": "Feature", "properties": { "node_id": 338461686, "x": 80.2358004, "y": 12.9804693 }, "geometry": { "type": "Point", "coordinates": [ 80.2358004, 12.9804693 ] } },
{ "type": "Feature", "properties": { "node_id": 338461698, "x": 80.2350653, "y": 12.9804098 }, "geometry": { "type": "Point", "coordinates": [ 80.2350653, 12.9804098 ] } },
{ "type": "Feature", "properties": { "node_id": 338461699, "x": 80.2351714, "y": 12.9807272 }, "geometry": { "type": "Point", "coordinates": [ 80.2351714, 12.9807272 ] } },
{ "type": "Feature", "properties": { "node_id": 338461700, "x": 80.2358192, "y": 12.980384 }, "geometry": { "type": "Point", "coordinates": [ 80.2358192, 12.980384 ] } },
{ "type": "Feature", "properties": { "node_id": 338461701, "x": 80.2365218, "y": 12.9802099 }, "geometry": { "type": "Point", "coordinates": [ 80.2365218, 12.9802099 ] } },
{ "type": "Feature", "properties": { "node_id": 338461702, "x": 80.234328, "y": 12.9818259 }, "geometry": { "type": "Point", "coordinates": [ 80.234328, 12.9818259 ] } },
{ "type": "Feature", "properties": { "node_id": 338461703, "x": 80.2336967, "y": 12.9817444 }, "geometry": { "type": "Point", "coordinates": [ 80.2336967, 12.9817444 ] } },
{ "type": "Feature", "properties": { "node_id": 338461705, "x": 80.2350499, "y": 12.9818267 }, "geometry": { "type": "Point", "coordinates": [ 80.2350499, 12.9818267 ] } },
{ "type": "Feature", "properties": { "node_id": 338461710, "x": 80.2379488, "y": 12.9813239 }, "geometry": { "type": "Point", "coordinates": [ 80.2379488, 12.9813239 ] } },
{ "type": "Feature", "properties": { "node_id": 338461713, "x": 80.2361046, "y": 12.9825292 }, "geometry": { "type": "Point", "coordinates": [ 80.2361046, 12.9825292 ] } },
{ "type": "Feature", "properties": { "node_id": 338461714, "x": 80.2360417, "y": 12.98213 }, "geometry": { "type": "Point", "coordinates": [ 80.2360417, 12.98213 ] } },
{ "type": "Feature", "properties": { "node_id": 338461719, "x": 80.2363267, "y": 12.9832641 }, "geometry": { "type": "Point", "coordinates": [ 80.2363267, 12.9832641 ] } },
{ "type": "Feature", "properties": { "node_id": 338461732, "x": 80.236575, "y": 12.9838577 }, "geometry": { "type": "Point", "coordinates": [ 80.236575, 12.9838577 ] } },
{ "type": "Feature", "properties": { "node_id": 338461736, "x": 80.2366624, "y": 12.9840554 }, "geometry": { "type": "Point", "coordinates": [ 80.2366624, 12.9840554 ] } },
{ "type": "Feature", "properties": { "node_id": 338461740, "x": 80.2365346, "y": 12.9826967 }, "geometry": { "type": "Point", "coordinates": [ 80.2365346, 12.9826967 ] } },
{ "type": "Feature", "properties": { "node_id": 338461742, "x": 80.2368031, "y": 12.9820863 }, "geometry": { "type": "Point", "coordinates": [ 80.2368031, 12.9820863 ] } },
{ "type": "Feature", "properties": { "node_id": 338461744, "x": 80.2354865, "y": 12.9821657 }, "geometry": { "type": "Point", "coordinates": [ 80.2354865, 12.9821657 ] } },
{ "type": "Feature", "properties": { "node_id": 338461748, "x": 80.2378586, "y": 12.9820124 }, "geometry": { "type": "Point", "coordinates": [ 80.2378586, 12.9820124 ] } },
{ "type": "Feature", "properties": { "node_id": 338466125, "x": 80.2379991, "y": 12.9816238 }, "geometry": { "type": "Point", "coordinates": [ 80.2379991, 12.9816238 ] } },
{ "type": "Feature", "properties": { "node_id": 338466135, "x": 80.2371811, "y": 12.9821035 }, "geometry": { "type": "Point", "coordinates": [ 80.2371811, 12.9821035 ] } },
{ "type": "Feature", "properties": { "node_id": 338466137, "x": 80.2373768, "y": 12.9820964 }, "geometry": { "type": "Point", "coordinates": [ 80.2373768, 12.9820964 ] } },
{ "type": "Feature", "properties": { "node_id": 338466140, "x": 80.2370287, "y": 12.9821001 }, "geometry": { "type": "Point", "coordinates": [ 80.2370287, 12.9821001 ] } },
{ "type": "Feature", "properties": { "node_id": 338466143, "x": 80.2363065, "y": 12.9826071 }, "geometry": { "type": "Point", "coordinates": [ 80.2363065, 12.9826071 ] } },
{ "type": "Feature", "properties": { "node_id": 338466146, "x": 80.2365233, "y": 12.9820937 }, "geometry": { "type": "Point", "coordinates": [ 80.2365233, 12.9820937 ] } },
{ "type": "Feature", "properties": { "node_id": 338466149, "x": 80.2355623, "y": 12.9825824 }, "geometry": { "type": "Point", "coordinates": [ 80.2355623, 12.9825824 ] } },
{ "type": "Feature", "properties": { "node_id": 338466152, "x": 80.2346882, "y": 12.981889 }, "geometry": { "type": "Point", "coordinates": [ 80.2346882, 12.981889 ] } },
{ "type": "Feature", "properties": { "node_id": 338466154, "x": 80.2348305, "y": 12.9823563 }, "geometry": { "type": "Point", "coordinates": [ 80.2348305, 12.9823563 ] } },
{ "type": "Feature", "properties": { "node_id": 338466159, "x": 80.2344976, "y": 12.9824457 }, "geometry": { "type": "Point", "coordinates": [ 80.2344976, 12.9824457 ] } },
{ "type": "Feature", "properties": { "node_id": 338466165, "x": 80.2329106, "y": 12.9819054 }, "geometry": { "type": "Point", "coordinates": [ 80.2329106, 12.9819054 ] } },
{ "type": "Feature", "properties": { "node_id": 338466168, "x": 80.2327975, "y": 12.9822479 }, "geometry": { "type": "Point", "coordinates": [ 80.2327975, 12.9822479 ] } },
{ "type": "Feature", "properties": { "node_id": 338466171, "x": 80.2327118, "y": 12.9825503 }, "geometry": { "type": "Point", "coordinates": [ 80.2327118, 12.9825503 ] } },
{ "type": "Feature", "properties": { "node_id": 338466186, "x": 80.2304556, "y": 12.9838371 }, "geometry": { "type": "Point", "coordinates": [ 80.2304556, 12.9838371 ] } },
{ "type": "Feature", "properties": { "node_id": 338466189, "x": 80.2304337, "y": 12.9832142 }, "geometry": { "type": "Point", "coordinates": [ 80.2304337, 12.9832142 ] } },
{ "type": "Feature", "properties": { "node_id": 338466197, "x": 80.2296955, "y": 12.9841833 }, "geometry": { "type": "Point", "coordinates": [ 80.2296955, 12.9841833 ] } },
{ "type": "Feature", "properties": { "node_id": 338466201, "x": 80.230508, "y": 12.9841016 }, "geometry": { "type": "Point", "coordinates": [ 80.230508, 12.9841016 ] } },
{ "type": "Feature", "properties": { "node_id": 338466203, "x": 80.229709, "y": 12.984312 }, "geometry": { "type": "Point", "coordinates": [ 80.229709, 12.984312 ] } },
{ "type": "Feature", "properties": { "node_id": 338466206, "x": 80.2304435, "y": 12.984233 }, "geometry": { "type": "Point", "coordinates": [ 80.2304435, 12.984233 ] } },
{ "type": "Feature", "properties": { "node_id": 338466227, "x": 80.2281266, "y": 12.9833826 }, "geometry": { "type": "Point", "coordinates": [ 80.2281266, 12.9833826 ] } },
{ "type": "Feature", "properties": { "node_id": 338466229, "x": 80.226327, "y": 12.9853519 }, "geometry": { "type": "Point", "coordinates": [ 80.226327, 12.9853519 ] } },
{ "type": "Feature", "properties": { "node_id": 338466283, "x": 80.2358986, "y": 12.9811546 }, "geometry": { "type": "Point", "coordinates": [ 80.2358986, 12.9811546 ] } },
{ "type": "Feature", "properties": { "node_id": 338466287, "x": 80.2361297, "y": 12.980296 }, "geometry": { "type": "Point", "coordinates": [ 80.2361297, 12.980296 ] } },
{ "type": "Feature", "properties": { "node_id": 338466300, "x": 80.2379385, "y": 12.9812317 }, "geometry": { "type": "Point", "coordinates": [ 80.2379385, 12.9812317 ] } },
{ "type": "Feature", "properties": { "node_id": 338466305, "x": 80.2378682, "y": 12.9806992 }, "geometry": { "type": "Point", "coordinates": [ 80.2378682, 12.9806992 ] } },
{ "type": "Feature", "properties": { "node_id": 338466317, "x": 80.2366318, "y": 12.9807739 }, "geometry": { "type": "Point", "coordinates": [ 80.2366318, 12.9807739 ] } },
{ "type": "Feature", "properties": { "node_id": 338466322, "x": 80.2366094, "y": 12.9806272 }, "geometry": { "type": "Point", "coordinates": [ 80.2366094, 12.9806272 ] } },
{ "type": "Feature", "properties": { "node_id": 338466331, "x": 80.2378463, "y": 12.9805096 }, "geometry": { "type": "Point", "coordinates": [ 80.2378463, 12.9805096 ] } },
{ "type": "Feature", "properties": { "node_id": 338471944, "x": 80.2370233, "y": 12.9828444 }, "geometry": { "type": "Point", "coordinates": [ 80.2370233, 12.9828444 ] } },
{ "type": "Feature", "properties": { "node_id": 338471947, "x": 80.2370432, "y": 12.9825638 }, "geometry": { "type": "Point", "coordinates": [ 80.2370432, 12.9825638 ] } },
{ "type": "Feature", "properties": { "node_id": 338471950, "x": 80.2349625, "y": 12.9812278 }, "geometry": { "type": "Point", "coordinates": [ 80.2349625, 12.9812278 ] } },
{ "type": "Feature", "properties": { "node_id": 338471952, "x": 80.2303773, "y": 12.9805395 }, "geometry": { "type": "Point", "coordinates": [ 80.2303773, 12.9805395 ] } },
{ "type": "Feature", "properties": { "node_id": 338471958, "x": 80.2303758, "y": 12.9802899 }, "geometry": { "type": "Point", "coordinates": [ 80.2303758, 12.9802899 ] } },
{ "type": "Feature", "properties": { "node_id": 338471961, "x": 80.2306946, "y": 12.9802612 }, "geometry": { "type": "Point", "coordinates": [ 80.2306946, 12.9802612 ] } },
{ "type": "Feature", "properties": { "node_id": 339280277, "x": 80.2035742, "y": 12.9990643 }, "geometry": { "type": "Point", "coordinates": [ 80.2035742, 12.9990643 ] } },
{ "type": "Feature", "properties": { "node_id": 339281255, "x": 80.2083566, "y": 12.9989103 }, "geometry": { "type": "Point", "coordinates": [ 80.2083566, 12.9989103 ] } },
{ "type": "Feature", "properties": { "node_id": 339281277, "x": 80.208227, "y": 12.9982437 }, "geometry": { "type": "Point", "coordinates": [ 80.208227, 12.9982437 ] } },
{ "type": "Feature", "properties": { "node_id": 339281475, "x": 80.2059595, "y": 12.9985246 }, "geometry": { "type": "Point", "coordinates": [ 80.2059595, 12.9985246 ] } },
{ "type": "Feature", "properties": { "node_id": 339282333, "x": 80.2049894, "y": 12.9991492 }, "geometry": { "type": "Point", "coordinates": [ 80.2049894, 12.9991492 ] } },
{ "type": "Feature", "properties": { "node_id": 339282334, "x": 80.2028962, "y": 12.9992632 }, "geometry": { "type": "Point", "coordinates": [ 80.2028962, 12.9992632 ] } },
{ "type": "Feature", "properties": { "node_id": 339287121, "x": 80.2022801, "y": 12.9991458 }, "geometry": { "type": "Point", "coordinates": [ 80.2022801, 12.9991458 ] } },
{ "type": "Feature", "properties": { "node_id": 339287175, "x": 80.2013479, "y": 12.9990601 }, "geometry": { "type": "Point", "coordinates": [ 80.2013479, 12.9990601 ] } },
{ "type": "Feature", "properties": { "node_id": 339287183, "x": 80.1999469, "y": 12.9988164 }, "geometry": { "type": "Point", "coordinates": [ 80.1999469, 12.9988164 ] } },
{ "type": "Feature", "properties": { "node_id": 339291879, "x": 80.209099, "y": 12.9995757 }, "geometry": { "type": "Point", "coordinates": [ 80.209099, 12.9995757 ] } },
{ "type": "Feature", "properties": { "node_id": 339291895, "x": 80.2093924, "y": 12.9995205 }, "geometry": { "type": "Point", "coordinates": [ 80.2093924, 12.9995205 ] } },
{ "type": "Feature", "properties": { "node_id": 339291901, "x": 80.2096013, "y": 12.9981669 }, "geometry": { "type": "Point", "coordinates": [ 80.2096013, 12.9981669 ] } },
{ "type": "Feature", "properties": { "node_id": 339291906, "x": 80.2091193, "y": 12.9995729 }, "geometry": { "type": "Point", "coordinates": [ 80.2091193, 12.9995729 ] } },
{ "type": "Feature", "properties": { "node_id": 339291907, "x": 80.2088909, "y": 12.9981586 }, "geometry": { "type": "Point", "coordinates": [ 80.2088909, 12.9981586 ] } },
{ "type": "Feature", "properties": { "node_id": 339291908, "x": 80.2093563, "y": 12.9983933 }, "geometry": { "type": "Point", "coordinates": [ 80.2093563, 12.9983933 ] } },
{ "type": "Feature", "properties": { "node_id": 339291912, "x": 80.2092774, "y": 12.9979664 }, "geometry": { "type": "Point", "coordinates": [ 80.2092774, 12.9979664 ] } },
{ "type": "Feature", "properties": { "node_id": 339291913, "x": 80.2089674, "y": 12.9974754 }, "geometry": { "type": "Point", "coordinates": [ 80.2089674, 12.9974754 ] } },
{ "type": "Feature", "properties": { "node_id": 339291914, "x": 80.2090023, "y": 12.99878 }, "geometry": { "type": "Point", "coordinates": [ 80.2090023, 12.99878 ] } },
{ "type": "Feature", "properties": { "node_id": 339291915, "x": 80.2093432, "y": 12.9987323 }, "geometry": { "type": "Point", "coordinates": [ 80.2093432, 12.9987323 ] } },
{ "type": "Feature", "properties": { "node_id": 339291916, "x": 80.2089271, "y": 12.9984291 }, "geometry": { "type": "Point", "coordinates": [ 80.2089271, 12.9984291 ] } },
{ "type": "Feature", "properties": { "node_id": 339291917, "x": 80.2085736, "y": 12.99846 }, "geometry": { "type": "Point", "coordinates": [ 80.2085736, 12.99846 ] } },
{ "type": "Feature", "properties": { "node_id": 355910976, "x": 80.2361906, "y": 12.9667374 }, "geometry": { "type": "Point", "coordinates": [ 80.2361906, 12.9667374 ] } },
{ "type": "Feature", "properties": { "node_id": 366081878, "x": 80.2170076, "y": 12.9989374 }, "geometry": { "type": "Point", "coordinates": [ 80.2170076, 12.9989374 ] } },
{ "type": "Feature", "properties": { "node_id": 366081884, "x": 80.2165504, "y": 12.9972089 }, "geometry": { "type": "Point", "coordinates": [ 80.2165504, 12.9972089 ] } },
{ "type": "Feature", "properties": { "node_id": 366081887, "x": 80.2170866, "y": 12.9949281 }, "geometry": { "type": "Point", "coordinates": [ 80.2170866, 12.9949281 ] } },
{ "type": "Feature", "properties": { "node_id": 366081888, "x": 80.2152774, "y": 12.9954862 }, "geometry": { "type": "Point", "coordinates": [ 80.2152774, 12.9954862 ] } },
{ "type": "Feature", "properties": { "node_id": 366081889, "x": 80.2165489, "y": 12.9948294 }, "geometry": { "type": "Point", "coordinates": [ 80.2165489, 12.9948294 ] } },
{ "type": "Feature", "properties": { "node_id": 366081890, "x": 80.215085, "y": 12.9949737 }, "geometry": { "type": "Point", "coordinates": [ 80.215085, 12.9949737 ] } },
{ "type": "Feature", "properties": { "node_id": 366081891, "x": 80.2163949, "y": 12.9945511 }, "geometry": { "type": "Point", "coordinates": [ 80.2163949, 12.9945511 ] } },
{ "type": "Feature", "properties": { "node_id": 366081892, "x": 80.2149828, "y": 12.994747 }, "geometry": { "type": "Point", "coordinates": [ 80.2149828, 12.994747 ] } },
{ "type": "Feature", "properties": { "node_id": 366081893, "x": 80.2162429, "y": 12.9942797 }, "geometry": { "type": "Point", "coordinates": [ 80.2162429, 12.9942797 ] } },
{ "type": "Feature", "properties": { "node_id": 366081894, "x": 80.2148628, "y": 12.9945247 }, "geometry": { "type": "Point", "coordinates": [ 80.2148628, 12.9945247 ] } },
{ "type": "Feature", "properties": { "node_id": 366081895, "x": 80.2160889, "y": 12.9940533 }, "geometry": { "type": "Point", "coordinates": [ 80.2160889, 12.9940533 ] } },
{ "type": "Feature", "properties": { "node_id": 366081896, "x": 80.2127803, "y": 12.9951571 }, "geometry": { "type": "Point", "coordinates": [ 80.2127803, 12.9951571 ] } },
{ "type": "Feature", "properties": { "node_id": 366081898, "x": 80.214199, "y": 12.994772 }, "geometry": { "type": "Point", "coordinates": [ 80.214199, 12.994772 ] } },
{ "type": "Feature", "properties": { "node_id": 366081899, "x": 80.2148129, "y": 12.9944664 }, "geometry": { "type": "Point", "coordinates": [ 80.2148129, 12.9944664 ] } },
{ "type": "Feature", "properties": { "node_id": 366081900, "x": 80.2150539, "y": 12.9948892 }, "geometry": { "type": "Point", "coordinates": [ 80.2150539, 12.9948892 ] } },
{ "type": "Feature", "properties": { "node_id": 366081901, "x": 80.2145093, "y": 12.9951305 }, "geometry": { "type": "Point", "coordinates": [ 80.2145093, 12.9951305 ] } },
{ "type": "Feature", "properties": { "node_id": 366081904, "x": 80.2151417, "y": 12.9951259 }, "geometry": { "type": "Point", "coordinates": [ 80.2151417, 12.9951259 ] } },
{ "type": "Feature", "properties": { "node_id": 366081906, "x": 80.2139099, "y": 12.9966745 }, "geometry": { "type": "Point", "coordinates": [ 80.2139099, 12.9966745 ] } },
{ "type": "Feature", "properties": { "node_id": 366081907, "x": 80.2137248, "y": 12.9957516 }, "geometry": { "type": "Point", "coordinates": [ 80.2137248, 12.9957516 ] } },
{ "type": "Feature", "properties": { "node_id": 366081910, "x": 80.2148701, "y": 12.996469 }, "geometry": { "type": "Point", "coordinates": [ 80.2148701, 12.996469 ] } },
{ "type": "Feature", "properties": { "node_id": 366081911, "x": 80.2147678, "y": 12.9960646 }, "geometry": { "type": "Point", "coordinates": [ 80.2147678, 12.9960646 ] } },
{ "type": "Feature", "properties": { "node_id": 366081912, "x": 80.2154051, "y": 12.9959116 }, "geometry": { "type": "Point", "coordinates": [ 80.2154051, 12.9959116 ] } },
{ "type": "Feature", "properties": { "node_id": 366081913, "x": 80.2153211, "y": 12.9956227 }, "geometry": { "type": "Point", "coordinates": [ 80.2153211, 12.9956227 ] } },
{ "type": "Feature", "properties": { "node_id": 366081914, "x": 80.2146955, "y": 12.9957884 }, "geometry": { "type": "Point", "coordinates": [ 80.2146955, 12.9957884 ] } },
{ "type": "Feature", "properties": { "node_id": 366081915, "x": 80.2145563, "y": 12.9953179 }, "geometry": { "type": "Point", "coordinates": [ 80.2145563, 12.9953179 ] } },
{ "type": "Feature", "properties": { "node_id": 366081916, "x": 80.2146307, "y": 12.9955422 }, "geometry": { "type": "Point", "coordinates": [ 80.2146307, 12.9955422 ] } },
{ "type": "Feature", "properties": { "node_id": 366081917, "x": 80.2152392, "y": 12.9953656 }, "geometry": { "type": "Point", "coordinates": [ 80.2152392, 12.9953656 ] } },
{ "type": "Feature", "properties": { "node_id": 366081918, "x": 80.216596, "y": 12.9961312 }, "geometry": { "type": "Point", "coordinates": [ 80.216596, 12.9961312 ] } },
{ "type": "Feature", "properties": { "node_id": 978469378, "x": 80.198537, "y": 12.9686567 }, "geometry": { "type": "Point", "coordinates": [ 80.198537, 12.9686567 ] } },
{ "type": "Feature", "properties": { "node_id": 978534729, "x": 80.2041615, "y": 12.9781504 }, "geometry": { "type": "Point", "coordinates": [ 80.2041615, 12.9781504 ] } },
{ "type": "Feature", "properties": { "node_id": 978534827, "x": 80.2041456, "y": 12.9780086 }, "geometry": { "type": "Point", "coordinates": [ 80.2041456, 12.9780086 ] } },
{ "type": "Feature", "properties": { "node_id": 1141163143, "x": 80.2329924, "y": 12.9770791 }, "geometry": { "type": "Point", "coordinates": [ 80.2329924, 12.9770791 ] } },
{ "type": "Feature", "properties": { "node_id": 1141163606, "x": 80.2308213, "y": 12.9753629 }, "geometry": { "type": "Point", "coordinates": [ 80.2308213, 12.9753629 ] } },
{ "type": "Feature", "properties": { "node_id": 1141163608, "x": 80.2331456, "y": 12.9766312 }, "geometry": { "type": "Point", "coordinates": [ 80.2331456, 12.9766312 ] } },
{ "type": "Feature", "properties": { "node_id": 1141163651, "x": 80.2374816, "y": 12.9766127 }, "geometry": { "type": "Point", "coordinates": [ 80.2374816, 12.9766127 ] } },
{ "type": "Feature", "properties": { "node_id": 1141163728, "x": 80.2330235, "y": 12.9765983 }, "geometry": { "type": "Point", "coordinates": [ 80.2330235, 12.9765983 ] } },
{ "type": "Feature", "properties": { "node_id": 1141164395, "x": 80.2311357, "y": 12.9755596 }, "geometry": { "type": "Point", "coordinates": [ 80.2311357, 12.9755596 ] } },
{ "type": "Feature", "properties": { "node_id": 1141164574, "x": 80.2172574, "y": 12.9672193 }, "geometry": { "type": "Point", "coordinates": [ 80.2172574, 12.9672193 ] } },
{ "type": "Feature", "properties": { "node_id": 1141164582, "x": 80.2293804, "y": 12.9737294 }, "geometry": { "type": "Point", "coordinates": [ 80.2293804, 12.9737294 ] } },
{ "type": "Feature", "properties": { "node_id": 1184617250, "x": 80.2171837, "y": 12.9948066 }, "geometry": { "type": "Point", "coordinates": [ 80.2171837, 12.9948066 ] } },
{ "type": "Feature", "properties": { "node_id": 1197444867, "x": 80.2013132, "y": 12.9928696 }, "geometry": { "type": "Point", "coordinates": [ 80.2013132, 12.9928696 ] } },
{ "type": "Feature", "properties": { "node_id": 1197468247, "x": 80.2059119, "y": 12.98851 }, "geometry": { "type": "Point", "coordinates": [ 80.2059119, 12.98851 ] } },
{ "type": "Feature", "properties": { "node_id": 1197468250, "x": 80.2042914, "y": 12.9859104 }, "geometry": { "type": "Point", "coordinates": [ 80.2042914, 12.9859104 ] } },
{ "type": "Feature", "properties": { "node_id": 1197468354, "x": 80.2043291, "y": 12.9919068 }, "geometry": { "type": "Point", "coordinates": [ 80.2043291, 12.9919068 ] } },
{ "type": "Feature", "properties": { "node_id": 1197468366, "x": 80.2044107, "y": 12.9870115 }, "geometry": { "type": "Point", "coordinates": [ 80.2044107, 12.9870115 ] } },
{ "type": "Feature", "properties": { "node_id": 1197468381, "x": 80.2034691, "y": 12.9950503 }, "geometry": { "type": "Point", "coordinates": [ 80.2034691, 12.9950503 ] } },
{ "type": "Feature", "properties": { "node_id": 1197468434, "x": 80.2045379, "y": 12.9925046 }, "geometry": { "type": "Point", "coordinates": [ 80.2045379, 12.9925046 ] } },
{ "type": "Feature", "properties": { "node_id": 1197468435, "x": 80.2037983, "y": 12.9882327 }, "geometry": { "type": "Point", "coordinates": [ 80.2037983, 12.9882327 ] } },
{ "type": "Feature", "properties": { "node_id": 1197468491, "x": 80.2051771, "y": 12.9928181 }, "geometry": { "type": "Point", "coordinates": [ 80.2051771, 12.9928181 ] } },
{ "type": "Feature", "properties": { "node_id": 1241211260, "x": 80.2193469, "y": 12.9722102 }, "geometry": { "type": "Point", "coordinates": [ 80.2193469, 12.9722102 ] } },
{ "type": "Feature", "properties": { "node_id": 1241211262, "x": 80.2189814, "y": 12.9722773 }, "geometry": { "type": "Point", "coordinates": [ 80.2189814, 12.9722773 ] } },
{ "type": "Feature", "properties": { "node_id": 1241211266, "x": 80.2184256, "y": 12.9723398 }, "geometry": { "type": "Point", "coordinates": [ 80.2184256, 12.9723398 ] } },
{ "type": "Feature", "properties": { "node_id": 1355465116, "x": 80.2096415, "y": 12.9738233 }, "geometry": { "type": "Point", "coordinates": [ 80.2096415, 12.9738233 ] } },
{ "type": "Feature", "properties": { "node_id": 1355465117, "x": 80.2100738, "y": 12.9738297 }, "geometry": { "type": "Point", "coordinates": [ 80.2100738, 12.9738297 ] } },
{ "type": "Feature", "properties": { "node_id": 1355465122, "x": 80.200497, "y": 12.9808999 }, "geometry": { "type": "Point", "coordinates": [ 80.200497, 12.9808999 ] } },
{ "type": "Feature", "properties": { "node_id": 1403766607, "x": 80.2014524, "y": 12.9803207 }, "geometry": { "type": "Point", "coordinates": [ 80.2014524, 12.9803207 ] } },
{ "type": "Feature", "properties": { "node_id": 1403766609, "x": 80.2008445, "y": 12.9803736 }, "geometry": { "type": "Point", "coordinates": [ 80.2008445, 12.9803736 ] } },
{ "type": "Feature", "properties": { "node_id": 1403766610, "x": 80.2007975, "y": 12.979731 }, "geometry": { "type": "Point", "coordinates": [ 80.2007975, 12.979731 ] } },
{ "type": "Feature", "properties": { "node_id": 1454653747, "x": 80.2361178, "y": 12.9647766 }, "geometry": { "type": "Point", "coordinates": [ 80.2361178, 12.9647766 ] } },
{ "type": "Feature", "properties": { "node_id": 1454653790, "x": 80.2354017, "y": 12.9673289 }, "geometry": { "type": "Point", "coordinates": [ 80.2354017, 12.9673289 ] } },
{ "type": "Feature", "properties": { "node_id": 1454653829, "x": 80.2330666, "y": 12.9700916 }, "geometry": { "type": "Point", "coordinates": [ 80.2330666, 12.9700916 ] } },
{ "type": "Feature", "properties": { "node_id": 1454653830, "x": 80.2322103, "y": 12.9701745 }, "geometry": { "type": "Point", "coordinates": [ 80.2322103, 12.9701745 ] } },
{ "type": "Feature", "properties": { "node_id": 1454653834, "x": 80.2322106, "y": 12.9709233 }, "geometry": { "type": "Point", "coordinates": [ 80.2322106, 12.9709233 ] } },
{ "type": "Feature", "properties": { "node_id": 1454653838, "x": 80.2347444, "y": 12.971792 }, "geometry": { "type": "Point", "coordinates": [ 80.2347444, 12.971792 ] } },
{ "type": "Feature", "properties": { "node_id": 1454653842, "x": 80.2346332, "y": 12.9725605 }, "geometry": { "type": "Point", "coordinates": [ 80.2346332, 12.9725605 ] } },
{ "type": "Feature", "properties": { "node_id": 1454653843, "x": 80.2317194, "y": 12.9731866 }, "geometry": { "type": "Point", "coordinates": [ 80.2317194, 12.9731866 ] } },
{ "type": "Feature", "properties": { "node_id": 1457503198, "x": 80.2204526, "y": 12.9692485 }, "geometry": { "type": "Point", "coordinates": [ 80.2204526, 12.9692485 ] } },
{ "type": "Feature", "properties": { "node_id": 1457503207, "x": 80.222965, "y": 12.9693189 }, "geometry": { "type": "Point", "coordinates": [ 80.222965, 12.9693189 ] } },
{ "type": "Feature", "properties": { "node_id": 1457503208, "x": 80.2229406, "y": 12.9698015 }, "geometry": { "type": "Point", "coordinates": [ 80.2229406, 12.9698015 ] } },
{ "type": "Feature", "properties": { "node_id": 1457503214, "x": 80.2229162, "y": 12.9702862 }, "geometry": { "type": "Point", "coordinates": [ 80.2229162, 12.9702862 ] } },
{ "type": "Feature", "properties": { "node_id": 1457503216, "x": 80.2235316, "y": 12.9709226 }, "geometry": { "type": "Point", "coordinates": [ 80.2235316, 12.9709226 ] } },
{ "type": "Feature", "properties": { "node_id": 1457503217, "x": 80.225604, "y": 12.9711316 }, "geometry": { "type": "Point", "coordinates": [ 80.225604, 12.9711316 ] } },
{ "type": "Feature", "properties": { "node_id": 1457503221, "x": 80.2234972, "y": 12.9714473 }, "geometry": { "type": "Point", "coordinates": [ 80.2234972, 12.9714473 ] } },
{ "type": "Feature", "properties": { "node_id": 1457503224, "x": 80.2250879, "y": 12.971617 }, "geometry": { "type": "Point", "coordinates": [ 80.2250879, 12.971617 ] } },
{ "type": "Feature", "properties": { "node_id": 1457503226, "x": 80.222742, "y": 12.9718482 }, "geometry": { "type": "Point", "coordinates": [ 80.222742, 12.9718482 ] } },
{ "type": "Feature", "properties": { "node_id": 1457503227, "x": 80.222943, "y": 12.9718728 }, "geometry": { "type": "Point", "coordinates": [ 80.222943, 12.9718728 ] } },
{ "type": "Feature", "properties": { "node_id": 1457503229, "x": 80.2234566, "y": 12.9719286 }, "geometry": { "type": "Point", "coordinates": [ 80.2234566, 12.9719286 ] } },
{ "type": "Feature", "properties": { "node_id": 1457503237, "x": 80.2250348, "y": 12.9720962 }, "geometry": { "type": "Point", "coordinates": [ 80.2250348, 12.9720962 ] } },
{ "type": "Feature", "properties": { "node_id": 1457503239, "x": 80.2234588, "y": 12.9722446 }, "geometry": { "type": "Point", "coordinates": [ 80.2234588, 12.9722446 ] } },
{ "type": "Feature", "properties": { "node_id": 1457503240, "x": 80.2229675, "y": 12.9722662 }, "geometry": { "type": "Point", "coordinates": [ 80.2229675, 12.9722662 ] } },
{ "type": "Feature", "properties": { "node_id": 1457503242, "x": 80.2235031, "y": 12.9723584 }, "geometry": { "type": "Point", "coordinates": [ 80.2235031, 12.9723584 ] } },
{ "type": "Feature", "properties": { "node_id": 1457503247, "x": 80.2235096, "y": 12.9725852 }, "geometry": { "type": "Point", "coordinates": [ 80.2235096, 12.9725852 ] } },
{ "type": "Feature", "properties": { "node_id": 1457503248, "x": 80.2229899, "y": 12.9726131 }, "geometry": { "type": "Point", "coordinates": [ 80.2229899, 12.9726131 ] } },
{ "type": "Feature", "properties": { "node_id": 1457503249, "x": 80.2252901, "y": 12.9726187 }, "geometry": { "type": "Point", "coordinates": [ 80.2252901, 12.9726187 ] } },
{ "type": "Feature", "properties": { "node_id": 1457503250, "x": 80.2279207, "y": 12.9726457 }, "geometry": { "type": "Point", "coordinates": [ 80.2279207, 12.9726457 ] } },
{ "type": "Feature", "properties": { "node_id": 1457503254, "x": 80.2235157, "y": 12.9729261 }, "geometry": { "type": "Point", "coordinates": [ 80.2235157, 12.9729261 ] } },
{ "type": "Feature", "properties": { "node_id": 1457503257, "x": 80.2282217, "y": 12.9729592 }, "geometry": { "type": "Point", "coordinates": [ 80.2282217, 12.9729592 ] } },
{ "type": "Feature", "properties": { "node_id": 1457503263, "x": 80.2251309, "y": 12.9729847 }, "geometry": { "type": "Point", "coordinates": [ 80.2251309, 12.9729847 ] } },
{ "type": "Feature", "properties": { "node_id": 1457503274, "x": 80.2260175, "y": 12.9742569 }, "geometry": { "type": "Point", "coordinates": [ 80.2260175, 12.9742569 ] } },
{ "type": "Feature", "properties": { "node_id": 1457503275, "x": 80.2276306, "y": 12.9743171 }, "geometry": { "type": "Point", "coordinates": [ 80.2276306, 12.9743171 ] } },
{ "type": "Feature", "properties": { "node_id": 1457503277, "x": 80.2279979, "y": 12.9743239 }, "geometry": { "type": "Point", "coordinates": [ 80.2279979, 12.9743239 ] } },
{ "type": "Feature", "properties": { "node_id": 1457503368, "x": 80.2296463, "y": 12.9757866 }, "geometry": { "type": "Point", "coordinates": [ 80.2296463, 12.9757866 ] } },
{ "type": "Feature", "properties": { "node_id": 1457503500, "x": 80.2249129, "y": 12.9763685 }, "geometry": { "type": "Point", "coordinates": [ 80.2249129, 12.9763685 ] } },
{ "type": "Feature", "properties": { "node_id": 1457503502, "x": 80.2240142, "y": 12.9764595 }, "geometry": { "type": "Point", "coordinates": [ 80.2240142, 12.9764595 ] } },
{ "type": "Feature", "properties": { "node_id": 1457503503, "x": 80.2225008, "y": 12.9767005 }, "geometry": { "type": "Point", "coordinates": [ 80.2225008, 12.9767005 ] } },
{ "type": "Feature", "properties": { "node_id": 1457503505, "x": 80.226238, "y": 12.9780161 }, "geometry": { "type": "Point", "coordinates": [ 80.226238, 12.9780161 ] } },
{ "type": "Feature", "properties": { "node_id": 1457503507, "x": 80.2263361, "y": 12.9784165 }, "geometry": { "type": "Point", "coordinates": [ 80.2263361, 12.9784165 ] } },
{ "type": "Feature", "properties": { "node_id": 1457503509, "x": 80.2269142, "y": 12.9787684 }, "geometry": { "type": "Point", "coordinates": [ 80.2269142, 12.9787684 ] } },
{ "type": "Feature", "properties": { "node_id": 1457503510, "x": 80.2278353, "y": 12.9784227 }, "geometry": { "type": "Point", "coordinates": [ 80.2278353, 12.9784227 ] } },
{ "type": "Feature", "properties": { "node_id": 1457503511, "x": 80.2252635, "y": 12.9783717 }, "geometry": { "type": "Point", "coordinates": [ 80.2252635, 12.9783717 ] } },
{ "type": "Feature", "properties": { "node_id": 1457503516, "x": 80.2288231, "y": 12.9792349 }, "geometry": { "type": "Point", "coordinates": [ 80.2288231, 12.9792349 ] } },
{ "type": "Feature", "properties": { "node_id": 1457503518, "x": 80.2268928, "y": 12.9793422 }, "geometry": { "type": "Point", "coordinates": [ 80.2268928, 12.9793422 ] } },
{ "type": "Feature", "properties": { "node_id": 1528037753, "x": 80.2265993, "y": 12.9794126 }, "geometry": { "type": "Point", "coordinates": [ 80.2265993, 12.9794126 ] } },
{ "type": "Feature", "properties": { "node_id": 1640633833, "x": 80.230222, "y": 12.9775744 }, "geometry": { "type": "Point", "coordinates": [ 80.230222, 12.9775744 ] } },
{ "type": "Feature", "properties": { "node_id": 1640636923, "x": 80.2326044, "y": 12.9781741 }, "geometry": { "type": "Point", "coordinates": [ 80.2326044, 12.9781741 ] } },
{ "type": "Feature", "properties": { "node_id": 1640636924, "x": 80.2330911, "y": 12.9781798 }, "geometry": { "type": "Point", "coordinates": [ 80.2330911, 12.9781798 ] } },
{ "type": "Feature", "properties": { "node_id": 1640665331, "x": 80.2303537, "y": 12.9783938 }, "geometry": { "type": "Point", "coordinates": [ 80.2303537, 12.9783938 ] } },
{ "type": "Feature", "properties": { "node_id": 1640665340, "x": 80.229831, "y": 12.9786235 }, "geometry": { "type": "Point", "coordinates": [ 80.229831, 12.9786235 ] } },
{ "type": "Feature", "properties": { "node_id": 1640674279, "x": 80.2288446, "y": 12.9796393 }, "geometry": { "type": "Point", "coordinates": [ 80.2288446, 12.9796393 ] } },
{ "type": "Feature", "properties": { "node_id": 1640674281, "x": 80.2276788, "y": 12.9772974 }, "geometry": { "type": "Point", "coordinates": [ 80.2276788, 12.9772974 ] } },
{ "type": "Feature", "properties": { "node_id": 1640674290, "x": 80.2274089, "y": 12.9796622 }, "geometry": { "type": "Point", "coordinates": [ 80.2274089, 12.9796622 ] } },
{ "type": "Feature", "properties": { "node_id": 1640675574, "x": 80.2314569, "y": 12.9819648 }, "geometry": { "type": "Point", "coordinates": [ 80.2314569, 12.9819648 ] } },
{ "type": "Feature", "properties": { "node_id": 1641560713, "x": 80.229516, "y": 12.9823524 }, "geometry": { "type": "Point", "coordinates": [ 80.229516, 12.9823524 ] } },
{ "type": "Feature", "properties": { "node_id": 1641560714, "x": 80.2309494, "y": 12.9822147 }, "geometry": { "type": "Point", "coordinates": [ 80.2309494, 12.9822147 ] } },
{ "type": "Feature", "properties": { "node_id": 1641560827, "x": 80.2313745, "y": 12.9814681 }, "geometry": { "type": "Point", "coordinates": [ 80.2313745, 12.9814681 ] } },
{ "type": "Feature", "properties": { "node_id": 1641560828, "x": 80.2302983, "y": 12.9814264 }, "geometry": { "type": "Point", "coordinates": [ 80.2302983, 12.9814264 ] } },
{ "type": "Feature", "properties": { "node_id": 1641560829, "x": 80.2306045, "y": 12.9809355 }, "geometry": { "type": "Point", "coordinates": [ 80.2306045, 12.9809355 ] } },
{ "type": "Feature", "properties": { "node_id": 1641561884, "x": 80.225415, "y": 12.9723671 }, "geometry": { "type": "Point", "coordinates": [ 80.225415, 12.9723671 ] } },
{ "type": "Feature", "properties": { "node_id": 1641561885, "x": 80.2273606, "y": 12.9726799 }, "geometry": { "type": "Point", "coordinates": [ 80.2273606, 12.9726799 ] } },
{ "type": "Feature", "properties": { "node_id": 1641561887, "x": 80.2263107, "y": 12.9725601 }, "geometry": { "type": "Point", "coordinates": [ 80.2263107, 12.9725601 ] } },
{ "type": "Feature", "properties": { "node_id": 1641563438, "x": 80.2235311, "y": 12.9731723 }, "geometry": { "type": "Point", "coordinates": [ 80.2235311, 12.9731723 ] } },
{ "type": "Feature", "properties": { "node_id": 1641563439, "x": 80.2235034, "y": 12.9735514 }, "geometry": { "type": "Point", "coordinates": [ 80.2235034, 12.9735514 ] } },
{ "type": "Feature", "properties": { "node_id": 1641563440, "x": 80.2251227, "y": 12.9733737 }, "geometry": { "type": "Point", "coordinates": [ 80.2251227, 12.9733737 ] } },
{ "type": "Feature", "properties": { "node_id": 1641563441, "x": 80.2250934, "y": 12.9737606 }, "geometry": { "type": "Point", "coordinates": [ 80.2250934, 12.9737606 ] } },
{ "type": "Feature", "properties": { "node_id": 1641564598, "x": 80.2266091, "y": 12.9742974 }, "geometry": { "type": "Point", "coordinates": [ 80.2266091, 12.9742974 ] } },
{ "type": "Feature", "properties": { "node_id": 1641564599, "x": 80.2256111, "y": 12.9728289 }, "geometry": { "type": "Point", "coordinates": [ 80.2256111, 12.9728289 ] } },
{ "type": "Feature", "properties": { "node_id": 1641564600, "x": 80.2267568, "y": 12.9734739 }, "geometry": { "type": "Point", "coordinates": [ 80.2267568, 12.9734739 ] } },
{ "type": "Feature", "properties": { "node_id": 1641564602, "x": 80.2252326, "y": 12.9727709 }, "geometry": { "type": "Point", "coordinates": [ 80.2252326, 12.9727709 ] } },
{ "type": "Feature", "properties": { "node_id": 1641564603, "x": 80.2256153, "y": 12.9742391 }, "geometry": { "type": "Point", "coordinates": [ 80.2256153, 12.9742391 ] } },
{ "type": "Feature", "properties": { "node_id": 1641564604, "x": 80.2235131, "y": 12.9727804 }, "geometry": { "type": "Point", "coordinates": [ 80.2235131, 12.9727804 ] } },
{ "type": "Feature", "properties": { "node_id": 1751203571, "x": 80.2190408, "y": 12.977193 }, "geometry": { "type": "Point", "coordinates": [ 80.2190408, 12.977193 ] } },
{ "type": "Feature", "properties": { "node_id": 1751203573, "x": 80.2189812, "y": 12.9758898 }, "geometry": { "type": "Point", "coordinates": [ 80.2189812, 12.9758898 ] } },
{ "type": "Feature", "properties": { "node_id": 1751205028, "x": 80.2190391, "y": 12.9767769 }, "geometry": { "type": "Point", "coordinates": [ 80.2190391, 12.9767769 ] } },
{ "type": "Feature", "properties": { "node_id": 1751205029, "x": 80.2194252, "y": 12.976792 }, "geometry": { "type": "Point", "coordinates": [ 80.2194252, 12.976792 ] } },
{ "type": "Feature", "properties": { "node_id": 1751205809, "x": 80.2190088, "y": 12.9763109 }, "geometry": { "type": "Point", "coordinates": [ 80.2190088, 12.9763109 ] } },
{ "type": "Feature", "properties": { "node_id": 1764122477, "x": 80.213524, "y": 12.971629 }, "geometry": { "type": "Point", "coordinates": [ 80.213524, 12.971629 ] } },
{ "type": "Feature", "properties": { "node_id": 1765256379, "x": 80.2174339, "y": 12.9666872 }, "geometry": { "type": "Point", "coordinates": [ 80.2174339, 12.9666872 ] } },
{ "type": "Feature", "properties": { "node_id": 1765260863, "x": 80.2330059, "y": 12.9772512 }, "geometry": { "type": "Point", "coordinates": [ 80.2330059, 12.9772512 ] } },
{ "type": "Feature", "properties": { "node_id": 1765261170, "x": 80.2290902, "y": 12.9742782 }, "geometry": { "type": "Point", "coordinates": [ 80.2290902, 12.9742782 ] } },
{ "type": "Feature", "properties": { "node_id": 1765261172, "x": 80.2280482, "y": 12.9739996 }, "geometry": { "type": "Point", "coordinates": [ 80.2280482, 12.9739996 ] } },
{ "type": "Feature", "properties": { "node_id": 1765262586, "x": 80.2228224, "y": 12.972625 }, "geometry": { "type": "Point", "coordinates": [ 80.2228224, 12.972625 ] } },
{ "type": "Feature", "properties": { "node_id": 1768289876, "x": 80.2225309, "y": 12.9708188 }, "geometry": { "type": "Point", "coordinates": [ 80.2225309, 12.9708188 ] } },
{ "type": "Feature", "properties": { "node_id": 1789988690, "x": 80.2052002, "y": 12.9799068 }, "geometry": { "type": "Point", "coordinates": [ 80.2052002, 12.9799068 ] } },
{ "type": "Feature", "properties": { "node_id": 1878169816, "x": 80.2071726, "y": 12.9655759 }, "geometry": { "type": "Point", "coordinates": [ 80.2071726, 12.9655759 ] } },
{ "type": "Feature", "properties": { "node_id": 1889993380, "x": 80.2195488, "y": 12.9738301 }, "geometry": { "type": "Point", "coordinates": [ 80.2195488, 12.9738301 ] } },
{ "type": "Feature", "properties": { "node_id": 1889993384, "x": 80.2199539, "y": 12.973812 }, "geometry": { "type": "Point", "coordinates": [ 80.2199539, 12.973812 ] } },
{ "type": "Feature", "properties": { "node_id": 1889993394, "x": 80.219798, "y": 12.974749 }, "geometry": { "type": "Point", "coordinates": [ 80.219798, 12.974749 ] } },
{ "type": "Feature", "properties": { "node_id": 1944183568, "x": 80.2331309, "y": 12.9671094 }, "geometry": { "type": "Point", "coordinates": [ 80.2331309, 12.9671094 ] } },
{ "type": "Feature", "properties": { "node_id": 1944183571, "x": 80.2331223, "y": 12.9673693 }, "geometry": { "type": "Point", "coordinates": [ 80.2331223, 12.9673693 ] } },
{ "type": "Feature", "properties": { "node_id": 1944183575, "x": 80.2306795, "y": 12.9674067 }, "geometry": { "type": "Point", "coordinates": [ 80.2306795, 12.9674067 ] } },
{ "type": "Feature", "properties": { "node_id": 1944183578, "x": 80.2331249, "y": 12.9674272 }, "geometry": { "type": "Point", "coordinates": [ 80.2331249, 12.9674272 ] } },
{ "type": "Feature", "properties": { "node_id": 1944183580, "x": 80.2363697, "y": 12.9674242 }, "geometry": { "type": "Point", "coordinates": [ 80.2363697, 12.9674242 ] } },
{ "type": "Feature", "properties": { "node_id": 1944183582, "x": 80.2353578, "y": 12.9674939 }, "geometry": { "type": "Point", "coordinates": [ 80.2353578, 12.9674939 ] } },
{ "type": "Feature", "properties": { "node_id": 1944183586, "x": 80.2374839, "y": 12.9676117 }, "geometry": { "type": "Point", "coordinates": [ 80.2374839, 12.9676117 ] } },
{ "type": "Feature", "properties": { "node_id": 1944183589, "x": 80.2331609, "y": 12.9677411 }, "geometry": { "type": "Point", "coordinates": [ 80.2331609, 12.9677411 ] } },
{ "type": "Feature", "properties": { "node_id": 1944183591, "x": 80.2353514, "y": 12.9677623 }, "geometry": { "type": "Point", "coordinates": [ 80.2353514, 12.9677623 ] } },
{ "type": "Feature", "properties": { "node_id": 1944183594, "x": 80.2355107, "y": 12.9679393 }, "geometry": { "type": "Point", "coordinates": [ 80.2355107, 12.9679393 ] } },
{ "type": "Feature", "properties": { "node_id": 1944183606, "x": 80.2331767, "y": 12.967962 }, "geometry": { "type": "Point", "coordinates": [ 80.2331767, 12.967962 ] } },
{ "type": "Feature", "properties": { "node_id": 1944183607, "x": 80.2353593, "y": 12.9679636 }, "geometry": { "type": "Point", "coordinates": [ 80.2353593, 12.9679636 ] } },
{ "type": "Feature", "properties": { "node_id": 1944183608, "x": 80.2352114, "y": 12.9679877 }, "geometry": { "type": "Point", "coordinates": [ 80.2352114, 12.9679877 ] } },
{ "type": "Feature", "properties": { "node_id": 1944183614, "x": 80.2348071, "y": 12.9680538 }, "geometry": { "type": "Point", "coordinates": [ 80.2348071, 12.9680538 ] } },
{ "type": "Feature", "properties": { "node_id": 1944183616, "x": 80.2332031, "y": 12.9681004 }, "geometry": { "type": "Point", "coordinates": [ 80.2332031, 12.9681004 ] } },
{ "type": "Feature", "properties": { "node_id": 1944183618, "x": 80.2330338, "y": 12.9682297 }, "geometry": { "type": "Point", "coordinates": [ 80.2330338, 12.9682297 ] } },
{ "type": "Feature", "properties": { "node_id": 1944183621, "x": 80.2362164, "y": 12.9684248 }, "geometry": { "type": "Point", "coordinates": [ 80.2362164, 12.9684248 ] } },
{ "type": "Feature", "properties": { "node_id": 1944183623, "x": 80.2330337, "y": 12.968454 }, "geometry": { "type": "Point", "coordinates": [ 80.2330337, 12.968454 ] } },
{ "type": "Feature", "properties": { "node_id": 1944183626, "x": 80.2357693, "y": 12.9685425 }, "geometry": { "type": "Point", "coordinates": [ 80.2357693, 12.9685425 ] } },
{ "type": "Feature", "properties": { "node_id": 1944183632, "x": 80.2330196, "y": 12.9687011 }, "geometry": { "type": "Point", "coordinates": [ 80.2330196, 12.9687011 ] } },
{ "type": "Feature", "properties": { "node_id": 1944183633, "x": 80.2319324, "y": 12.968791 }, "geometry": { "type": "Point", "coordinates": [ 80.2319324, 12.968791 ] } },
{ "type": "Feature", "properties": { "node_id": 1944183634, "x": 80.2357631, "y": 12.9687965 }, "geometry": { "type": "Point", "coordinates": [ 80.2357631, 12.9687965 ] } },
{ "type": "Feature", "properties": { "node_id": 1944183638, "x": 80.2363377, "y": 12.9690493 }, "geometry": { "type": "Point", "coordinates": [ 80.2363377, 12.9690493 ] } },
{ "type": "Feature", "properties": { "node_id": 1944183639, "x": 80.2330266, "y": 12.9689796 }, "geometry": { "type": "Point", "coordinates": [ 80.2330266, 12.9689796 ] } },
{ "type": "Feature", "properties": { "node_id": 1944183645, "x": 80.2357568, "y": 12.9690495 }, "geometry": { "type": "Point", "coordinates": [ 80.2357568, 12.9690495 ] } },
{ "type": "Feature", "properties": { "node_id": 1944183647, "x": 80.2348169, "y": 12.9691608 }, "geometry": { "type": "Point", "coordinates": [ 80.2348169, 12.9691608 ] } },
{ "type": "Feature", "properties": { "node_id": 1944183649, "x": 80.2362643, "y": 12.9692317 }, "geometry": { "type": "Point", "coordinates": [ 80.2362643, 12.9692317 ] } },
{ "type": "Feature", "properties": { "node_id": 1944183651, "x": 80.2373982, "y": 12.9692831 }, "geometry": { "type": "Point", "coordinates": [ 80.2373982, 12.9692831 ] } },
{ "type": "Feature", "properties": { "node_id": 1944183653, "x": 80.2369188, "y": 12.9693203 }, "geometry": { "type": "Point", "coordinates": [ 80.2369188, 12.9693203 ] } },
{ "type": "Feature", "properties": { "node_id": 1944183657, "x": 80.2357451, "y": 12.9693445 }, "geometry": { "type": "Point", "coordinates": [ 80.2357451, 12.9693445 ] } },
{ "type": "Feature", "properties": { "node_id": 1944183658, "x": 80.2307849, "y": 12.9693909 }, "geometry": { "type": "Point", "coordinates": [ 80.2307849, 12.9693909 ] } },
{ "type": "Feature", "properties": { "node_id": 1944183660, "x": 80.2330267, "y": 12.9694164 }, "geometry": { "type": "Point", "coordinates": [ 80.2330267, 12.9694164 ] } },
{ "type": "Feature", "properties": { "node_id": 1944183661, "x": 80.2348039, "y": 12.969399 }, "geometry": { "type": "Point", "coordinates": [ 80.2348039, 12.969399 ] } },
{ "type": "Feature", "properties": { "node_id": 1944183664, "x": 80.2330272, "y": 12.9695142 }, "geometry": { "type": "Point", "coordinates": [ 80.2330272, 12.9695142 ] } },
{ "type": "Feature", "properties": { "node_id": 1944183665, "x": 80.2357475, "y": 12.969601 }, "geometry": { "type": "Point", "coordinates": [ 80.2357475, 12.969601 ] } },
{ "type": "Feature", "properties": { "node_id": 1944183667, "x": 80.2347985, "y": 12.9696597 }, "geometry": { "type": "Point", "coordinates": [ 80.2347985, 12.9696597 ] } },
{ "type": "Feature", "properties": { "node_id": 1944183668, "x": 80.2330387, "y": 12.9696662 }, "geometry": { "type": "Point", "coordinates": [ 80.2330387, 12.9696662 ] } },
{ "type": "Feature", "properties": { "node_id": 1944183670, "x": 80.2330447, "y": 12.9697846 }, "geometry": { "type": "Point", "coordinates": [ 80.2330447, 12.9697846 ] } },
{ "type": "Feature", "properties": { "node_id": 1944183672, "x": 80.2357448, "y": 12.9698448 }, "geometry": { "type": "Point", "coordinates": [ 80.2357448, 12.9698448 ] } },
{ "type": "Feature", "properties": { "node_id": 1944183673, "x": 80.2308111, "y": 12.9698837 }, "geometry": { "type": "Point", "coordinates": [ 80.2308111, 12.9698837 ] } },
{ "type": "Feature", "properties": { "node_id": 1944183674, "x": 80.2352136, "y": 12.969908 }, "geometry": { "type": "Point", "coordinates": [ 80.2352136, 12.969908 ] } },
{ "type": "Feature", "properties": { "node_id": 1944183675, "x": 80.2330507, "y": 12.9699132 }, "geometry": { "type": "Point", "coordinates": [ 80.2330507, 12.9699132 ] } },
{ "type": "Feature", "properties": { "node_id": 1944183678, "x": 80.2362463, "y": 12.9700055 }, "geometry": { "type": "Point", "coordinates": [ 80.2362463, 12.9700055 ] } },
{ "type": "Feature", "properties": { "node_id": 1944183682, "x": 80.2357559, "y": 12.9701082 }, "geometry": { "type": "Point", "coordinates": [ 80.2357559, 12.9701082 ] } },
{ "type": "Feature", "properties": { "node_id": 1944183683, "x": 80.2351981, "y": 12.9701786 }, "geometry": { "type": "Point", "coordinates": [ 80.2351981, 12.9701786 ] } },
{ "type": "Feature", "properties": { "node_id": 1944183684, "x": 80.230826, "y": 12.9701658 }, "geometry": { "type": "Point", "coordinates": [ 80.230826, 12.9701658 ] } },
{ "type": "Feature", "properties": { "node_id": 1944183685, "x": 80.2315542, "y": 12.9702329 }, "geometry": { "type": "Point", "coordinates": [ 80.2315542, 12.9702329 ] } },
{ "type": "Feature", "properties": { "node_id": 1944183686, "x": 80.2369951, "y": 12.9702538 }, "geometry": { "type": "Point", "coordinates": [ 80.2369951, 12.9702538 ] } },
{ "type": "Feature", "properties": { "node_id": 1944183687, "x": 80.2322298, "y": 12.9702978 }, "geometry": { "type": "Point", "coordinates": [ 80.2322298, 12.9702978 ] } },
{ "type": "Feature", "properties": { "node_id": 1944183689, "x": 80.2364962, "y": 12.9702987 }, "geometry": { "type": "Point", "coordinates": [ 80.2364962, 12.9702987 ] } },
{ "type": "Feature", "properties": { "node_id": 1944183691, "x": 80.2362615, "y": 12.9703185 }, "geometry": { "type": "Point", "coordinates": [ 80.2362615, 12.9703185 ] } },
{ "type": "Feature", "properties": { "node_id": 1944183692, "x": 80.2322226, "y": 12.970327 }, "geometry": { "type": "Point", "coordinates": [ 80.2322226, 12.970327 ] } },
{ "type": "Feature", "properties": { "node_id": 1944183693, "x": 80.2355674, "y": 12.9703792 }, "geometry": { "type": "Point", "coordinates": [ 80.2355674, 12.9703792 ] } },
{ "type": "Feature", "properties": { "node_id": 1944183694, "x": 80.2354873, "y": 12.9703882 }, "geometry": { "type": "Point", "coordinates": [ 80.2354873, 12.9703882 ] } },
{ "type": "Feature", "properties": { "node_id": 1944183695, "x": 80.2352031, "y": 12.9704249 }, "geometry": { "type": "Point", "coordinates": [ 80.2352031, 12.9704249 ] } },
{ "type": "Feature", "properties": { "node_id": 1944183696, "x": 80.2349628, "y": 12.9704278 }, "geometry": { "type": "Point", "coordinates": [ 80.2349628, 12.9704278 ] } },
{ "type": "Feature", "properties": { "node_id": 1944183697, "x": 80.230839, "y": 12.9704087 }, "geometry": { "type": "Point", "coordinates": [ 80.230839, 12.9704087 ] } },
{ "type": "Feature", "properties": { "node_id": 1944183698, "x": 80.2347217, "y": 12.9704519 }, "geometry": { "type": "Point", "coordinates": [ 80.2347217, 12.9704519 ] } },
{ "type": "Feature", "properties": { "node_id": 1944183699, "x": 80.2344826, "y": 12.9704504 }, "geometry": { "type": "Point", "coordinates": [ 80.2344826, 12.9704504 ] } },
{ "type": "Feature", "properties": { "node_id": 1944183700, "x": 80.2342389, "y": 12.970455 }, "geometry": { "type": "Point", "coordinates": [ 80.2342389, 12.970455 ] } },
{ "type": "Feature", "properties": { "node_id": 1944183701, "x": 80.2339887, "y": 12.9704537 }, "geometry": { "type": "Point", "coordinates": [ 80.2339887, 12.9704537 ] } },
{ "type": "Feature", "properties": { "node_id": 1944183703, "x": 80.2335184, "y": 12.9704735 }, "geometry": { "type": "Point", "coordinates": [ 80.2335184, 12.9704735 ] } },
{ "type": "Feature", "properties": { "node_id": 1944183704, "x": 80.2332915, "y": 12.9704835 }, "geometry": { "type": "Point", "coordinates": [ 80.2332915, 12.9704835 ] } },
{ "type": "Feature", "properties": { "node_id": 1944183708, "x": 80.2315879, "y": 12.970576 }, "geometry": { "type": "Point", "coordinates": [ 80.2315879, 12.970576 ] } },
{ "type": "Feature", "properties": { "node_id": 1944183709, "x": 80.2377429, "y": 12.9705766 }, "geometry": { "type": "Point", "coordinates": [ 80.2377429, 12.9705766 ] } },
{ "type": "Feature", "properties": { "node_id": 1944183710, "x": 80.2308508, "y": 12.9706309 }, "geometry": { "type": "Point", "coordinates": [ 80.2308508, 12.9706309 ] } },
{ "type": "Feature", "properties": { "node_id": 1944183719, "x": 80.2378001, "y": 12.9715001 }, "geometry": { "type": "Point", "coordinates": [ 80.2378001, 12.9715001 ] } },
{ "type": "Feature", "properties": { "node_id": 1944183720, "x": 80.2375705, "y": 12.971518 }, "geometry": { "type": "Point", "coordinates": [ 80.2375705, 12.971518 ] } },
{ "type": "Feature", "properties": { "node_id": 1944183721, "x": 80.2373606, "y": 12.9715412 }, "geometry": { "type": "Point", "coordinates": [ 80.2373606, 12.9715412 ] } },
{ "type": "Feature", "properties": { "node_id": 1944183722, "x": 80.2370919, "y": 12.9715619 }, "geometry": { "type": "Point", "coordinates": [ 80.2370919, 12.9715619 ] } },
{ "type": "Feature", "properties": { "node_id": 1944183723, "x": 80.2368543, "y": 12.9715826 }, "geometry": { "type": "Point", "coordinates": [ 80.2368543, 12.9715826 ] } },
{ "type": "Feature", "properties": { "node_id": 1944183724, "x": 80.2366338, "y": 12.9716183 }, "geometry": { "type": "Point", "coordinates": [ 80.2366338, 12.9716183 ] } },
{ "type": "Feature", "properties": { "node_id": 1944183725, "x": 80.2363926, "y": 12.9716451 }, "geometry": { "type": "Point", "coordinates": [ 80.2363926, 12.9716451 ] } },
{ "type": "Feature", "properties": { "node_id": 1944183726, "x": 80.2359133, "y": 12.9716826 }, "geometry": { "type": "Point", "coordinates": [ 80.2359133, 12.9716826 ] } },
{ "type": "Feature", "properties": { "node_id": 1944183727, "x": 80.2350027, "y": 12.971768 }, "geometry": { "type": "Point", "coordinates": [ 80.2350027, 12.971768 ] } },
{ "type": "Feature", "properties": { "node_id": 1944183728, "x": 80.2344928, "y": 12.9717743 }, "geometry": { "type": "Point", "coordinates": [ 80.2344928, 12.9717743 ] } },
{ "type": "Feature", "properties": { "node_id": 1944183729, "x": 80.2342682, "y": 12.9717723 }, "geometry": { "type": "Point", "coordinates": [ 80.2342682, 12.9717723 ] } },
{ "type": "Feature", "properties": { "node_id": 1944183730, "x": 80.2335596, "y": 12.9717611 }, "geometry": { "type": "Point", "coordinates": [ 80.2335596, 12.9717611 ] } },
{ "type": "Feature", "properties": { "node_id": 1944183731, "x": 80.2333235, "y": 12.9717512 }, "geometry": { "type": "Point", "coordinates": [ 80.2333235, 12.9717512 ] } },
{ "type": "Feature", "properties": { "node_id": 1944183732, "x": 80.2340274, "y": 12.9717591 }, "geometry": { "type": "Point", "coordinates": [ 80.2340274, 12.9717591 ] } },
{ "type": "Feature", "properties": { "node_id": 1944183741, "x": 80.2332697, "y": 12.9723386 }, "geometry": { "type": "Point", "coordinates": [ 80.2332697, 12.9723386 ] } },
{ "type": "Feature", "properties": { "node_id": 1944183746, "x": 80.2339347, "y": 12.972489 }, "geometry": { "type": "Point", "coordinates": [ 80.2339347, 12.972489 ] } },
{ "type": "Feature", "properties": { "node_id": 1944183755, "x": 80.2349438, "y": 12.9729364 }, "geometry": { "type": "Point", "coordinates": [ 80.2349438, 12.9729364 ] } },
{ "type": "Feature", "properties": { "node_id": 1944183759, "x": 80.2364629, "y": 12.9729997 }, "geometry": { "type": "Point", "coordinates": [ 80.2364629, 12.9729997 ] } },
{ "type": "Feature", "properties": { "node_id": 1944183763, "x": 80.2366906, "y": 12.9730629 }, "geometry": { "type": "Point", "coordinates": [ 80.2366906, 12.9730629 ] } },
{ "type": "Feature", "properties": { "node_id": 1944183766, "x": 80.2369349, "y": 12.973132 }, "geometry": { "type": "Point", "coordinates": [ 80.2369349, 12.973132 ] } },
{ "type": "Feature", "properties": { "node_id": 1944183768, "x": 80.2377691, "y": 12.9731423 }, "geometry": { "type": "Point", "coordinates": [ 80.2377691, 12.9731423 ] } },
{ "type": "Feature", "properties": { "node_id": 1944183770, "x": 80.237514, "y": 12.9731708 }, "geometry": { "type": "Point", "coordinates": [ 80.237514, 12.9731708 ] } },
{ "type": "Feature", "properties": { "node_id": 1944183771, "x": 80.2357115, "y": 12.9731797 }, "geometry": { "type": "Point", "coordinates": [ 80.2357115, 12.9731797 ] } },
{ "type": "Feature", "properties": { "node_id": 1944183772, "x": 80.2361071, "y": 12.9733031 }, "geometry": { "type": "Point", "coordinates": [ 80.2361071, 12.9733031 ] } },
{ "type": "Feature", "properties": { "node_id": 1944183774, "x": 80.2364782, "y": 12.9734484 }, "geometry": { "type": "Point", "coordinates": [ 80.2364782, 12.9734484 ] } },
{ "type": "Feature", "properties": { "node_id": 1944183775, "x": 80.2365886, "y": 12.9734937 }, "geometry": { "type": "Point", "coordinates": [ 80.2365886, 12.9734937 ] } },
{ "type": "Feature", "properties": { "node_id": 1944183790, "x": 80.2374799, "y": 12.9739275 }, "geometry": { "type": "Point", "coordinates": [ 80.2374799, 12.9739275 ] } },
{ "type": "Feature", "properties": { "node_id": 1944183795, "x": 80.2335873, "y": 12.9739021 }, "geometry": { "type": "Point", "coordinates": [ 80.2335873, 12.9739021 ] } },
{ "type": "Feature", "properties": { "node_id": 1944183796, "x": 80.2375806, "y": 12.973957 }, "geometry": { "type": "Point", "coordinates": [ 80.2375806, 12.973957 ] } },
{ "type": "Feature", "properties": { "node_id": 1944183801, "x": 80.2377713, "y": 12.9740275 }, "geometry": { "type": "Point", "coordinates": [ 80.2377713, 12.9740275 ] } },
{ "type": "Feature", "properties": { "node_id": 1944183824, "x": 80.2358224, "y": 12.9744824 }, "geometry": { "type": "Point", "coordinates": [ 80.2358224, 12.9744824 ] } },
{ "type": "Feature", "properties": { "node_id": 1944183835, "x": 80.2334522, "y": 12.9751841 }, "geometry": { "type": "Point", "coordinates": [ 80.2334522, 12.9751841 ] } },
{ "type": "Feature", "properties": { "node_id": 1944183837, "x": 80.2337892, "y": 12.9752189 }, "geometry": { "type": "Point", "coordinates": [ 80.2337892, 12.9752189 ] } },
{ "type": "Feature", "properties": { "node_id": 1944183838, "x": 80.2341233, "y": 12.975256 }, "geometry": { "type": "Point", "coordinates": [ 80.2341233, 12.975256 ] } },
{ "type": "Feature", "properties": { "node_id": 1944183840, "x": 80.2344514, "y": 12.9752825 }, "geometry": { "type": "Point", "coordinates": [ 80.2344514, 12.9752825 ] } },
{ "type": "Feature", "properties": { "node_id": 1944183841, "x": 80.2379271, "y": 12.9752837 }, "geometry": { "type": "Point", "coordinates": [ 80.2379271, 12.9752837 ] } },
{ "type": "Feature", "properties": { "node_id": 1944183842, "x": 80.2373848, "y": 12.9753395 }, "geometry": { "type": "Point", "coordinates": [ 80.2373848, 12.9753395 ] } },
{ "type": "Feature", "properties": { "node_id": 1944183843, "x": 80.2352738, "y": 12.9753562 }, "geometry": { "type": "Point", "coordinates": [ 80.2352738, 12.9753562 ] } },
{ "type": "Feature", "properties": { "node_id": 1944183844, "x": 80.2355309, "y": 12.9753804 }, "geometry": { "type": "Point", "coordinates": [ 80.2355309, 12.9753804 ] } },
{ "type": "Feature", "properties": { "node_id": 1944183845, "x": 80.2364035, "y": 12.9754592 }, "geometry": { "type": "Point", "coordinates": [ 80.2364035, 12.9754592 ] } },
{ "type": "Feature", "properties": { "node_id": 1944183846, "x": 80.2369949, "y": 12.9755136 }, "geometry": { "type": "Point", "coordinates": [ 80.2369949, 12.9755136 ] } },
{ "type": "Feature", "properties": { "node_id": 1952250976, "x": 80.2360115, "y": 12.9649224 }, "geometry": { "type": "Point", "coordinates": [ 80.2360115, 12.9649224 ] } },
{ "type": "Feature", "properties": { "node_id": 1952250981, "x": 80.2360807, "y": 12.9656792 }, "geometry": { "type": "Point", "coordinates": [ 80.2360807, 12.9656792 ] } },
{ "type": "Feature", "properties": { "node_id": 1952250982, "x": 80.2329584, "y": 12.9665316 }, "geometry": { "type": "Point", "coordinates": [ 80.2329584, 12.9665316 ] } },
{ "type": "Feature", "properties": { "node_id": 1986353938, "x": 80.2231087, "y": 12.9708735 }, "geometry": { "type": "Point", "coordinates": [ 80.2231087, 12.9708735 ] } },
{ "type": "Feature", "properties": { "node_id": 1986353944, "x": 80.2230228, "y": 12.9718812 }, "geometry": { "type": "Point", "coordinates": [ 80.2230228, 12.9718812 ] } },
{ "type": "Feature", "properties": { "node_id": 2116367796, "x": 80.1986432, "y": 12.991606 }, "geometry": { "type": "Point", "coordinates": [ 80.1986432, 12.991606 ] } },
{ "type": "Feature", "properties": { "node_id": 2146414136, "x": 80.2283929, "y": 12.9801425 }, "geometry": { "type": "Point", "coordinates": [ 80.2283929, 12.9801425 ] } },
{ "type": "Feature", "properties": { "node_id": 2146414137, "x": 80.2282523, "y": 12.9801764 }, "geometry": { "type": "Point", "coordinates": [ 80.2282523, 12.9801764 ] } },
{ "type": "Feature", "properties": { "node_id": 2146414141, "x": 80.2293003, "y": 12.9806072 }, "geometry": { "type": "Point", "coordinates": [ 80.2293003, 12.9806072 ] } },
{ "type": "Feature", "properties": { "node_id": 2146417139, "x": 80.2293069, "y": 12.9809194 }, "geometry": { "type": "Point", "coordinates": [ 80.2293069, 12.9809194 ] } },
{ "type": "Feature", "properties": { "node_id": 2165528729, "x": 80.2018444, "y": 12.9645179 }, "geometry": { "type": "Point", "coordinates": [ 80.2018444, 12.9645179 ] } },
{ "type": "Feature", "properties": { "node_id": 2166690833, "x": 80.1980471, "y": 12.9652637 }, "geometry": { "type": "Point", "coordinates": [ 80.1980471, 12.9652637 ] } },
{ "type": "Feature", "properties": { "node_id": 2166705612, "x": 80.2157114, "y": 12.9641844 }, "geometry": { "type": "Point", "coordinates": [ 80.2157114, 12.9641844 ] } },
{ "type": "Feature", "properties": { "node_id": 2166705618, "x": 80.2149684, "y": 12.9645162 }, "geometry": { "type": "Point", "coordinates": [ 80.2149684, 12.9645162 ] } },
{ "type": "Feature", "properties": { "node_id": 2166705619, "x": 80.2158597, "y": 12.9645381 }, "geometry": { "type": "Point", "coordinates": [ 80.2158597, 12.9645381 ] } },
{ "type": "Feature", "properties": { "node_id": 2166705620, "x": 80.2143232, "y": 12.9646665 }, "geometry": { "type": "Point", "coordinates": [ 80.2143232, 12.9646665 ] } },
{ "type": "Feature", "properties": { "node_id": 2166705621, "x": 80.2160083, "y": 12.9649216 }, "geometry": { "type": "Point", "coordinates": [ 80.2160083, 12.9649216 ] } },
{ "type": "Feature", "properties": { "node_id": 2166705622, "x": 80.2143822, "y": 12.9648623 }, "geometry": { "type": "Point", "coordinates": [ 80.2143822, 12.9648623 ] } },
{ "type": "Feature", "properties": { "node_id": 2166705624, "x": 80.2144565, "y": 12.9651088 }, "geometry": { "type": "Point", "coordinates": [ 80.2144565, 12.9651088 ] } },
{ "type": "Feature", "properties": { "node_id": 2166705625, "x": 80.2145586, "y": 12.9651723 }, "geometry": { "type": "Point", "coordinates": [ 80.2145586, 12.9651723 ] } },
{ "type": "Feature", "properties": { "node_id": 2166705626, "x": 80.2161616, "y": 12.9653038 }, "geometry": { "type": "Point", "coordinates": [ 80.2161616, 12.9653038 ] } },
{ "type": "Feature", "properties": { "node_id": 2166705627, "x": 80.2146456, "y": 12.9655709 }, "geometry": { "type": "Point", "coordinates": [ 80.2146456, 12.9655709 ] } },
{ "type": "Feature", "properties": { "node_id": 2166705629, "x": 80.2163081, "y": 12.9656893 }, "geometry": { "type": "Point", "coordinates": [ 80.2163081, 12.9656893 ] } },
{ "type": "Feature", "properties": { "node_id": 2166705633, "x": 80.2147828, "y": 12.9660328 }, "geometry": { "type": "Point", "coordinates": [ 80.2147828, 12.9660328 ] } },
{ "type": "Feature", "properties": { "node_id": 2166739361, "x": 80.2150322, "y": 12.9665404 }, "geometry": { "type": "Point", "coordinates": [ 80.2150322, 12.9665404 ] } },
{ "type": "Feature", "properties": { "node_id": 2166739395, "x": 80.2166976, "y": 12.966791 }, "geometry": { "type": "Point", "coordinates": [ 80.2166976, 12.966791 ] } },
{ "type": "Feature", "properties": { "node_id": 2166739402, "x": 80.2151936, "y": 12.9670369 }, "geometry": { "type": "Point", "coordinates": [ 80.2151936, 12.9670369 ] } },
{ "type": "Feature", "properties": { "node_id": 2166739407, "x": 80.2152436, "y": 12.9671854 }, "geometry": { "type": "Point", "coordinates": [ 80.2152436, 12.9671854 ] } },
{ "type": "Feature", "properties": { "node_id": 2166739411, "x": 80.2168532, "y": 12.9670733 }, "geometry": { "type": "Point", "coordinates": [ 80.2168532, 12.9670733 ] } },
{ "type": "Feature", "properties": { "node_id": 2166739418, "x": 80.2153813, "y": 12.9675493 }, "geometry": { "type": "Point", "coordinates": [ 80.2153813, 12.9675493 ] } },
{ "type": "Feature", "properties": { "node_id": 2166739443, "x": 80.2154705, "y": 12.9676709 }, "geometry": { "type": "Point", "coordinates": [ 80.2154705, 12.9676709 ] } },
{ "type": "Feature", "properties": { "node_id": 2166739455, "x": 80.215484, "y": 12.9680091 }, "geometry": { "type": "Point", "coordinates": [ 80.215484, 12.9680091 ] } },
{ "type": "Feature", "properties": { "node_id": 2166739484, "x": 80.2149414, "y": 12.9685545 }, "geometry": { "type": "Point", "coordinates": [ 80.2149414, 12.9685545 ] } },
{ "type": "Feature", "properties": { "node_id": 2166739512, "x": 80.2163164, "y": 12.9690099 }, "geometry": { "type": "Point", "coordinates": [ 80.2163164, 12.9690099 ] } },
{ "type": "Feature", "properties": { "node_id": 2166791406, "x": 80.2075506, "y": 12.9652162 }, "geometry": { "type": "Point", "coordinates": [ 80.2075506, 12.9652162 ] } },
{ "type": "Feature", "properties": { "node_id": 2166791407, "x": 80.2085264, "y": 12.9653304 }, "geometry": { "type": "Point", "coordinates": [ 80.2085264, 12.9653304 ] } },
{ "type": "Feature", "properties": { "node_id": 2166791408, "x": 80.207604, "y": 12.9655134 }, "geometry": { "type": "Point", "coordinates": [ 80.207604, 12.9655134 ] } },
{ "type": "Feature", "properties": { "node_id": 2166791410, "x": 80.2063676, "y": 12.9657361 }, "geometry": { "type": "Point", "coordinates": [ 80.2063676, 12.9657361 ] } },
{ "type": "Feature", "properties": { "node_id": 2166791411, "x": 80.2076685, "y": 12.9659147 }, "geometry": { "type": "Point", "coordinates": [ 80.2076685, 12.9659147 ] } },
{ "type": "Feature", "properties": { "node_id": 2166791412, "x": 80.2064331, "y": 12.9660574 }, "geometry": { "type": "Point", "coordinates": [ 80.2064331, 12.9660574 ] } },
{ "type": "Feature", "properties": { "node_id": 2166791413, "x": 80.2133531, "y": 12.9662809 }, "geometry": { "type": "Point", "coordinates": [ 80.2133531, 12.9662809 ] } },
{ "type": "Feature", "properties": { "node_id": 2166791414, "x": 80.2116846, "y": 12.9665873 }, "geometry": { "type": "Point", "coordinates": [ 80.2116846, 12.9665873 ] } },
{ "type": "Feature", "properties": { "node_id": 2166791415, "x": 80.2117547, "y": 12.9670243 }, "geometry": { "type": "Point", "coordinates": [ 80.2117547, 12.9670243 ] } },
{ "type": "Feature", "properties": { "node_id": 2166791416, "x": 80.2117323, "y": 12.9682314 }, "geometry": { "type": "Point", "coordinates": [ 80.2117323, 12.9682314 ] } },
{ "type": "Feature", "properties": { "node_id": 2166791417, "x": 80.211768, "y": 12.9686406 }, "geometry": { "type": "Point", "coordinates": [ 80.211768, 12.9686406 ] } },
{ "type": "Feature", "properties": { "node_id": 2166791418, "x": 80.2073922, "y": 12.9688024 }, "geometry": { "type": "Point", "coordinates": [ 80.2073922, 12.9688024 ] } },
{ "type": "Feature", "properties": { "node_id": 2166791422, "x": 80.2118092, "y": 12.969897 }, "geometry": { "type": "Point", "coordinates": [ 80.2118092, 12.969897 ] } },
{ "type": "Feature", "properties": { "node_id": 2166791425, "x": 80.2119021, "y": 12.9703914 }, "geometry": { "type": "Point", "coordinates": [ 80.2119021, 12.9703914 ] } },
{ "type": "Feature", "properties": { "node_id": 2166791426, "x": 80.2120179, "y": 12.9709179 }, "geometry": { "type": "Point", "coordinates": [ 80.2120179, 12.9709179 ] } },
{ "type": "Feature", "properties": { "node_id": 2166791427, "x": 80.212148, "y": 12.97145 }, "geometry": { "type": "Point", "coordinates": [ 80.212148, 12.97145 ] } },
{ "type": "Feature", "properties": { "node_id": 2166857702, "x": 80.2048315, "y": 12.9684965 }, "geometry": { "type": "Point", "coordinates": [ 80.2048315, 12.9684965 ] } },
{ "type": "Feature", "properties": { "node_id": 2166857709, "x": 80.2038731, "y": 12.9687904 }, "geometry": { "type": "Point", "coordinates": [ 80.2038731, 12.9687904 ] } },
{ "type": "Feature", "properties": { "node_id": 2166857714, "x": 80.1998414, "y": 12.9694694 }, "geometry": { "type": "Point", "coordinates": [ 80.1998414, 12.9694694 ] } },
{ "type": "Feature", "properties": { "node_id": 2166857715, "x": 80.1994832, "y": 12.9694971 }, "geometry": { "type": "Point", "coordinates": [ 80.1994832, 12.9694971 ] } },
{ "type": "Feature", "properties": { "node_id": 2166857717, "x": 80.1992404, "y": 12.9699215 }, "geometry": { "type": "Point", "coordinates": [ 80.1992404, 12.9699215 ] } },
{ "type": "Feature", "properties": { "node_id": 2166857718, "x": 80.2041867, "y": 12.9699602 }, "geometry": { "type": "Point", "coordinates": [ 80.2041867, 12.9699602 ] } },
{ "type": "Feature", "properties": { "node_id": 2166857719, "x": 80.1987725, "y": 12.9699818 }, "geometry": { "type": "Point", "coordinates": [ 80.1987725, 12.9699818 ] } },
{ "type": "Feature", "properties": { "node_id": 2166857720, "x": 80.2006837, "y": 12.9700413 }, "geometry": { "type": "Point", "coordinates": [ 80.2006837, 12.9700413 ] } },
{ "type": "Feature", "properties": { "node_id": 2166857721, "x": 80.1999323, "y": 12.970112 }, "geometry": { "type": "Point", "coordinates": [ 80.1999323, 12.970112 ] } },
{ "type": "Feature", "properties": { "node_id": 2166857722, "x": 80.1995321, "y": 12.9701793 }, "geometry": { "type": "Point", "coordinates": [ 80.1995321, 12.9701793 ] } },
{ "type": "Feature", "properties": { "node_id": 2166857723, "x": 80.2002409, "y": 12.9703353 }, "geometry": { "type": "Point", "coordinates": [ 80.2002409, 12.9703353 ] } },
{ "type": "Feature", "properties": { "node_id": 2166857724, "x": 80.1994034, "y": 12.9703039 }, "geometry": { "type": "Point", "coordinates": [ 80.1994034, 12.9703039 ] } },
{ "type": "Feature", "properties": { "node_id": 2166857725, "x": 80.1988349, "y": 12.9703692 }, "geometry": { "type": "Point", "coordinates": [ 80.1988349, 12.9703692 ] } },
{ "type": "Feature", "properties": { "node_id": 2166857729, "x": 80.200341, "y": 12.9707158 }, "geometry": { "type": "Point", "coordinates": [ 80.200341, 12.9707158 ] } },
{ "type": "Feature", "properties": { "node_id": 2166857730, "x": 80.2007506, "y": 12.9707841 }, "geometry": { "type": "Point", "coordinates": [ 80.2007506, 12.9707841 ] } },
{ "type": "Feature", "properties": { "node_id": 2166857735, "x": 80.2004641, "y": 12.9711608 }, "geometry": { "type": "Point", "coordinates": [ 80.2004641, 12.9711608 ] } },
{ "type": "Feature", "properties": { "node_id": 2166857739, "x": 80.2005929, "y": 12.9715959 }, "geometry": { "type": "Point", "coordinates": [ 80.2005929, 12.9715959 ] } },
{ "type": "Feature", "properties": { "node_id": 2166938761, "x": 80.2039362, "y": 12.9720477 }, "geometry": { "type": "Point", "coordinates": [ 80.2039362, 12.9720477 ] } },
{ "type": "Feature", "properties": { "node_id": 2166938764, "x": 80.1991806, "y": 12.9722266 }, "geometry": { "type": "Point", "coordinates": [ 80.1991806, 12.9722266 ] } },
{ "type": "Feature", "properties": { "node_id": 2166938766, "x": 80.2059042, "y": 12.9723138 }, "geometry": { "type": "Point", "coordinates": [ 80.2059042, 12.9723138 ] } },
{ "type": "Feature", "properties": { "node_id": 2166938768, "x": 80.1988998, "y": 12.972343 }, "geometry": { "type": "Point", "coordinates": [ 80.1988998, 12.972343 ] } },
{ "type": "Feature", "properties": { "node_id": 2166938777, "x": 80.1992782, "y": 12.9726693 }, "geometry": { "type": "Point", "coordinates": [ 80.1992782, 12.9726693 ] } },
{ "type": "Feature", "properties": { "node_id": 2166938789, "x": 80.2061591, "y": 12.9735439 }, "geometry": { "type": "Point", "coordinates": [ 80.2061591, 12.9735439 ] } },
{ "type": "Feature", "properties": { "node_id": 2166938805, "x": 80.2069967, "y": 12.9748092 }, "geometry": { "type": "Point", "coordinates": [ 80.2069967, 12.9748092 ] } },
{ "type": "Feature", "properties": { "node_id": 2166938806, "x": 80.2065689, "y": 12.9748341 }, "geometry": { "type": "Point", "coordinates": [ 80.2065689, 12.9748341 ] } },
{ "type": "Feature", "properties": { "node_id": 2166938807, "x": 80.2035232, "y": 12.9749796 }, "geometry": { "type": "Point", "coordinates": [ 80.2035232, 12.9749796 ] } },
{ "type": "Feature", "properties": { "node_id": 2166938808, "x": 80.2032181, "y": 12.9749859 }, "geometry": { "type": "Point", "coordinates": [ 80.2032181, 12.9749859 ] } },
{ "type": "Feature", "properties": { "node_id": 2166938809, "x": 80.2038994, "y": 12.9749877 }, "geometry": { "type": "Point", "coordinates": [ 80.2038994, 12.9749877 ] } },
{ "type": "Feature", "properties": { "node_id": 2166938810, "x": 80.2035368, "y": 12.9750529 }, "geometry": { "type": "Point", "coordinates": [ 80.2035368, 12.9750529 ] } },
{ "type": "Feature", "properties": { "node_id": 2166938813, "x": 80.203223, "y": 12.975415 }, "geometry": { "type": "Point", "coordinates": [ 80.203223, 12.975415 ] } },
{ "type": "Feature", "properties": { "node_id": 2166938814, "x": 80.2032187, "y": 12.9752846 }, "geometry": { "type": "Point", "coordinates": [ 80.2032187, 12.9752846 ] } },
{ "type": "Feature", "properties": { "node_id": 2166938816, "x": 80.1989675, "y": 12.97538 }, "geometry": { "type": "Point", "coordinates": [ 80.1989675, 12.97538 ] } },
{ "type": "Feature", "properties": { "node_id": 2166938828, "x": 80.1989126, "y": 12.976143 }, "geometry": { "type": "Point", "coordinates": [ 80.1989126, 12.976143 ] } },
{ "type": "Feature", "properties": { "node_id": 2166938830, "x": 80.2029361, "y": 12.9765487 }, "geometry": { "type": "Point", "coordinates": [ 80.2029361, 12.9765487 ] } },
{ "type": "Feature", "properties": { "node_id": 2166938835, "x": 80.2028792, "y": 12.9769361 }, "geometry": { "type": "Point", "coordinates": [ 80.2028792, 12.9769361 ] } },
{ "type": "Feature", "properties": { "node_id": 2166938836, "x": 80.2035747, "y": 12.9770468 }, "geometry": { "type": "Point", "coordinates": [ 80.2035747, 12.9770468 ] } },
{ "type": "Feature", "properties": { "node_id": 2166938844, "x": 80.2021812, "y": 12.9773746 }, "geometry": { "type": "Point", "coordinates": [ 80.2021812, 12.9773746 ] } },
{ "type": "Feature", "properties": { "node_id": 2166938846, "x": 80.2069428, "y": 12.9774037 }, "geometry": { "type": "Point", "coordinates": [ 80.2069428, 12.9774037 ] } },
{ "type": "Feature", "properties": { "node_id": 2166938853, "x": 80.2044767, "y": 12.977581 }, "geometry": { "type": "Point", "coordinates": [ 80.2044767, 12.977581 ] } },
{ "type": "Feature", "properties": { "node_id": 2166938855, "x": 80.2060447, "y": 12.9776188 }, "geometry": { "type": "Point", "coordinates": [ 80.2060447, 12.9776188 ] } },
{ "type": "Feature", "properties": { "node_id": 2166938857, "x": 80.2009416, "y": 12.9777315 }, "geometry": { "type": "Point", "coordinates": [ 80.2009416, 12.9777315 ] } },
{ "type": "Feature", "properties": { "node_id": 2166938859, "x": 80.2041451, "y": 12.9778449 }, "geometry": { "type": "Point", "coordinates": [ 80.2041451, 12.9778449 ] } },
{ "type": "Feature", "properties": { "node_id": 2166938860, "x": 80.1994933, "y": 12.978103 }, "geometry": { "type": "Point", "coordinates": [ 80.1994933, 12.978103 ] } },
{ "type": "Feature", "properties": { "node_id": 2166938861, "x": 80.202319, "y": 12.9780933 }, "geometry": { "type": "Point", "coordinates": [ 80.202319, 12.9780933 ] } },
{ "type": "Feature", "properties": { "node_id": 2166938862, "x": 80.2002417, "y": 12.9781332 }, "geometry": { "type": "Point", "coordinates": [ 80.2002417, 12.9781332 ] } },
{ "type": "Feature", "properties": { "node_id": 2166938864, "x": 80.2071222, "y": 12.9781252 }, "geometry": { "type": "Point", "coordinates": [ 80.2071222, 12.9781252 ] } },
{ "type": "Feature", "properties": { "node_id": 2166938868, "x": 80.2012011, "y": 12.9783077 }, "geometry": { "type": "Point", "coordinates": [ 80.2012011, 12.9783077 ] } },
{ "type": "Feature", "properties": { "node_id": 2166938869, "x": 80.2009482, "y": 12.9783147 }, "geometry": { "type": "Point", "coordinates": [ 80.2009482, 12.9783147 ] } },
{ "type": "Feature", "properties": { "node_id": 2166938870, "x": 80.1986951, "y": 12.9783195 }, "geometry": { "type": "Point", "coordinates": [ 80.1986951, 12.9783195 ] } },
{ "type": "Feature", "properties": { "node_id": 2166938871, "x": 80.2006093, "y": 12.9783241 }, "geometry": { "type": "Point", "coordinates": [ 80.2006093, 12.9783241 ] } },
{ "type": "Feature", "properties": { "node_id": 2166938872, "x": 80.2012088, "y": 12.9783727 }, "geometry": { "type": "Point", "coordinates": [ 80.2012088, 12.9783727 ] } },
{ "type": "Feature", "properties": { "node_id": 2166938879, "x": 80.1994603, "y": 12.9787336 }, "geometry": { "type": "Point", "coordinates": [ 80.1994603, 12.9787336 ] } },
{ "type": "Feature", "properties": { "node_id": 2166938882, "x": 80.1995597, "y": 12.9787434 }, "geometry": { "type": "Point", "coordinates": [ 80.1995597, 12.9787434 ] } },
{ "type": "Feature", "properties": { "node_id": 2166938893, "x": 80.1995381, "y": 12.9791454 }, "geometry": { "type": "Point", "coordinates": [ 80.1995381, 12.9791454 ] } },
{ "type": "Feature", "properties": { "node_id": 2166938926, "x": 80.2055344, "y": 12.9800865 }, "geometry": { "type": "Point", "coordinates": [ 80.2055344, 12.9800865 ] } },
{ "type": "Feature", "properties": { "node_id": 2166938938, "x": 80.2025248, "y": 12.9811185 }, "geometry": { "type": "Point", "coordinates": [ 80.2025248, 12.9811185 ] } },
{ "type": "Feature", "properties": { "node_id": 2167027568, "x": 80.2060749, "y": 12.9678863 }, "geometry": { "type": "Point", "coordinates": [ 80.2060749, 12.9678863 ] } },
{ "type": "Feature", "properties": { "node_id": 2167027576, "x": 80.2075482, "y": 12.9701309 }, "geometry": { "type": "Point", "coordinates": [ 80.2075482, 12.9701309 ] } },
{ "type": "Feature", "properties": { "node_id": 2167027583, "x": 80.2076771, "y": 12.9711564 }, "geometry": { "type": "Point", "coordinates": [ 80.2076771, 12.9711564 ] } },
{ "type": "Feature", "properties": { "node_id": 2167027593, "x": 80.2126142, "y": 12.9732853 }, "geometry": { "type": "Point", "coordinates": [ 80.2126142, 12.9732853 ] } },
{ "type": "Feature", "properties": { "node_id": 2167027596, "x": 80.2119183, "y": 12.9733426 }, "geometry": { "type": "Point", "coordinates": [ 80.2119183, 12.9733426 ] } },
{ "type": "Feature", "properties": { "node_id": 2167027598, "x": 80.2079322, "y": 12.9733607 }, "geometry": { "type": "Point", "coordinates": [ 80.2079322, 12.9733607 ] } },
{ "type": "Feature", "properties": { "node_id": 2167027604, "x": 80.2095962, "y": 12.9752217 }, "geometry": { "type": "Point", "coordinates": [ 80.2095962, 12.9752217 ] } },
{ "type": "Feature", "properties": { "node_id": 2167027609, "x": 80.2135833, "y": 12.9759725 }, "geometry": { "type": "Point", "coordinates": [ 80.2135833, 12.9759725 ] } },
{ "type": "Feature", "properties": { "node_id": 2167027610, "x": 80.2125413, "y": 12.9759941 }, "geometry": { "type": "Point", "coordinates": [ 80.2125413, 12.9759941 ] } },
{ "type": "Feature", "properties": { "node_id": 2167027611, "x": 80.2129794, "y": 12.9760344 }, "geometry": { "type": "Point", "coordinates": [ 80.2129794, 12.9760344 ] } },
{ "type": "Feature", "properties": { "node_id": 2167027612, "x": 80.2141867, "y": 12.9760316 }, "geometry": { "type": "Point", "coordinates": [ 80.2141867, 12.9760316 ] } },
{ "type": "Feature", "properties": { "node_id": 2167027614, "x": 80.2111245, "y": 12.9763121 }, "geometry": { "type": "Point", "coordinates": [ 80.2111245, 12.9763121 ] } },
{ "type": "Feature", "properties": { "node_id": 2167027616, "x": 80.2089489, "y": 12.9763205 }, "geometry": { "type": "Point", "coordinates": [ 80.2089489, 12.9763205 ] } },
{ "type": "Feature", "properties": { "node_id": 2167027618, "x": 80.2100788, "y": 12.9763123 }, "geometry": { "type": "Point", "coordinates": [ 80.2100788, 12.9763123 ] } },
{ "type": "Feature", "properties": { "node_id": 2167027623, "x": 80.20949, "y": 12.9763184 }, "geometry": { "type": "Point", "coordinates": [ 80.20949, 12.9763184 ] } },
{ "type": "Feature", "properties": { "node_id": 2167027627, "x": 80.2136293, "y": 12.9763642 }, "geometry": { "type": "Point", "coordinates": [ 80.2136293, 12.9763642 ] } },
{ "type": "Feature", "properties": { "node_id": 2167027630, "x": 80.2141345, "y": 12.9764112 }, "geometry": { "type": "Point", "coordinates": [ 80.2141345, 12.9764112 ] } },
{ "type": "Feature", "properties": { "node_id": 2167027634, "x": 80.2119181, "y": 12.9765077 }, "geometry": { "type": "Point", "coordinates": [ 80.2119181, 12.9765077 ] } },
{ "type": "Feature", "properties": { "node_id": 2167027689, "x": 80.2107404, "y": 12.9769079 }, "geometry": { "type": "Point", "coordinates": [ 80.2107404, 12.9769079 ] } },
{ "type": "Feature", "properties": { "node_id": 2167027702, "x": 80.2111096, "y": 12.9769278 }, "geometry": { "type": "Point", "coordinates": [ 80.2111096, 12.9769278 ] } },
{ "type": "Feature", "properties": { "node_id": 2167027707, "x": 80.2118634, "y": 12.9770087 }, "geometry": { "type": "Point", "coordinates": [ 80.2118634, 12.9770087 ] } },
{ "type": "Feature", "properties": { "node_id": 2167027717, "x": 80.209302, "y": 12.9775255 }, "geometry": { "type": "Point", "coordinates": [ 80.209302, 12.9775255 ] } },
{ "type": "Feature", "properties": { "node_id": 2167027722, "x": 80.2100629, "y": 12.9775665 }, "geometry": { "type": "Point", "coordinates": [ 80.2100629, 12.9775665 ] } },
{ "type": "Feature", "properties": { "node_id": 2167027727, "x": 80.2100678, "y": 12.9779429 }, "geometry": { "type": "Point", "coordinates": [ 80.2100678, 12.9779429 ] } },
{ "type": "Feature", "properties": { "node_id": 2167027759, "x": 80.2093168, "y": 12.9779739 }, "geometry": { "type": "Point", "coordinates": [ 80.2093168, 12.9779739 ] } },
{ "type": "Feature", "properties": { "node_id": 2167027768, "x": 80.2170521, "y": 12.9785868 }, "geometry": { "type": "Point", "coordinates": [ 80.2170521, 12.9785868 ] } },
{ "type": "Feature", "properties": { "node_id": 2167027772, "x": 80.2116397, "y": 12.9785906 }, "geometry": { "type": "Point", "coordinates": [ 80.2116397, 12.9785906 ] } },
{ "type": "Feature", "properties": { "node_id": 2167027776, "x": 80.2174881, "y": 12.9785932 }, "geometry": { "type": "Point", "coordinates": [ 80.2174881, 12.9785932 ] } },
{ "type": "Feature", "properties": { "node_id": 2167027781, "x": 80.2112061, "y": 12.9788912 }, "geometry": { "type": "Point", "coordinates": [ 80.2112061, 12.9788912 ] } },
{ "type": "Feature", "properties": { "node_id": 2167027785, "x": 80.2125556, "y": 12.9789769 }, "geometry": { "type": "Point", "coordinates": [ 80.2125556, 12.9789769 ] } },
{ "type": "Feature", "properties": { "node_id": 2167027803, "x": 80.2073446, "y": 12.979261 }, "geometry": { "type": "Point", "coordinates": [ 80.2073446, 12.979261 ] } },
{ "type": "Feature", "properties": { "node_id": 2167027807, "x": 80.217557, "y": 12.9792803 }, "geometry": { "type": "Point", "coordinates": [ 80.217557, 12.9792803 ] } },
{ "type": "Feature", "properties": { "node_id": 2167027811, "x": 80.2089558, "y": 12.979287 }, "geometry": { "type": "Point", "coordinates": [ 80.2089558, 12.979287 ] } },
{ "type": "Feature", "properties": { "node_id": 2167027819, "x": 80.2073716, "y": 12.9793955 }, "geometry": { "type": "Point", "coordinates": [ 80.2073716, 12.9793955 ] } },
{ "type": "Feature", "properties": { "node_id": 2167027821, "x": 80.2177081, "y": 12.9794415 }, "geometry": { "type": "Point", "coordinates": [ 80.2177081, 12.9794415 ] } },
{ "type": "Feature", "properties": { "node_id": 2167027823, "x": 80.2068961, "y": 12.9794196 }, "geometry": { "type": "Point", "coordinates": [ 80.2068961, 12.9794196 ] } },
{ "type": "Feature", "properties": { "node_id": 2167027825, "x": 80.2186029, "y": 12.9795109 }, "geometry": { "type": "Point", "coordinates": [ 80.2186029, 12.9795109 ] } },
{ "type": "Feature", "properties": { "node_id": 2167027827, "x": 80.2111385, "y": 12.9795738 }, "geometry": { "type": "Point", "coordinates": [ 80.2111385, 12.9795738 ] } },
{ "type": "Feature", "properties": { "node_id": 2167027835, "x": 80.2126335, "y": 12.9804436 }, "geometry": { "type": "Point", "coordinates": [ 80.2126335, 12.9804436 ] } },
{ "type": "Feature", "properties": { "node_id": 2167027849, "x": 80.2110627, "y": 12.9806808 }, "geometry": { "type": "Point", "coordinates": [ 80.2110627, 12.9806808 ] } },
{ "type": "Feature", "properties": { "node_id": 2167027852, "x": 80.2126891, "y": 12.9806932 }, "geometry": { "type": "Point", "coordinates": [ 80.2126891, 12.9806932 ] } },
{ "type": "Feature", "properties": { "node_id": 2167027857, "x": 80.2086156, "y": 12.9807544 }, "geometry": { "type": "Point", "coordinates": [ 80.2086156, 12.9807544 ] } },
{ "type": "Feature", "properties": { "node_id": 2167027860, "x": 80.2076095, "y": 12.9807972 }, "geometry": { "type": "Point", "coordinates": [ 80.2076095, 12.9807972 ] } },
{ "type": "Feature", "properties": { "node_id": 2167027864, "x": 80.2066455, "y": 12.9809052 }, "geometry": { "type": "Point", "coordinates": [ 80.2066455, 12.9809052 ] } },
{ "type": "Feature", "properties": { "node_id": 2167027867, "x": 80.2100799, "y": 12.9810385 }, "geometry": { "type": "Point", "coordinates": [ 80.2100799, 12.9810385 ] } },
{ "type": "Feature", "properties": { "node_id": 2167027870, "x": 80.2098313, "y": 12.9810452 }, "geometry": { "type": "Point", "coordinates": [ 80.2098313, 12.9810452 ] } },
{ "type": "Feature", "properties": { "node_id": 2167027874, "x": 80.2101332, "y": 12.9815697 }, "geometry": { "type": "Point", "coordinates": [ 80.2101332, 12.9815697 ] } },
{ "type": "Feature", "properties": { "node_id": 2167148939, "x": 80.2163163, "y": 12.9757796 }, "geometry": { "type": "Point", "coordinates": [ 80.2163163, 12.9757796 ] } },
{ "type": "Feature", "properties": { "node_id": 2167148944, "x": 80.2184046, "y": 12.9758552 }, "geometry": { "type": "Point", "coordinates": [ 80.2184046, 12.9758552 ] } },
{ "type": "Feature", "properties": { "node_id": 2167148947, "x": 80.2151986, "y": 12.9761267 }, "geometry": { "type": "Point", "coordinates": [ 80.2151986, 12.9761267 ] } },
{ "type": "Feature", "properties": { "node_id": 2167148951, "x": 80.2170782, "y": 12.9761651 }, "geometry": { "type": "Point", "coordinates": [ 80.2170782, 12.9761651 ] } },
{ "type": "Feature", "properties": { "node_id": 2167148954, "x": 80.2162909, "y": 12.9761855 }, "geometry": { "type": "Point", "coordinates": [ 80.2162909, 12.9761855 ] } },
{ "type": "Feature", "properties": { "node_id": 2167148957, "x": 80.2170706, "y": 12.976225 }, "geometry": { "type": "Point", "coordinates": [ 80.2170706, 12.976225 ] } },
{ "type": "Feature", "properties": { "node_id": 2167148962, "x": 80.2170377, "y": 12.9765375 }, "geometry": { "type": "Point", "coordinates": [ 80.2170377, 12.9765375 ] } },
{ "type": "Feature", "properties": { "node_id": 2167148965, "x": 80.2183318, "y": 12.9766096 }, "geometry": { "type": "Point", "coordinates": [ 80.2183318, 12.9766096 ] } },
{ "type": "Feature", "properties": { "node_id": 2167148970, "x": 80.2149392, "y": 12.9769947 }, "geometry": { "type": "Point", "coordinates": [ 80.2149392, 12.9769947 ] } },
{ "type": "Feature", "properties": { "node_id": 2167148972, "x": 80.2153643, "y": 12.9767775 }, "geometry": { "type": "Point", "coordinates": [ 80.2153643, 12.9767775 ] } },
{ "type": "Feature", "properties": { "node_id": 2167148976, "x": 80.2190472, "y": 12.9768919 }, "geometry": { "type": "Point", "coordinates": [ 80.2190472, 12.9768919 ] } },
{ "type": "Feature", "properties": { "node_id": 2167148980, "x": 80.2143194, "y": 12.9769513 }, "geometry": { "type": "Point", "coordinates": [ 80.2143194, 12.9769513 ] } },
{ "type": "Feature", "properties": { "node_id": 2167148985, "x": 80.2164195, "y": 12.9770213 }, "geometry": { "type": "Point", "coordinates": [ 80.2164195, 12.9770213 ] } },
{ "type": "Feature", "properties": { "node_id": 2167148991, "x": 80.2169886, "y": 12.9770634 }, "geometry": { "type": "Point", "coordinates": [ 80.2169886, 12.9770634 ] } },
{ "type": "Feature", "properties": { "node_id": 2167148994, "x": 80.214315, "y": 12.9770889 }, "geometry": { "type": "Point", "coordinates": [ 80.214315, 12.9770889 ] } },
{ "type": "Feature", "properties": { "node_id": 2167148997, "x": 80.2161219, "y": 12.9771982 }, "geometry": { "type": "Point", "coordinates": [ 80.2161219, 12.9771982 ] } },
{ "type": "Feature", "properties": { "node_id": 2167149000, "x": 80.2163537, "y": 12.9771911 }, "geometry": { "type": "Point", "coordinates": [ 80.2163537, 12.9771911 ] } },
{ "type": "Feature", "properties": { "node_id": 2167149016, "x": 80.2169641, "y": 12.9772296 }, "geometry": { "type": "Point", "coordinates": [ 80.2169641, 12.9772296 ] } },
{ "type": "Feature", "properties": { "node_id": 2167149026, "x": 80.2169049, "y": 12.977546 }, "geometry": { "type": "Point", "coordinates": [ 80.2169049, 12.977546 ] } },
{ "type": "Feature", "properties": { "node_id": 2167149030, "x": 80.2169036, "y": 12.9778537 }, "geometry": { "type": "Point", "coordinates": [ 80.2169036, 12.9778537 ] } },
{ "type": "Feature", "properties": { "node_id": 2167149032, "x": 80.2191203, "y": 12.9781166 }, "geometry": { "type": "Point", "coordinates": [ 80.2191203, 12.9781166 ] } },
{ "type": "Feature", "properties": { "node_id": 2167149046, "x": 80.2183344, "y": 12.9802393 }, "geometry": { "type": "Point", "coordinates": [ 80.2183344, 12.9802393 ] } },
{ "type": "Feature", "properties": { "node_id": 2167149056, "x": 80.2020484, "y": 12.9808093 }, "geometry": { "type": "Point", "coordinates": [ 80.2020484, 12.9808093 ] } },
{ "type": "Feature", "properties": { "node_id": 2167149059, "x": 80.2014982, "y": 12.9808352 }, "geometry": { "type": "Point", "coordinates": [ 80.2014982, 12.9808352 ] } },
{ "type": "Feature", "properties": { "node_id": 2167149063, "x": 80.2131141, "y": 12.9818737 }, "geometry": { "type": "Point", "coordinates": [ 80.2131141, 12.9818737 ] } },
{ "type": "Feature", "properties": { "node_id": 2167149068, "x": 80.2124841, "y": 12.9818968 }, "geometry": { "type": "Point", "coordinates": [ 80.2124841, 12.9818968 ] } },
{ "type": "Feature", "properties": { "node_id": 2167149072, "x": 80.1991011, "y": 12.9820924 }, "geometry": { "type": "Point", "coordinates": [ 80.1991011, 12.9820924 ] } },
{ "type": "Feature", "properties": { "node_id": 2167149073, "x": 80.2063881, "y": 12.9823833 }, "geometry": { "type": "Point", "coordinates": [ 80.2063881, 12.9823833 ] } },
{ "type": "Feature", "properties": { "node_id": 2167149075, "x": 80.2047434, "y": 12.9824459 }, "geometry": { "type": "Point", "coordinates": [ 80.2047434, 12.9824459 ] } },
{ "type": "Feature", "properties": { "node_id": 2167149080, "x": 80.2000351, "y": 12.9826793 }, "geometry": { "type": "Point", "coordinates": [ 80.2000351, 12.9826793 ] } },
{ "type": "Feature", "properties": { "node_id": 2167149086, "x": 80.1992323, "y": 12.9828878 }, "geometry": { "type": "Point", "coordinates": [ 80.1992323, 12.9828878 ] } },
{ "type": "Feature", "properties": { "node_id": 2167149092, "x": 80.1997909, "y": 12.9831709 }, "geometry": { "type": "Point", "coordinates": [ 80.1997909, 12.9831709 ] } },
{ "type": "Feature", "properties": { "node_id": 2167149106, "x": 80.2070284, "y": 12.9831996 }, "geometry": { "type": "Point", "coordinates": [ 80.2070284, 12.9831996 ] } },
{ "type": "Feature", "properties": { "node_id": 2167149115, "x": 80.200948, "y": 12.9833967 }, "geometry": { "type": "Point", "coordinates": [ 80.200948, 12.9833967 ] } },
{ "type": "Feature", "properties": { "node_id": 2167149131, "x": 80.2014097, "y": 12.9835353 }, "geometry": { "type": "Point", "coordinates": [ 80.2014097, 12.9835353 ] } },
{ "type": "Feature", "properties": { "node_id": 2167149140, "x": 80.1987557, "y": 12.9838512 }, "geometry": { "type": "Point", "coordinates": [ 80.1987557, 12.9838512 ] } },
{ "type": "Feature", "properties": { "node_id": 2167149149, "x": 80.2154985, "y": 12.9840564 }, "geometry": { "type": "Point", "coordinates": [ 80.2154985, 12.9840564 ] } },
{ "type": "Feature", "properties": { "node_id": 2167149156, "x": 80.2165558, "y": 12.9841594 }, "geometry": { "type": "Point", "coordinates": [ 80.2165558, 12.9841594 ] } },
{ "type": "Feature", "properties": { "node_id": 2167149158, "x": 80.2095791, "y": 12.9843107 }, "geometry": { "type": "Point", "coordinates": [ 80.2095791, 12.9843107 ] } },
{ "type": "Feature", "properties": { "node_id": 2167149160, "x": 80.1994707, "y": 12.9844004 }, "geometry": { "type": "Point", "coordinates": [ 80.1994707, 12.9844004 ] } },
{ "type": "Feature", "properties": { "node_id": 2167149162, "x": 80.2104068, "y": 12.9843444 }, "geometry": { "type": "Point", "coordinates": [ 80.2104068, 12.9843444 ] } },
{ "type": "Feature", "properties": { "node_id": 2167149164, "x": 80.2137503, "y": 12.9843541 }, "geometry": { "type": "Point", "coordinates": [ 80.2137503, 12.9843541 ] } },
{ "type": "Feature", "properties": { "node_id": 2167149168, "x": 80.1992519, "y": 12.9844426 }, "geometry": { "type": "Point", "coordinates": [ 80.1992519, 12.9844426 ] } },
{ "type": "Feature", "properties": { "node_id": 2167149172, "x": 80.2009188, "y": 12.9846482 }, "geometry": { "type": "Point", "coordinates": [ 80.2009188, 12.9846482 ] } },
{ "type": "Feature", "properties": { "node_id": 2167149177, "x": 80.1993078, "y": 12.9847701 }, "geometry": { "type": "Point", "coordinates": [ 80.1993078, 12.9847701 ] } },
{ "type": "Feature", "properties": { "node_id": 2167149180, "x": 80.2129242, "y": 12.9847857 }, "geometry": { "type": "Point", "coordinates": [ 80.2129242, 12.9847857 ] } },
{ "type": "Feature", "properties": { "node_id": 2167149183, "x": 80.21166, "y": 12.9847935 }, "geometry": { "type": "Point", "coordinates": [ 80.21166, 12.9847935 ] } },
{ "type": "Feature", "properties": { "node_id": 2167149198, "x": 80.1999462, "y": 12.9848168 }, "geometry": { "type": "Point", "coordinates": [ 80.1999462, 12.9848168 ] } },
{ "type": "Feature", "properties": { "node_id": 2167149203, "x": 80.1990184, "y": 12.9851011 }, "geometry": { "type": "Point", "coordinates": [ 80.1990184, 12.9851011 ] } },
{ "type": "Feature", "properties": { "node_id": 2167149204, "x": 80.199674, "y": 12.9853702 }, "geometry": { "type": "Point", "coordinates": [ 80.199674, 12.9853702 ] } },
{ "type": "Feature", "properties": { "node_id": 2167149206, "x": 80.2031449, "y": 12.9854858 }, "geometry": { "type": "Point", "coordinates": [ 80.2031449, 12.9854858 ] } },
{ "type": "Feature", "properties": { "node_id": 2167149210, "x": 80.2083455, "y": 12.9858 }, "geometry": { "type": "Point", "coordinates": [ 80.2083455, 12.9858 ] } },
{ "type": "Feature", "properties": { "node_id": 2167149212, "x": 80.2090937, "y": 12.9858919 }, "geometry": { "type": "Point", "coordinates": [ 80.2090937, 12.9858919 ] } },
{ "type": "Feature", "properties": { "node_id": 2167149218, "x": 80.2032199, "y": 12.9860147 }, "geometry": { "type": "Point", "coordinates": [ 80.2032199, 12.9860147 ] } },
{ "type": "Feature", "properties": { "node_id": 2167149222, "x": 80.2037857, "y": 12.9860507 }, "geometry": { "type": "Point", "coordinates": [ 80.2037857, 12.9860507 ] } },
{ "type": "Feature", "properties": { "node_id": 2167149237, "x": 80.2030188, "y": 12.9870393 }, "geometry": { "type": "Point", "coordinates": [ 80.2030188, 12.9870393 ] } },
{ "type": "Feature", "properties": { "node_id": 2167149246, "x": 80.2023068, "y": 12.9871695 }, "geometry": { "type": "Point", "coordinates": [ 80.2023068, 12.9871695 ] } },
{ "type": "Feature", "properties": { "node_id": 2167149252, "x": 80.2085806, "y": 12.9871943 }, "geometry": { "type": "Point", "coordinates": [ 80.2085806, 12.9871943 ] } },
{ "type": "Feature", "properties": { "node_id": 2167149262, "x": 80.2036001, "y": 12.9874439 }, "geometry": { "type": "Point", "coordinates": [ 80.2036001, 12.9874439 ] } },
{ "type": "Feature", "properties": { "node_id": 2167149263, "x": 80.2020191, "y": 12.9876261 }, "geometry": { "type": "Point", "coordinates": [ 80.2020191, 12.9876261 ] } },
{ "type": "Feature", "properties": { "node_id": 2167149303, "x": 80.2080085, "y": 12.989458 }, "geometry": { "type": "Point", "coordinates": [ 80.2080085, 12.989458 ] } },
{ "type": "Feature", "properties": { "node_id": 2167149306, "x": 80.2093816, "y": 12.9894987 }, "geometry": { "type": "Point", "coordinates": [ 80.2093816, 12.9894987 ] } },
{ "type": "Feature", "properties": { "node_id": 2167149309, "x": 80.2084734, "y": 12.9897552 }, "geometry": { "type": "Point", "coordinates": [ 80.2084734, 12.9897552 ] } },
{ "type": "Feature", "properties": { "node_id": 2167149312, "x": 80.204526, "y": 12.9899595 }, "geometry": { "type": "Point", "coordinates": [ 80.204526, 12.9899595 ] } },
{ "type": "Feature", "properties": { "node_id": 2167149315, "x": 80.207755, "y": 12.9899768 }, "geometry": { "type": "Point", "coordinates": [ 80.207755, 12.9899768 ] } },
{ "type": "Feature", "properties": { "node_id": 2167149321, "x": 80.2025333, "y": 12.9902239 }, "geometry": { "type": "Point", "coordinates": [ 80.2025333, 12.9902239 ] } },
{ "type": "Feature", "properties": { "node_id": 2167149324, "x": 80.2069656, "y": 12.9902326 }, "geometry": { "type": "Point", "coordinates": [ 80.2069656, 12.9902326 ] } },
{ "type": "Feature", "properties": { "node_id": 2167149327, "x": 80.2081346, "y": 12.990239 }, "geometry": { "type": "Point", "coordinates": [ 80.2081346, 12.990239 ] } },
{ "type": "Feature", "properties": { "node_id": 2167149330, "x": 80.2041187, "y": 12.9902461 }, "geometry": { "type": "Point", "coordinates": [ 80.2041187, 12.9902461 ] } },
{ "type": "Feature", "properties": { "node_id": 2167149333, "x": 80.2018755, "y": 12.990346 }, "geometry": { "type": "Point", "coordinates": [ 80.2018755, 12.990346 ] } },
{ "type": "Feature", "properties": { "node_id": 2167149339, "x": 80.204134, "y": 12.9907302 }, "geometry": { "type": "Point", "coordinates": [ 80.204134, 12.9907302 ] } },
{ "type": "Feature", "properties": { "node_id": 2167149342, "x": 80.2041557, "y": 12.9908286 }, "geometry": { "type": "Point", "coordinates": [ 80.2041557, 12.9908286 ] } },
{ "type": "Feature", "properties": { "node_id": 2167149344, "x": 80.2025973, "y": 12.9909693 }, "geometry": { "type": "Point", "coordinates": [ 80.2025973, 12.9909693 ] } },
{ "type": "Feature", "properties": { "node_id": 2168557351, "x": 80.2305921, "y": 12.9657632 }, "geometry": { "type": "Point", "coordinates": [ 80.2305921, 12.9657632 ] } },
{ "type": "Feature", "properties": { "node_id": 2168557353, "x": 80.2291132, "y": 12.9659129 }, "geometry": { "type": "Point", "coordinates": [ 80.2291132, 12.9659129 ] } },
{ "type": "Feature", "properties": { "node_id": 2168557354, "x": 80.2306034, "y": 12.9659746 }, "geometry": { "type": "Point", "coordinates": [ 80.2306034, 12.9659746 ] } },
{ "type": "Feature", "properties": { "node_id": 2168557357, "x": 80.2291276, "y": 12.9661287 }, "geometry": { "type": "Point", "coordinates": [ 80.2291276, 12.9661287 ] } },
{ "type": "Feature", "properties": { "node_id": 2168557358, "x": 80.2306144, "y": 12.9661823 }, "geometry": { "type": "Point", "coordinates": [ 80.2306144, 12.9661823 ] } },
{ "type": "Feature", "properties": { "node_id": 2168557362, "x": 80.2306366, "y": 12.9666 }, "geometry": { "type": "Point", "coordinates": [ 80.2306366, 12.9666 ] } },
{ "type": "Feature", "properties": { "node_id": 2168557367, "x": 80.2306514, "y": 12.9668794 }, "geometry": { "type": "Point", "coordinates": [ 80.2306514, 12.9668794 ] } },
{ "type": "Feature", "properties": { "node_id": 2168557372, "x": 80.2306812, "y": 12.9674401 }, "geometry": { "type": "Point", "coordinates": [ 80.2306812, 12.9674401 ] } },
{ "type": "Feature", "properties": { "node_id": 2168557374, "x": 80.2306951, "y": 12.9677014 }, "geometry": { "type": "Point", "coordinates": [ 80.2306951, 12.9677014 ] } },
{ "type": "Feature", "properties": { "node_id": 2168557377, "x": 80.2307069, "y": 12.9679231 }, "geometry": { "type": "Point", "coordinates": [ 80.2307069, 12.9679231 ] } },
{ "type": "Feature", "properties": { "node_id": 2168557380, "x": 80.2307313, "y": 12.968383 }, "geometry": { "type": "Point", "coordinates": [ 80.2307313, 12.968383 ] } },
{ "type": "Feature", "properties": { "node_id": 2168557383, "x": 80.2307507, "y": 12.968748 }, "geometry": { "type": "Point", "coordinates": [ 80.2307507, 12.968748 ] } },
{ "type": "Feature", "properties": { "node_id": 2168557386, "x": 80.230759, "y": 12.9689031 }, "geometry": { "type": "Point", "coordinates": [ 80.230759, 12.9689031 ] } },
{ "type": "Feature", "properties": { "node_id": 2168557387, "x": 80.2307695, "y": 12.9691015 }, "geometry": { "type": "Point", "coordinates": [ 80.2307695, 12.9691015 ] } },
{ "type": "Feature", "properties": { "node_id": 2168557388, "x": 80.2307721, "y": 12.9691495 }, "geometry": { "type": "Point", "coordinates": [ 80.2307721, 12.9691495 ] } },
{ "type": "Feature", "properties": { "node_id": 2168557391, "x": 80.2307911, "y": 12.9695081 }, "geometry": { "type": "Point", "coordinates": [ 80.2307911, 12.9695081 ] } },
{ "type": "Feature", "properties": { "node_id": 2168557393, "x": 80.2308118, "y": 12.9698976 }, "geometry": { "type": "Point", "coordinates": [ 80.2308118, 12.9698976 ] } },
{ "type": "Feature", "properties": { "node_id": 2168576062, "x": 80.230825, "y": 12.9701329 }, "geometry": { "type": "Point", "coordinates": [ 80.230825, 12.9701329 ] } },
{ "type": "Feature", "properties": { "node_id": 2168576064, "x": 80.2308405, "y": 12.9703624 }, "geometry": { "type": "Point", "coordinates": [ 80.2308405, 12.9703624 ] } },
{ "type": "Feature", "properties": { "node_id": 2168576069, "x": 80.2308655, "y": 12.9709077 }, "geometry": { "type": "Point", "coordinates": [ 80.2308655, 12.9709077 ] } },
{ "type": "Feature", "properties": { "node_id": 2168576070, "x": 80.2300128, "y": 12.9709985 }, "geometry": { "type": "Point", "coordinates": [ 80.2300128, 12.9709985 ] } },
{ "type": "Feature", "properties": { "node_id": 2168576071, "x": 80.2308955, "y": 12.9714722 }, "geometry": { "type": "Point", "coordinates": [ 80.2308955, 12.9714722 ] } },
{ "type": "Feature", "properties": { "node_id": 2168576073, "x": 80.230244, "y": 12.9715601 }, "geometry": { "type": "Point", "coordinates": [ 80.230244, 12.9715601 ] } },
{ "type": "Feature", "properties": { "node_id": 2168576074, "x": 80.2255222, "y": 12.9719875 }, "geometry": { "type": "Point", "coordinates": [ 80.2255222, 12.9719875 ] } },
{ "type": "Feature", "properties": { "node_id": 2168576076, "x": 80.2270689, "y": 12.9735361 }, "geometry": { "type": "Point", "coordinates": [ 80.2270689, 12.9735361 ] } },
{ "type": "Feature", "properties": { "node_id": 2168576077, "x": 80.2280917, "y": 12.9737523 }, "geometry": { "type": "Point", "coordinates": [ 80.2280917, 12.9737523 ] } },
{ "type": "Feature", "properties": { "node_id": 2168576080, "x": 80.2291262, "y": 12.9740286 }, "geometry": { "type": "Point", "coordinates": [ 80.2291262, 12.9740286 ] } },
{ "type": "Feature", "properties": { "node_id": 2168576084, "x": 80.2269619, "y": 12.9743122 }, "geometry": { "type": "Point", "coordinates": [ 80.2269619, 12.9743122 ] } },
{ "type": "Feature", "properties": { "node_id": 2168576086, "x": 80.2234052, "y": 12.9743876 }, "geometry": { "type": "Point", "coordinates": [ 80.2234052, 12.9743876 ] } },
{ "type": "Feature", "properties": { "node_id": 2168576088, "x": 80.2250547, "y": 12.9752323 }, "geometry": { "type": "Point", "coordinates": [ 80.2250547, 12.9752323 ] } },
{ "type": "Feature", "properties": { "node_id": 2168576090, "x": 80.2263147, "y": 12.9755916 }, "geometry": { "type": "Point", "coordinates": [ 80.2263147, 12.9755916 ] } },
{ "type": "Feature", "properties": { "node_id": 2168576094, "x": 80.2271946, "y": 12.9758421 }, "geometry": { "type": "Point", "coordinates": [ 80.2271946, 12.9758421 ] } },
{ "type": "Feature", "properties": { "node_id": 2168576097, "x": 80.2278877, "y": 12.9760377 }, "geometry": { "type": "Point", "coordinates": [ 80.2278877, 12.9760377 ] } },
{ "type": "Feature", "properties": { "node_id": 2168576100, "x": 80.2262664, "y": 12.9762296 }, "geometry": { "type": "Point", "coordinates": [ 80.2262664, 12.9762296 ] } },
{ "type": "Feature", "properties": { "node_id": 2168576102, "x": 80.2269675, "y": 12.9764404 }, "geometry": { "type": "Point", "coordinates": [ 80.2269675, 12.9764404 ] } },
{ "type": "Feature", "properties": { "node_id": 2168576106, "x": 80.2242216, "y": 12.9774046 }, "geometry": { "type": "Point", "coordinates": [ 80.2242216, 12.9774046 ] } },
{ "type": "Feature", "properties": { "node_id": 2168576107, "x": 80.2249966, "y": 12.9774734 }, "geometry": { "type": "Point", "coordinates": [ 80.2249966, 12.9774734 ] } },
{ "type": "Feature", "properties": { "node_id": 2168576110, "x": 80.2235055, "y": 12.9781336 }, "geometry": { "type": "Point", "coordinates": [ 80.2235055, 12.9781336 ] } },
{ "type": "Feature", "properties": { "node_id": 2168576111, "x": 80.2245012, "y": 12.9781672 }, "geometry": { "type": "Point", "coordinates": [ 80.2245012, 12.9781672 ] } },
{ "type": "Feature", "properties": { "node_id": 2168591057, "x": 80.228085, "y": 12.9806625 }, "geometry": { "type": "Point", "coordinates": [ 80.228085, 12.9806625 ] } },
{ "type": "Feature", "properties": { "node_id": 2168591059, "x": 80.2242615, "y": 12.9838423 }, "geometry": { "type": "Point", "coordinates": [ 80.2242615, 12.9838423 ] } },
{ "type": "Feature", "properties": { "node_id": 2168591060, "x": 80.2263001, "y": 12.9838672 }, "geometry": { "type": "Point", "coordinates": [ 80.2263001, 12.9838672 ] } },
{ "type": "Feature", "properties": { "node_id": 2168591066, "x": 80.2303034, "y": 12.9850134 }, "geometry": { "type": "Point", "coordinates": [ 80.2303034, 12.9850134 ] } },
{ "type": "Feature", "properties": { "node_id": 2168591067, "x": 80.2232491, "y": 12.9850804 }, "geometry": { "type": "Point", "coordinates": [ 80.2232491, 12.9850804 ] } },
{ "type": "Feature", "properties": { "node_id": 2168591068, "x": 80.2296124, "y": 12.985078 }, "geometry": { "type": "Point", "coordinates": [ 80.2296124, 12.985078 ] } },
{ "type": "Feature", "properties": { "node_id": 2168809991, "x": 80.2360403, "y": 12.9703374 }, "geometry": { "type": "Point", "coordinates": [ 80.2360403, 12.9703374 ] } },
{ "type": "Feature", "properties": { "node_id": 2168809992, "x": 80.2353401, "y": 12.9704024 }, "geometry": { "type": "Point", "coordinates": [ 80.2353401, 12.9704024 ] } },
{ "type": "Feature", "properties": { "node_id": 2168809993, "x": 80.2337619, "y": 12.970464 }, "geometry": { "type": "Point", "coordinates": [ 80.2337619, 12.970464 ] } },
{ "type": "Feature", "properties": { "node_id": 2168809994, "x": 80.2330253, "y": 12.9704966 }, "geometry": { "type": "Point", "coordinates": [ 80.2330253, 12.9704966 ] } },
{ "type": "Feature", "properties": { "node_id": 2168809995, "x": 80.2327842, "y": 12.9705002 }, "geometry": { "type": "Point", "coordinates": [ 80.2327842, 12.9705002 ] } },
{ "type": "Feature", "properties": { "node_id": 2168809996, "x": 80.2328078, "y": 12.9709086 }, "geometry": { "type": "Point", "coordinates": [ 80.2328078, 12.9709086 ] } },
{ "type": "Feature", "properties": { "node_id": 2168810004, "x": 80.2361667, "y": 12.9716722 }, "geometry": { "type": "Point", "coordinates": [ 80.2361667, 12.9716722 ] } },
{ "type": "Feature", "properties": { "node_id": 2168810005, "x": 80.2361402, "y": 12.9716633 }, "geometry": { "type": "Point", "coordinates": [ 80.2361402, 12.9716633 ] } },
{ "type": "Feature", "properties": { "node_id": 2168810006, "x": 80.2354421, "y": 12.9717453 }, "geometry": { "type": "Point", "coordinates": [ 80.2354421, 12.9717453 ] } },
{ "type": "Feature", "properties": { "node_id": 2168810008, "x": 80.2338037, "y": 12.9717509 }, "geometry": { "type": "Point", "coordinates": [ 80.2338037, 12.9717509 ] } },
{ "type": "Feature", "properties": { "node_id": 2168810009, "x": 80.2354784, "y": 12.9720942 }, "geometry": { "type": "Point", "coordinates": [ 80.2354784, 12.9720942 ] } },
{ "type": "Feature", "properties": { "node_id": 2168810011, "x": 80.2347029, "y": 12.9721487 }, "geometry": { "type": "Point", "coordinates": [ 80.2347029, 12.9721487 ] } },
{ "type": "Feature", "properties": { "node_id": 2168810013, "x": 80.2346741, "y": 12.9723499 }, "geometry": { "type": "Point", "coordinates": [ 80.2346741, 12.9723499 ] } },
{ "type": "Feature", "properties": { "node_id": 2168810019, "x": 80.2352594, "y": 12.972447 }, "geometry": { "type": "Point", "coordinates": [ 80.2352594, 12.972447 ] } },
{ "type": "Feature", "properties": { "node_id": 2168810026, "x": 80.2343687, "y": 12.9727472 }, "geometry": { "type": "Point", "coordinates": [ 80.2343687, 12.9727472 ] } },
{ "type": "Feature", "properties": { "node_id": 2168810029, "x": 80.2359964, "y": 12.9728684 }, "geometry": { "type": "Point", "coordinates": [ 80.2359964, 12.9728684 ] } },
{ "type": "Feature", "properties": { "node_id": 2168810030, "x": 80.2361936, "y": 12.9729147 }, "geometry": { "type": "Point", "coordinates": [ 80.2361936, 12.9729147 ] } },
{ "type": "Feature", "properties": { "node_id": 2168810032, "x": 80.2318932, "y": 12.9742939 }, "geometry": { "type": "Point", "coordinates": [ 80.2318932, 12.9742939 ] } },
{ "type": "Feature", "properties": { "node_id": 2168810033, "x": 80.2318197, "y": 12.9745079 }, "geometry": { "type": "Point", "coordinates": [ 80.2318197, 12.9745079 ] } },
{ "type": "Feature", "properties": { "node_id": 2168810035, "x": 80.2324898, "y": 12.9747213 }, "geometry": { "type": "Point", "coordinates": [ 80.2324898, 12.9747213 ] } },
{ "type": "Feature", "properties": { "node_id": 2168810047, "x": 80.2355477, "y": 12.9753893 }, "geometry": { "type": "Point", "coordinates": [ 80.2355477, 12.9753893 ] } },
{ "type": "Feature", "properties": { "node_id": 2168810049, "x": 80.2358678, "y": 12.9754147 }, "geometry": { "type": "Point", "coordinates": [ 80.2358678, 12.9754147 ] } },
{ "type": "Feature", "properties": { "node_id": 2168810050, "x": 80.2361334, "y": 12.9754283 }, "geometry": { "type": "Point", "coordinates": [ 80.2361334, 12.9754283 ] } },
{ "type": "Feature", "properties": { "node_id": 2168810052, "x": 80.2340611, "y": 12.975545 }, "geometry": { "type": "Point", "coordinates": [ 80.2340611, 12.975545 ] } },
{ "type": "Feature", "properties": { "node_id": 2168810062, "x": 80.2340284, "y": 12.9757864 }, "geometry": { "type": "Point", "coordinates": [ 80.2340284, 12.9757864 ] } },
{ "type": "Feature", "properties": { "node_id": 2168810065, "x": 80.2362784, "y": 12.9758066 }, "geometry": { "type": "Point", "coordinates": [ 80.2362784, 12.9758066 ] } },
{ "type": "Feature", "properties": { "node_id": 2168818035, "x": 80.231213, "y": 12.9730898 }, "geometry": { "type": "Point", "coordinates": [ 80.231213, 12.9730898 ] } },
{ "type": "Feature", "properties": { "node_id": 2168854128, "x": 80.2379561, "y": 12.9643352 }, "geometry": { "type": "Point", "coordinates": [ 80.2379561, 12.9643352 ] } },
{ "type": "Feature", "properties": { "node_id": 2168854137, "x": 80.2366937, "y": 12.9645911 }, "geometry": { "type": "Point", "coordinates": [ 80.2366937, 12.9645911 ] } },
{ "type": "Feature", "properties": { "node_id": 2168854173, "x": 80.2377433, "y": 12.9650556 }, "geometry": { "type": "Point", "coordinates": [ 80.2377433, 12.9650556 ] } },
{ "type": "Feature", "properties": { "node_id": 2168854182, "x": 80.2360657, "y": 12.9655172 }, "geometry": { "type": "Point", "coordinates": [ 80.2360657, 12.9655172 ] } },
{ "type": "Feature", "properties": { "node_id": 2168854192, "x": 80.2361079, "y": 12.9661823 }, "geometry": { "type": "Point", "coordinates": [ 80.2361079, 12.9661823 ] } },
{ "type": "Feature", "properties": { "node_id": 2168854202, "x": 80.2361223, "y": 12.9664766 }, "geometry": { "type": "Point", "coordinates": [ 80.2361223, 12.9664766 ] } },
{ "type": "Feature", "properties": { "node_id": 2168854204, "x": 80.2371679, "y": 12.9665161 }, "geometry": { "type": "Point", "coordinates": [ 80.2371679, 12.9665161 ] } },
{ "type": "Feature", "properties": { "node_id": 2168960104, "x": 80.2092867, "y": 12.99193 }, "geometry": { "type": "Point", "coordinates": [ 80.2092867, 12.99193 ] } },
{ "type": "Feature", "properties": { "node_id": 2168960105, "x": 80.2003765, "y": 12.9920875 }, "geometry": { "type": "Point", "coordinates": [ 80.2003765, 12.9920875 ] } },
{ "type": "Feature", "properties": { "node_id": 2168960106, "x": 80.2065686, "y": 12.9923269 }, "geometry": { "type": "Point", "coordinates": [ 80.2065686, 12.9923269 ] } },
{ "type": "Feature", "properties": { "node_id": 2168960107, "x": 80.200421, "y": 12.9927728 }, "geometry": { "type": "Point", "coordinates": [ 80.200421, 12.9927728 ] } },
{ "type": "Feature", "properties": { "node_id": 2168960108, "x": 80.1996524, "y": 12.9932534 }, "geometry": { "type": "Point", "coordinates": [ 80.1996524, 12.9932534 ] } },
{ "type": "Feature", "properties": { "node_id": 2168960109, "x": 80.2068251, "y": 12.9933426 }, "geometry": { "type": "Point", "coordinates": [ 80.2068251, 12.9933426 ] } },
{ "type": "Feature", "properties": { "node_id": 2168960112, "x": 80.2101086, "y": 12.9934462 }, "geometry": { "type": "Point", "coordinates": [ 80.2101086, 12.9934462 ] } },
{ "type": "Feature", "properties": { "node_id": 2168960114, "x": 80.200409, "y": 12.9935033 }, "geometry": { "type": "Point", "coordinates": [ 80.200409, 12.9935033 ] } },
{ "type": "Feature", "properties": { "node_id": 2168960115, "x": 80.2094739, "y": 12.9934823 }, "geometry": { "type": "Point", "coordinates": [ 80.2094739, 12.9934823 ] } },
{ "type": "Feature", "properties": { "node_id": 2168960116, "x": 80.205436, "y": 12.9936945 }, "geometry": { "type": "Point", "coordinates": [ 80.205436, 12.9936945 ] } },
{ "type": "Feature", "properties": { "node_id": 2168960117, "x": 80.2063145, "y": 12.9936907 }, "geometry": { "type": "Point", "coordinates": [ 80.2063145, 12.9936907 ] } },
{ "type": "Feature", "properties": { "node_id": 2168960119, "x": 80.2057306, "y": 12.9937251 }, "geometry": { "type": "Point", "coordinates": [ 80.2057306, 12.9937251 ] } },
{ "type": "Feature", "properties": { "node_id": 2168960122, "x": 80.198545, "y": 12.9939924 }, "geometry": { "type": "Point", "coordinates": [ 80.198545, 12.9939924 ] } },
{ "type": "Feature", "properties": { "node_id": 2168960124, "x": 80.1992445, "y": 12.994033 }, "geometry": { "type": "Point", "coordinates": [ 80.1992445, 12.994033 ] } },
{ "type": "Feature", "properties": { "node_id": 2168960126, "x": 80.2023743, "y": 12.9942103 }, "geometry": { "type": "Point", "coordinates": [ 80.2023743, 12.9942103 ] } },
{ "type": "Feature", "properties": { "node_id": 2168960127, "x": 80.2064464, "y": 12.9942168 }, "geometry": { "type": "Point", "coordinates": [ 80.2064464, 12.9942168 ] } },
{ "type": "Feature", "properties": { "node_id": 2168960130, "x": 80.2005263, "y": 12.9943952 }, "geometry": { "type": "Point", "coordinates": [ 80.2005263, 12.9943952 ] } },
{ "type": "Feature", "properties": { "node_id": 2168960141, "x": 80.2044909, "y": 12.9951272 }, "geometry": { "type": "Point", "coordinates": [ 80.2044909, 12.9951272 ] } },
{ "type": "Feature", "properties": { "node_id": 2168960152, "x": 80.2030805, "y": 12.9954832 }, "geometry": { "type": "Point", "coordinates": [ 80.2030805, 12.9954832 ] } },
{ "type": "Feature", "properties": { "node_id": 2168960155, "x": 80.2057567, "y": 12.995604 }, "geometry": { "type": "Point", "coordinates": [ 80.2057567, 12.995604 ] } },
{ "type": "Feature", "properties": { "node_id": 2168960178, "x": 80.20581, "y": 12.9960595 }, "geometry": { "type": "Point", "coordinates": [ 80.20581, 12.9960595 ] } },
{ "type": "Feature", "properties": { "node_id": 2168960187, "x": 80.2004603, "y": 12.9964169 }, "geometry": { "type": "Point", "coordinates": [ 80.2004603, 12.9964169 ] } },
{ "type": "Feature", "properties": { "node_id": 2168960193, "x": 80.2016769, "y": 12.9969518 }, "geometry": { "type": "Point", "coordinates": [ 80.2016769, 12.9969518 ] } },
{ "type": "Feature", "properties": { "node_id": 2168960194, "x": 80.2119397, "y": 12.9971062 }, "geometry": { "type": "Point", "coordinates": [ 80.2119397, 12.9971062 ] } },
{ "type": "Feature", "properties": { "node_id": 2168960199, "x": 80.1985026, "y": 12.9971559 }, "geometry": { "type": "Point", "coordinates": [ 80.1985026, 12.9971559 ] } },
{ "type": "Feature", "properties": { "node_id": 2168960201, "x": 80.2071393, "y": 12.9972423 }, "geometry": { "type": "Point", "coordinates": [ 80.2071393, 12.9972423 ] } },
{ "type": "Feature", "properties": { "node_id": 2168960203, "x": 80.2011441, "y": 12.9974586 }, "geometry": { "type": "Point", "coordinates": [ 80.2011441, 12.9974586 ] } },
{ "type": "Feature", "properties": { "node_id": 2168960204, "x": 80.2066636, "y": 12.9973451 }, "geometry": { "type": "Point", "coordinates": [ 80.2066636, 12.9973451 ] } },
{ "type": "Feature", "properties": { "node_id": 2168960209, "x": 80.2055855, "y": 12.997564 }, "geometry": { "type": "Point", "coordinates": [ 80.2055855, 12.997564 ] } },
{ "type": "Feature", "properties": { "node_id": 2168960211, "x": 80.2067385, "y": 12.9977211 }, "geometry": { "type": "Point", "coordinates": [ 80.2067385, 12.9977211 ] } },
{ "type": "Feature", "properties": { "node_id": 2168960212, "x": 80.2106136, "y": 12.997843 }, "geometry": { "type": "Point", "coordinates": [ 80.2106136, 12.997843 ] } },
{ "type": "Feature", "properties": { "node_id": 2168960213, "x": 80.2058875, "y": 12.9979099 }, "geometry": { "type": "Point", "coordinates": [ 80.2058875, 12.9979099 ] } },
{ "type": "Feature", "properties": { "node_id": 2168960215, "x": 80.1985692, "y": 12.997991 }, "geometry": { "type": "Point", "coordinates": [ 80.1985692, 12.997991 ] } },
{ "type": "Feature", "properties": { "node_id": 2168960217, "x": 80.2051922, "y": 12.99807 }, "geometry": { "type": "Point", "coordinates": [ 80.2051922, 12.99807 ] } },
{ "type": "Feature", "properties": { "node_id": 2168960218, "x": 80.2068158, "y": 12.9980885 }, "geometry": { "type": "Point", "coordinates": [ 80.2068158, 12.9980885 ] } },
{ "type": "Feature", "properties": { "node_id": 2168960219, "x": 80.2120845, "y": 12.9982141 }, "geometry": { "type": "Point", "coordinates": [ 80.2120845, 12.9982141 ] } },
{ "type": "Feature", "properties": { "node_id": 2168960220, "x": 80.2045385, "y": 12.9982564 }, "geometry": { "type": "Point", "coordinates": [ 80.2045385, 12.9982564 ] } },
{ "type": "Feature", "properties": { "node_id": 2168960221, "x": 80.2061727, "y": 12.9982543 }, "geometry": { "type": "Point", "coordinates": [ 80.2061727, 12.9982543 ] } },
{ "type": "Feature", "properties": { "node_id": 2168960222, "x": 80.2069045, "y": 12.9985134 }, "geometry": { "type": "Point", "coordinates": [ 80.2069045, 12.9985134 ] } },
{ "type": "Feature", "properties": { "node_id": 2168960224, "x": 80.2066626, "y": 12.998579 }, "geometry": { "type": "Point", "coordinates": [ 80.2066626, 12.998579 ] } },
{ "type": "Feature", "properties": { "node_id": 2168960226, "x": 80.2123059, "y": 12.9986336 }, "geometry": { "type": "Point", "coordinates": [ 80.2123059, 12.9986336 ] } },
{ "type": "Feature", "properties": { "node_id": 2168960227, "x": 80.2005125, "y": 12.9986587 }, "geometry": { "type": "Point", "coordinates": [ 80.2005125, 12.9986587 ] } },
{ "type": "Feature", "properties": { "node_id": 2168960228, "x": 80.2009264, "y": 12.9986722 }, "geometry": { "type": "Point", "coordinates": [ 80.2009264, 12.9986722 ] } },
{ "type": "Feature", "properties": { "node_id": 2168960231, "x": 80.2107104, "y": 12.9988363 }, "geometry": { "type": "Point", "coordinates": [ 80.2107104, 12.9988363 ] } },
{ "type": "Feature", "properties": { "node_id": 2168960235, "x": 80.2100856, "y": 12.9991262 }, "geometry": { "type": "Point", "coordinates": [ 80.2100856, 12.9991262 ] } },
{ "type": "Feature", "properties": { "node_id": 2168960236, "x": 80.2079622, "y": 12.9993856 }, "geometry": { "type": "Point", "coordinates": [ 80.2079622, 12.9993856 ] } },
{ "type": "Feature", "properties": { "node_id": 2168960237, "x": 80.2130485, "y": 12.9998066 }, "geometry": { "type": "Point", "coordinates": [ 80.2130485, 12.9998066 ] } },
{ "type": "Feature", "properties": { "node_id": 2168960238, "x": 80.1997742, "y": 12.999867 }, "geometry": { "type": "Point", "coordinates": [ 80.1997742, 12.999867 ] } },
{ "type": "Feature", "properties": { "node_id": 2168960240, "x": 80.2004684, "y": 12.9999239 }, "geometry": { "type": "Point", "coordinates": [ 80.2004684, 12.9999239 ] } },
{ "type": "Feature", "properties": { "node_id": 2168960241, "x": 80.211602, "y": 12.9999909 }, "geometry": { "type": "Point", "coordinates": [ 80.211602, 12.9999909 ] } },
{ "type": "Feature", "properties": { "node_id": 2168960244, "x": 80.2107964, "y": 12.9999816 }, "geometry": { "type": "Point", "coordinates": [ 80.2107964, 12.9999816 ] } },
{ "type": "Feature", "properties": { "node_id": 2197525463, "x": 80.2175777, "y": 12.9679817 }, "geometry": { "type": "Point", "coordinates": [ 80.2175777, 12.9679817 ] } },
{ "type": "Feature", "properties": { "node_id": 2197525484, "x": 80.2187455, "y": 12.9706155 }, "geometry": { "type": "Point", "coordinates": [ 80.2187455, 12.9706155 ] } },
{ "type": "Feature", "properties": { "node_id": 2197525515, "x": 80.2008919, "y": 12.9964861 }, "geometry": { "type": "Point", "coordinates": [ 80.2008919, 12.9964861 ] } },
{ "type": "Feature", "properties": { "node_id": 2230781249, "x": 80.200833, "y": 12.9660401 }, "geometry": { "type": "Point", "coordinates": [ 80.200833, 12.9660401 ] } },
{ "type": "Feature", "properties": { "node_id": 2230781255, "x": 80.2002484, "y": 12.9661428 }, "geometry": { "type": "Point", "coordinates": [ 80.2002484, 12.9661428 ] } },
{ "type": "Feature", "properties": { "node_id": 2230781258, "x": 80.1995879, "y": 12.9662344 }, "geometry": { "type": "Point", "coordinates": [ 80.1995879, 12.9662344 ] } },
{ "type": "Feature", "properties": { "node_id": 2230781266, "x": 80.1983133, "y": 12.9664835 }, "geometry": { "type": "Point", "coordinates": [ 80.1983133, 12.9664835 ] } },
{ "type": "Feature", "properties": { "node_id": 2230781275, "x": 80.1985241, "y": 12.9677016 }, "geometry": { "type": "Point", "coordinates": [ 80.1985241, 12.9677016 ] } },
{ "type": "Feature", "properties": { "node_id": 2230781278, "x": 80.201464, "y": 12.9677371 }, "geometry": { "type": "Point", "coordinates": [ 80.201464, 12.9677371 ] } },
{ "type": "Feature", "properties": { "node_id": 2230781281, "x": 80.2004096, "y": 12.9677852 }, "geometry": { "type": "Point", "coordinates": [ 80.2004096, 12.9677852 ] } },
{ "type": "Feature", "properties": { "node_id": 2230781286, "x": 80.2013319, "y": 12.9681518 }, "geometry": { "type": "Point", "coordinates": [ 80.2013319, 12.9681518 ] } },
{ "type": "Feature", "properties": { "node_id": 2230781289, "x": 80.2004378, "y": 12.9681806 }, "geometry": { "type": "Point", "coordinates": [ 80.2004378, 12.9681806 ] } },
{ "type": "Feature", "properties": { "node_id": 2230781292, "x": 80.1985614, "y": 12.9681737 }, "geometry": { "type": "Point", "coordinates": [ 80.1985614, 12.9681737 ] } },
{ "type": "Feature", "properties": { "node_id": 2230781298, "x": 80.2000118, "y": 12.9682418 }, "geometry": { "type": "Point", "coordinates": [ 80.2000118, 12.9682418 ] } },
{ "type": "Feature", "properties": { "node_id": 2230781302, "x": 80.1989993, "y": 12.9683158 }, "geometry": { "type": "Point", "coordinates": [ 80.1989993, 12.9683158 ] } },
{ "type": "Feature", "properties": { "node_id": 2230781305, "x": 80.2013368, "y": 12.968576 }, "geometry": { "type": "Point", "coordinates": [ 80.2013368, 12.968576 ] } },
{ "type": "Feature", "properties": { "node_id": 2230781311, "x": 80.2004494, "y": 12.9685954 }, "geometry": { "type": "Point", "coordinates": [ 80.2004494, 12.9685954 ] } },
{ "type": "Feature", "properties": { "node_id": 2230781314, "x": 80.2000499, "y": 12.968635 }, "geometry": { "type": "Point", "coordinates": [ 80.2000499, 12.968635 ] } },
{ "type": "Feature", "properties": { "node_id": 2230781317, "x": 80.1990237, "y": 12.9687149 }, "geometry": { "type": "Point", "coordinates": [ 80.1990237, 12.9687149 ] } },
{ "type": "Feature", "properties": { "node_id": 2230781320, "x": 80.201327, "y": 12.9689764 }, "geometry": { "type": "Point", "coordinates": [ 80.201327, 12.9689764 ] } },
{ "type": "Feature", "properties": { "node_id": 2230781322, "x": 80.2004613, "y": 12.9690193 }, "geometry": { "type": "Point", "coordinates": [ 80.2004613, 12.9690193 ] } },
{ "type": "Feature", "properties": { "node_id": 2230781324, "x": 80.1990966, "y": 12.969086 }, "geometry": { "type": "Point", "coordinates": [ 80.1990966, 12.969086 ] } },
{ "type": "Feature", "properties": { "node_id": 2230781326, "x": 80.2159034, "y": 12.9697534 }, "geometry": { "type": "Point", "coordinates": [ 80.2159034, 12.9697534 ] } },
{ "type": "Feature", "properties": { "node_id": 2230781347, "x": 80.2132621, "y": 12.9726705 }, "geometry": { "type": "Point", "coordinates": [ 80.2132621, 12.9726705 ] } },
{ "type": "Feature", "properties": { "node_id": 2230781350, "x": 80.2130157, "y": 12.9725725 }, "geometry": { "type": "Point", "coordinates": [ 80.2130157, 12.9725725 ] } },
{ "type": "Feature", "properties": { "node_id": 2230781355, "x": 80.2132767, "y": 12.9733807 }, "geometry": { "type": "Point", "coordinates": [ 80.2132767, 12.9733807 ] } },
{ "type": "Feature", "properties": { "node_id": 2230781356, "x": 80.202408, "y": 12.9744913 }, "geometry": { "type": "Point", "coordinates": [ 80.202408, 12.9744913 ] } },
{ "type": "Feature", "properties": { "node_id": 2230781358, "x": 80.2006919, "y": 12.9746271 }, "geometry": { "type": "Point", "coordinates": [ 80.2006919, 12.9746271 ] } },
{ "type": "Feature", "properties": { "node_id": 2230781361, "x": 80.2024322, "y": 12.9749746 }, "geometry": { "type": "Point", "coordinates": [ 80.2024322, 12.9749746 ] } },
{ "type": "Feature", "properties": { "node_id": 2230781363, "x": 80.2021115, "y": 12.975 }, "geometry": { "type": "Point", "coordinates": [ 80.2021115, 12.975 ] } },
{ "type": "Feature", "properties": { "node_id": 2230781364, "x": 80.2006345, "y": 12.9751908 }, "geometry": { "type": "Point", "coordinates": [ 80.2006345, 12.9751908 ] } },
{ "type": "Feature", "properties": { "node_id": 2230781367, "x": 80.2118168, "y": 12.9753342 }, "geometry": { "type": "Point", "coordinates": [ 80.2118168, 12.9753342 ] } },
{ "type": "Feature", "properties": { "node_id": 2230781369, "x": 80.2125753, "y": 12.9754002 }, "geometry": { "type": "Point", "coordinates": [ 80.2125753, 12.9754002 ] } },
{ "type": "Feature", "properties": { "node_id": 2230781372, "x": 80.2137324, "y": 12.9756989 }, "geometry": { "type": "Point", "coordinates": [ 80.2137324, 12.9756989 ] } },
{ "type": "Feature", "properties": { "node_id": 2230781378, "x": 80.2137668, "y": 12.9759882 }, "geometry": { "type": "Point", "coordinates": [ 80.2137668, 12.9759882 ] } },
{ "type": "Feature", "properties": { "node_id": 2230781395, "x": 80.1997181, "y": 12.9768061 }, "geometry": { "type": "Point", "coordinates": [ 80.1997181, 12.9768061 ] } },
{ "type": "Feature", "properties": { "node_id": 2230781397, "x": 80.2037274, "y": 12.9773119 }, "geometry": { "type": "Point", "coordinates": [ 80.2037274, 12.9773119 ] } },
{ "type": "Feature", "properties": { "node_id": 2230781401, "x": 80.2022056, "y": 12.9775928 }, "geometry": { "type": "Point", "coordinates": [ 80.2022056, 12.9775928 ] } },
{ "type": "Feature", "properties": { "node_id": 2230781440, "x": 80.1992286, "y": 12.9810786 }, "geometry": { "type": "Point", "coordinates": [ 80.1992286, 12.9810786 ] } },
{ "type": "Feature", "properties": { "node_id": 2230781446, "x": 80.199979, "y": 12.9822832 }, "geometry": { "type": "Point", "coordinates": [ 80.199979, 12.9822832 ] } },
{ "type": "Feature", "properties": { "node_id": 2230781449, "x": 80.2000656, "y": 12.982874 }, "geometry": { "type": "Point", "coordinates": [ 80.2000656, 12.982874 ] } },
{ "type": "Feature", "properties": { "node_id": 2230781452, "x": 80.2128493, "y": 12.9833068 }, "geometry": { "type": "Point", "coordinates": [ 80.2128493, 12.9833068 ] } },
{ "type": "Feature", "properties": { "node_id": 2230785698, "x": 80.2194177, "y": 12.9826813 }, "geometry": { "type": "Point", "coordinates": [ 80.2194177, 12.9826813 ] } },
{ "type": "Feature", "properties": { "node_id": 2230812039, "x": 80.2370225, "y": 12.9755149 }, "geometry": { "type": "Point", "coordinates": [ 80.2370225, 12.9755149 ] } },
{ "type": "Feature", "properties": { "node_id": 2230812041, "x": 80.2373838, "y": 12.9757993 }, "geometry": { "type": "Point", "coordinates": [ 80.2373838, 12.9757993 ] } },
{ "type": "Feature", "properties": { "node_id": 2230812043, "x": 80.2370082, "y": 12.9758111 }, "geometry": { "type": "Point", "coordinates": [ 80.2370082, 12.9758111 ] } },
{ "type": "Feature", "properties": { "node_id": 2230812045, "x": 80.2362685, "y": 12.975995 }, "geometry": { "type": "Point", "coordinates": [ 80.2362685, 12.975995 ] } },
{ "type": "Feature", "properties": { "node_id": 2230812046, "x": 80.2336783, "y": 12.9760418 }, "geometry": { "type": "Point", "coordinates": [ 80.2336783, 12.9760418 ] } },
{ "type": "Feature", "properties": { "node_id": 2230812050, "x": 80.2374351, "y": 12.9761858 }, "geometry": { "type": "Point", "coordinates": [ 80.2374351, 12.9761858 ] } },
{ "type": "Feature", "properties": { "node_id": 2230812057, "x": 80.2333762, "y": 12.9763076 }, "geometry": { "type": "Point", "coordinates": [ 80.2333762, 12.9763076 ] } },
{ "type": "Feature", "properties": { "node_id": 2230812058, "x": 80.2374624, "y": 12.9764082 }, "geometry": { "type": "Point", "coordinates": [ 80.2374624, 12.9764082 ] } },
{ "type": "Feature", "properties": { "node_id": 2230812067, "x": 80.2375207, "y": 12.9768882 }, "geometry": { "type": "Point", "coordinates": [ 80.2375207, 12.9768882 ] } },
{ "type": "Feature", "properties": { "node_id": 2230812071, "x": 80.2343061, "y": 12.9773607 }, "geometry": { "type": "Point", "coordinates": [ 80.2343061, 12.9773607 ] } },
{ "type": "Feature", "properties": { "node_id": 2407561505, "x": 80.1988083, "y": 12.9806949 }, "geometry": { "type": "Point", "coordinates": [ 80.1988083, 12.9806949 ] } },
{ "type": "Feature", "properties": { "node_id": 2407561506, "x": 80.1989139, "y": 12.9808014 }, "geometry": { "type": "Point", "coordinates": [ 80.1989139, 12.9808014 ] } },
{ "type": "Feature", "properties": { "node_id": 2407564024, "x": 80.2099691, "y": 12.9755678 }, "geometry": { "type": "Point", "coordinates": [ 80.2099691, 12.9755678 ] } },
{ "type": "Feature", "properties": { "node_id": 2407564026, "x": 80.2103588, "y": 12.9755589 }, "geometry": { "type": "Point", "coordinates": [ 80.2103588, 12.9755589 ] } },
{ "type": "Feature", "properties": { "node_id": 2407564027, "x": 80.2089512, "y": 12.975869 }, "geometry": { "type": "Point", "coordinates": [ 80.2089512, 12.975869 ] } },
{ "type": "Feature", "properties": { "node_id": 2407564028, "x": 80.2129448, "y": 12.9763794 }, "geometry": { "type": "Point", "coordinates": [ 80.2129448, 12.9763794 ] } },
{ "type": "Feature", "properties": { "node_id": 2407564029, "x": 80.213395, "y": 12.9764168 }, "geometry": { "type": "Point", "coordinates": [ 80.213395, 12.9764168 ] } },
{ "type": "Feature", "properties": { "node_id": 2407564048, "x": 80.2226675, "y": 12.9800806 }, "geometry": { "type": "Point", "coordinates": [ 80.2226675, 12.9800806 ] } },
{ "type": "Feature", "properties": { "node_id": 2407565207, "x": 80.2169205, "y": 12.9774482 }, "geometry": { "type": "Point", "coordinates": [ 80.2169205, 12.9774482 ] } },
{ "type": "Feature", "properties": { "node_id": 2407565208, "x": 80.2176837, "y": 12.9774958 }, "geometry": { "type": "Point", "coordinates": [ 80.2176837, 12.9774958 ] } },
{ "type": "Feature", "properties": { "node_id": 2407565209, "x": 80.2190936, "y": 12.9804894 }, "geometry": { "type": "Point", "coordinates": [ 80.2190936, 12.9804894 ] } },
{ "type": "Feature", "properties": { "node_id": 2407565211, "x": 80.2195037, "y": 12.9805721 }, "geometry": { "type": "Point", "coordinates": [ 80.2195037, 12.9805721 ] } },
{ "type": "Feature", "properties": { "node_id": 2407565215, "x": 80.2195492, "y": 12.9816668 }, "geometry": { "type": "Point", "coordinates": [ 80.2195492, 12.9816668 ] } },
{ "type": "Feature", "properties": { "node_id": 2407565221, "x": 80.2165805, "y": 12.9837954 }, "geometry": { "type": "Point", "coordinates": [ 80.2165805, 12.9837954 ] } },
{ "type": "Feature", "properties": { "node_id": 2407565222, "x": 80.2152286, "y": 12.98552 }, "geometry": { "type": "Point", "coordinates": [ 80.2152286, 12.98552 ] } },
{ "type": "Feature", "properties": { "node_id": 2407565225, "x": 80.2153798, "y": 12.9860023 }, "geometry": { "type": "Point", "coordinates": [ 80.2153798, 12.9860023 ] } },
{ "type": "Feature", "properties": { "node_id": 2407565231, "x": 80.2154867, "y": 12.9863988 }, "geometry": { "type": "Point", "coordinates": [ 80.2154867, 12.9863988 ] } },
{ "type": "Feature", "properties": { "node_id": 2407565891, "x": 80.2233612, "y": 12.985474 }, "geometry": { "type": "Point", "coordinates": [ 80.2233612, 12.985474 ] } },
{ "type": "Feature", "properties": { "node_id": 2407565892, "x": 80.2242978, "y": 12.9855465 }, "geometry": { "type": "Point", "coordinates": [ 80.2242978, 12.9855465 ] } },
{ "type": "Feature", "properties": { "node_id": 2407565893, "x": 80.2299023, "y": 12.9857031 }, "geometry": { "type": "Point", "coordinates": [ 80.2299023, 12.9857031 ] } },
{ "type": "Feature", "properties": { "node_id": 2407565895, "x": 80.221345, "y": 12.9876696 }, "geometry": { "type": "Point", "coordinates": [ 80.221345, 12.9876696 ] } },
{ "type": "Feature", "properties": { "node_id": 2442518721, "x": 80.2229732, "y": 12.9861768 }, "geometry": { "type": "Point", "coordinates": [ 80.2229732, 12.9861768 ] } },
{ "type": "Feature", "properties": { "node_id": 2623043962, "x": 80.217938, "y": 12.9842224 }, "geometry": { "type": "Point", "coordinates": [ 80.217938, 12.9842224 ] } },
{ "type": "Feature", "properties": { "node_id": 2669699417, "x": 80.2088683, "y": 12.9709795 }, "geometry": { "type": "Point", "coordinates": [ 80.2088683, 12.9709795 ] } },
{ "type": "Feature", "properties": { "node_id": 2669707478, "x": 80.2122459, "y": 12.9715434 }, "geometry": { "type": "Point", "coordinates": [ 80.2122459, 12.9715434 ] } },
{ "type": "Feature", "properties": { "node_id": 2918265438, "x": 80.2135887, "y": 12.9703817 }, "geometry": { "type": "Point", "coordinates": [ 80.2135887, 12.9703817 ] } },
{ "type": "Feature", "properties": { "node_id": 2987837510, "x": 80.2153039, "y": 12.9813017 }, "geometry": { "type": "Point", "coordinates": [ 80.2153039, 12.9813017 ] } },
{ "type": "Feature", "properties": { "node_id": 2987837511, "x": 80.1998092, "y": 12.983458 }, "geometry": { "type": "Point", "coordinates": [ 80.1998092, 12.983458 ] } },
{ "type": "Feature", "properties": { "node_id": 3000047797, "x": 80.208764, "y": 12.988739 }, "geometry": { "type": "Point", "coordinates": [ 80.208764, 12.988739 ] } },
{ "type": "Feature", "properties": { "node_id": 3187999864, "x": 80.237309, "y": 12.9738607 }, "geometry": { "type": "Point", "coordinates": [ 80.237309, 12.9738607 ] } },
{ "type": "Feature", "properties": { "node_id": 3238555683, "x": 80.2086777, "y": 12.9829656 }, "geometry": { "type": "Point", "coordinates": [ 80.2086777, 12.9829656 ] } },
{ "type": "Feature", "properties": { "node_id": 3265132498, "x": 80.2247357, "y": 12.9840885 }, "geometry": { "type": "Point", "coordinates": [ 80.2247357, 12.9840885 ] } },
{ "type": "Feature", "properties": { "node_id": 3284810761, "x": 80.2068522, "y": 12.9766077 }, "geometry": { "type": "Point", "coordinates": [ 80.2068522, 12.9766077 ] } },
{ "type": "Feature", "properties": { "node_id": 3298604087, "x": 80.2297223, "y": 12.986069 }, "geometry": { "type": "Point", "coordinates": [ 80.2297223, 12.986069 ] } },
{ "type": "Feature", "properties": { "node_id": 3298604090, "x": 80.2290165, "y": 12.9861315 }, "geometry": { "type": "Point", "coordinates": [ 80.2290165, 12.9861315 ] } },
{ "type": "Feature", "properties": { "node_id": 3298604092, "x": 80.2290598, "y": 12.9865243 }, "geometry": { "type": "Point", "coordinates": [ 80.2290598, 12.9865243 ] } },
{ "type": "Feature", "properties": { "node_id": 3419458093, "x": 80.2271697, "y": 12.9861121 }, "geometry": { "type": "Point", "coordinates": [ 80.2271697, 12.9861121 ] } },
{ "type": "Feature", "properties": { "node_id": 3419458094, "x": 80.2272503, "y": 12.9865585 }, "geometry": { "type": "Point", "coordinates": [ 80.2272503, 12.9865585 ] } },
{ "type": "Feature", "properties": { "node_id": 3419458798, "x": 80.21945, "y": 12.9861174 }, "geometry": { "type": "Point", "coordinates": [ 80.21945, 12.9861174 ] } },
{ "type": "Feature", "properties": { "node_id": 3426336738, "x": 80.2209088, "y": 12.9849623 }, "geometry": { "type": "Point", "coordinates": [ 80.2209088, 12.9849623 ] } },
{ "type": "Feature", "properties": { "node_id": 3426336740, "x": 80.22094, "y": 12.9856707 }, "geometry": { "type": "Point", "coordinates": [ 80.22094, 12.9856707 ] } },
{ "type": "Feature", "properties": { "node_id": 3426339340, "x": 80.2276903, "y": 12.9869278 }, "geometry": { "type": "Point", "coordinates": [ 80.2276903, 12.9869278 ] } },
{ "type": "Feature", "properties": { "node_id": 3426339608, "x": 80.2288598, "y": 12.9857723 }, "geometry": { "type": "Point", "coordinates": [ 80.2288598, 12.9857723 ] } },
{ "type": "Feature", "properties": { "node_id": 3431404935, "x": 80.2221196, "y": 12.9841279 }, "geometry": { "type": "Point", "coordinates": [ 80.2221196, 12.9841279 ] } },
{ "type": "Feature", "properties": { "node_id": 3431404936, "x": 80.2210238, "y": 12.9843099 }, "geometry": { "type": "Point", "coordinates": [ 80.2210238, 12.9843099 ] } },
{ "type": "Feature", "properties": { "node_id": 3493019110, "x": 80.2239403, "y": 12.9867401 }, "geometry": { "type": "Point", "coordinates": [ 80.2239403, 12.9867401 ] } },
{ "type": "Feature", "properties": { "node_id": 3673352444, "x": 80.2343453, "y": 12.9819192 }, "geometry": { "type": "Point", "coordinates": [ 80.2343453, 12.9819192 ] } },
{ "type": "Feature", "properties": { "node_id": 3674393186, "x": 80.2125722, "y": 12.9897621 }, "geometry": { "type": "Point", "coordinates": [ 80.2125722, 12.9897621 ] } },
{ "type": "Feature", "properties": { "node_id": 3674393190, "x": 80.2143242, "y": 12.9903568 }, "geometry": { "type": "Point", "coordinates": [ 80.2143242, 12.9903568 ] } },
{ "type": "Feature", "properties": { "node_id": 3674393198, "x": 80.214623, "y": 12.9918142 }, "geometry": { "type": "Point", "coordinates": [ 80.214623, 12.9918142 ] } },
{ "type": "Feature", "properties": { "node_id": 3674393212, "x": 80.2113302, "y": 12.9926677 }, "geometry": { "type": "Point", "coordinates": [ 80.2113302, 12.9926677 ] } },
{ "type": "Feature", "properties": { "node_id": 3674401325, "x": 80.2015521, "y": 12.9881844 }, "geometry": { "type": "Point", "coordinates": [ 80.2015521, 12.9881844 ] } },
{ "type": "Feature", "properties": { "node_id": 3674401332, "x": 80.2005969, "y": 12.9906518 }, "geometry": { "type": "Point", "coordinates": [ 80.2005969, 12.9906518 ] } },
{ "type": "Feature", "properties": { "node_id": 3674401338, "x": 80.2072165, "y": 12.9923862 }, "geometry": { "type": "Point", "coordinates": [ 80.2072165, 12.9923862 ] } },
{ "type": "Feature", "properties": { "node_id": 3674466519, "x": 80.2091082, "y": 12.9851493 }, "geometry": { "type": "Point", "coordinates": [ 80.2091082, 12.9851493 ] } },
{ "type": "Feature", "properties": { "node_id": 3674469328, "x": 80.2012748, "y": 12.9889661 }, "geometry": { "type": "Point", "coordinates": [ 80.2012748, 12.9889661 ] } },
{ "type": "Feature", "properties": { "node_id": 3674607059, "x": 80.208728, "y": 12.977137 }, "geometry": { "type": "Point", "coordinates": [ 80.208728, 12.977137 ] } },
{ "type": "Feature", "properties": { "node_id": 3674674972, "x": 80.1998445, "y": 12.9750495 }, "geometry": { "type": "Point", "coordinates": [ 80.1998445, 12.9750495 ] } },
{ "type": "Feature", "properties": { "node_id": 3674674973, "x": 80.2021178, "y": 12.9754788 }, "geometry": { "type": "Point", "coordinates": [ 80.2021178, 12.9754788 ] } },
{ "type": "Feature", "properties": { "node_id": 3684959089, "x": 80.2051113, "y": 12.968317 }, "geometry": { "type": "Point", "coordinates": [ 80.2051113, 12.968317 ] } },
{ "type": "Feature", "properties": { "node_id": 3728970243, "x": 80.2306858, "y": 12.9831044 }, "geometry": { "type": "Point", "coordinates": [ 80.2306858, 12.9831044 ] } },
{ "type": "Feature", "properties": { "node_id": 3729112486, "x": 80.2068666, "y": 12.9958968 }, "geometry": { "type": "Point", "coordinates": [ 80.2068666, 12.9958968 ] } },
{ "type": "Feature", "properties": { "node_id": 3874187459, "x": 80.2033824, "y": 12.9817497 }, "geometry": { "type": "Point", "coordinates": [ 80.2033824, 12.9817497 ] } },
{ "type": "Feature", "properties": { "node_id": 3874187460, "x": 80.2034251, "y": 12.982354 }, "geometry": { "type": "Point", "coordinates": [ 80.2034251, 12.982354 ] } },
{ "type": "Feature", "properties": { "node_id": 3875133337, "x": 80.2160289, "y": 12.981334 }, "geometry": { "type": "Point", "coordinates": [ 80.2160289, 12.981334 ] } },
{ "type": "Feature", "properties": { "node_id": 3875133338, "x": 80.2160014, "y": 12.9816751 }, "geometry": { "type": "Point", "coordinates": [ 80.2160014, 12.9816751 ] } },
{ "type": "Feature", "properties": { "node_id": 3875696357, "x": 80.2160138, "y": 12.9815198 }, "geometry": { "type": "Point", "coordinates": [ 80.2160138, 12.9815198 ] } },
{ "type": "Feature", "properties": { "node_id": 3895061137, "x": 80.2046872, "y": 12.9804161 }, "geometry": { "type": "Point", "coordinates": [ 80.2046872, 12.9804161 ] } },
{ "type": "Feature", "properties": { "node_id": 3926386341, "x": 80.2367922, "y": 12.9649409 }, "geometry": { "type": "Point", "coordinates": [ 80.2367922, 12.9649409 ] } },
{ "type": "Feature", "properties": { "node_id": 3926386342, "x": 80.2368789, "y": 12.9653008 }, "geometry": { "type": "Point", "coordinates": [ 80.2368789, 12.9653008 ] } },
{ "type": "Feature", "properties": { "node_id": 3926386343, "x": 80.2369637, "y": 12.9657297 }, "geometry": { "type": "Point", "coordinates": [ 80.2369637, 12.9657297 ] } },
{ "type": "Feature", "properties": { "node_id": 3926386344, "x": 80.2370671, "y": 12.9661307 }, "geometry": { "type": "Point", "coordinates": [ 80.2370671, 12.9661307 ] } },
{ "type": "Feature", "properties": { "node_id": 4151681121, "x": 80.2007876, "y": 12.979554 }, "geometry": { "type": "Point", "coordinates": [ 80.2007876, 12.979554 ] } },
{ "type": "Feature", "properties": { "node_id": 4172729776, "x": 80.2252538, "y": 12.9832544 }, "geometry": { "type": "Point", "coordinates": [ 80.2252538, 12.9832544 ] } },
{ "type": "Feature", "properties": { "node_id": 4221752128, "x": 80.1995191, "y": 12.9978176 }, "geometry": { "type": "Point", "coordinates": [ 80.1995191, 12.9978176 ] } },
{ "type": "Feature", "properties": { "node_id": 4221752129, "x": 80.1991498, "y": 12.9979066 }, "geometry": { "type": "Point", "coordinates": [ 80.1991498, 12.9979066 ] } },
{ "type": "Feature", "properties": { "node_id": 4221752130, "x": 80.1992502, "y": 12.9986408 }, "geometry": { "type": "Point", "coordinates": [ 80.1992502, 12.9986408 ] } },
{ "type": "Feature", "properties": { "node_id": 4221752131, "x": 80.1996156, "y": 12.9986565 }, "geometry": { "type": "Point", "coordinates": [ 80.1996156, 12.9986565 ] } },
{ "type": "Feature", "properties": { "node_id": 4221752132, "x": 80.2000506, "y": 12.9986568 }, "geometry": { "type": "Point", "coordinates": [ 80.2000506, 12.9986568 ] } },
{ "type": "Feature", "properties": { "node_id": 4221820417, "x": 80.2283255, "y": 12.9810607 }, "geometry": { "type": "Point", "coordinates": [ 80.2283255, 12.9810607 ] } },
{ "type": "Feature", "properties": { "node_id": 4221820418, "x": 80.2283812, "y": 12.9817048 }, "geometry": { "type": "Point", "coordinates": [ 80.2283812, 12.9817048 ] } },
{ "type": "Feature", "properties": { "node_id": 4226494690, "x": 80.2307039, "y": 12.9816725 }, "geometry": { "type": "Point", "coordinates": [ 80.2307039, 12.9816725 ] } },
{ "type": "Feature", "properties": { "node_id": 4239226795, "x": 80.2193056, "y": 12.9698294 }, "geometry": { "type": "Point", "coordinates": [ 80.2193056, 12.9698294 ] } },
{ "type": "Feature", "properties": { "node_id": 4239226796, "x": 80.2192215, "y": 12.9695272 }, "geometry": { "type": "Point", "coordinates": [ 80.2192215, 12.9695272 ] } },
{ "type": "Feature", "properties": { "node_id": 4239255895, "x": 80.2292537, "y": 12.9737843 }, "geometry": { "type": "Point", "coordinates": [ 80.2292537, 12.9737843 ] } },
{ "type": "Feature", "properties": { "node_id": 4239255900, "x": 80.2298264, "y": 12.9744838 }, "geometry": { "type": "Point", "coordinates": [ 80.2298264, 12.9744838 ] } },
{ "type": "Feature", "properties": { "node_id": 4239255903, "x": 80.2307681, "y": 12.9754149 }, "geometry": { "type": "Point", "coordinates": [ 80.2307681, 12.9754149 ] } },
{ "type": "Feature", "properties": { "node_id": 4252220047, "x": 80.2268273, "y": 12.9711198 }, "geometry": { "type": "Point", "coordinates": [ 80.2268273, 12.9711198 ] } },
{ "type": "Feature", "properties": { "node_id": 4252220048, "x": 80.2260035, "y": 12.9711645 }, "geometry": { "type": "Point", "coordinates": [ 80.2260035, 12.9711645 ] } },
{ "type": "Feature", "properties": { "node_id": 4252220057, "x": 80.2264706, "y": 12.9742879 }, "geometry": { "type": "Point", "coordinates": [ 80.2264706, 12.9742879 ] } },
{ "type": "Feature", "properties": { "node_id": 4252220058, "x": 80.2268409, "y": 12.9743071 }, "geometry": { "type": "Point", "coordinates": [ 80.2268409, 12.9743071 ] } },
{ "type": "Feature", "properties": { "node_id": 4252220059, "x": 80.2264216, "y": 12.9748861 }, "geometry": { "type": "Point", "coordinates": [ 80.2264216, 12.9748861 ] } },
{ "type": "Feature", "properties": { "node_id": 4252220060, "x": 80.226806, "y": 12.9749176 }, "geometry": { "type": "Point", "coordinates": [ 80.226806, 12.9749176 ] } },
{ "type": "Feature", "properties": { "node_id": 4265546764, "x": 80.2231302, "y": 12.9773388 }, "geometry": { "type": "Point", "coordinates": [ 80.2231302, 12.9773388 ] } },
{ "type": "Feature", "properties": { "node_id": 4265546765, "x": 80.2235256, "y": 12.977583 }, "geometry": { "type": "Point", "coordinates": [ 80.2235256, 12.977583 ] } },
{ "type": "Feature", "properties": { "node_id": 4265547662, "x": 80.228306, "y": 12.9801266 }, "geometry": { "type": "Point", "coordinates": [ 80.228306, 12.9801266 ] } },
{ "type": "Feature", "properties": { "node_id": 4265654355, "x": 80.220413, "y": 12.9864954 }, "geometry": { "type": "Point", "coordinates": [ 80.220413, 12.9864954 ] } },
{ "type": "Feature", "properties": { "node_id": 4265654358, "x": 80.2216268, "y": 12.9866349 }, "geometry": { "type": "Point", "coordinates": [ 80.2216268, 12.9866349 ] } },
{ "type": "Feature", "properties": { "node_id": 4265654359, "x": 80.2215338, "y": 12.9866742 }, "geometry": { "type": "Point", "coordinates": [ 80.2215338, 12.9866742 ] } },
{ "type": "Feature", "properties": { "node_id": 4265654360, "x": 80.219966, "y": 12.9867024 }, "geometry": { "type": "Point", "coordinates": [ 80.219966, 12.9867024 ] } },
{ "type": "Feature", "properties": { "node_id": 4265654365, "x": 80.2183271, "y": 12.9872854 }, "geometry": { "type": "Point", "coordinates": [ 80.2183271, 12.9872854 ] } },
{ "type": "Feature", "properties": { "node_id": 4265654366, "x": 80.2219662, "y": 12.9874128 }, "geometry": { "type": "Point", "coordinates": [ 80.2219662, 12.9874128 ] } },
{ "type": "Feature", "properties": { "node_id": 4265677246, "x": 80.2243823, "y": 12.9825529 }, "geometry": { "type": "Point", "coordinates": [ 80.2243823, 12.9825529 ] } },
{ "type": "Feature", "properties": { "node_id": 4265677247, "x": 80.2194563, "y": 12.9832378 }, "geometry": { "type": "Point", "coordinates": [ 80.2194563, 12.9832378 ] } },
{ "type": "Feature", "properties": { "node_id": 4265677248, "x": 80.2243439, "y": 12.9832445 }, "geometry": { "type": "Point", "coordinates": [ 80.2243439, 12.9832445 ] } },
{ "type": "Feature", "properties": { "node_id": 4275748424, "x": 80.2306067, "y": 12.9846798 }, "geometry": { "type": "Point", "coordinates": [ 80.2306067, 12.9846798 ] } },
{ "type": "Feature", "properties": { "node_id": 4278233217, "x": 80.2243975, "y": 12.9798165 }, "geometry": { "type": "Point", "coordinates": [ 80.2243975, 12.9798165 ] } },
{ "type": "Feature", "properties": { "node_id": 4278233218, "x": 80.2243727, "y": 12.9804605 }, "geometry": { "type": "Point", "coordinates": [ 80.2243727, 12.9804605 ] } },
{ "type": "Feature", "properties": { "node_id": 4278233219, "x": 80.2266827, "y": 12.9824311 }, "geometry": { "type": "Point", "coordinates": [ 80.2266827, 12.9824311 ] } },
{ "type": "Feature", "properties": { "node_id": 4278233220, "x": 80.2231843, "y": 12.9831262 }, "geometry": { "type": "Point", "coordinates": [ 80.2231843, 12.9831262 ] } },
{ "type": "Feature", "properties": { "node_id": 4278233221, "x": 80.2232963, "y": 12.9832337 }, "geometry": { "type": "Point", "coordinates": [ 80.2232963, 12.9832337 ] } },
{ "type": "Feature", "properties": { "node_id": 4278233222, "x": 80.2247555, "y": 12.983249 }, "geometry": { "type": "Point", "coordinates": [ 80.2247555, 12.983249 ] } },
{ "type": "Feature", "properties": { "node_id": 4278233223, "x": 80.2237835, "y": 12.9848023 }, "geometry": { "type": "Point", "coordinates": [ 80.2237835, 12.9848023 ] } },
{ "type": "Feature", "properties": { "node_id": 4278284248, "x": 80.228619, "y": 12.9751655 }, "geometry": { "type": "Point", "coordinates": [ 80.228619, 12.9751655 ] } },
{ "type": "Feature", "properties": { "node_id": 4278284249, "x": 80.2285718, "y": 12.9755993 }, "geometry": { "type": "Point", "coordinates": [ 80.2285718, 12.9755993 ] } },
{ "type": "Feature", "properties": { "node_id": 4278284250, "x": 80.2297422, "y": 12.9766061 }, "geometry": { "type": "Point", "coordinates": [ 80.2297422, 12.9766061 ] } },
{ "type": "Feature", "properties": { "node_id": 4278284251, "x": 80.2239033, "y": 12.9778204 }, "geometry": { "type": "Point", "coordinates": [ 80.2239033, 12.9778204 ] } },
{ "type": "Feature", "properties": { "node_id": 4278284253, "x": 80.2238867, "y": 12.9781434 }, "geometry": { "type": "Point", "coordinates": [ 80.2238867, 12.9781434 ] } },
{ "type": "Feature", "properties": { "node_id": 4278284257, "x": 80.2250409, "y": 12.9784922 }, "geometry": { "type": "Point", "coordinates": [ 80.2250409, 12.9784922 ] } },
{ "type": "Feature", "properties": { "node_id": 4278284259, "x": 80.2248509, "y": 12.9788483 }, "geometry": { "type": "Point", "coordinates": [ 80.2248509, 12.9788483 ] } },
{ "type": "Feature", "properties": { "node_id": 4278284260, "x": 80.2226527, "y": 12.9791712 }, "geometry": { "type": "Point", "coordinates": [ 80.2226527, 12.9791712 ] } },
{ "type": "Feature", "properties": { "node_id": 4279691215, "x": 80.227964, "y": 12.9829889 }, "geometry": { "type": "Point", "coordinates": [ 80.227964, 12.9829889 ] } },
{ "type": "Feature", "properties": { "node_id": 4279691216, "x": 80.2296753, "y": 12.9830325 }, "geometry": { "type": "Point", "coordinates": [ 80.2296753, 12.9830325 ] } },
{ "type": "Feature", "properties": { "node_id": 4279691218, "x": 80.229068, "y": 12.9830685 }, "geometry": { "type": "Point", "coordinates": [ 80.229068, 12.9830685 ] } },
{ "type": "Feature", "properties": { "node_id": 4279691221, "x": 80.2284399, "y": 12.9833674 }, "geometry": { "type": "Point", "coordinates": [ 80.2284399, 12.9833674 ] } },
{ "type": "Feature", "properties": { "node_id": 4279691222, "x": 80.2290916, "y": 12.9833862 }, "geometry": { "type": "Point", "coordinates": [ 80.2290916, 12.9833862 ] } },
{ "type": "Feature", "properties": { "node_id": 4294218142, "x": 80.2215878, "y": 12.9747988 }, "geometry": { "type": "Point", "coordinates": [ 80.2215878, 12.9747988 ] } },
{ "type": "Feature", "properties": { "node_id": 4294218143, "x": 80.2219211, "y": 12.9751715 }, "geometry": { "type": "Point", "coordinates": [ 80.2219211, 12.9751715 ] } },
{ "type": "Feature", "properties": { "node_id": 4294218144, "x": 80.2215979, "y": 12.97519 }, "geometry": { "type": "Point", "coordinates": [ 80.2215979, 12.97519 ] } },
{ "type": "Feature", "properties": { "node_id": 4294218147, "x": 80.2219418, "y": 12.9757854 }, "geometry": { "type": "Point", "coordinates": [ 80.2219418, 12.9757854 ] } },
{ "type": "Feature", "properties": { "node_id": 4294274188, "x": 80.2195067, "y": 12.9702608 }, "geometry": { "type": "Point", "coordinates": [ 80.2195067, 12.9702608 ] } },
{ "type": "Feature", "properties": { "node_id": 4294274197, "x": 80.2273414, "y": 12.9753683 }, "geometry": { "type": "Point", "coordinates": [ 80.2273414, 12.9753683 ] } },
{ "type": "Feature", "properties": { "node_id": 4294274199, "x": 80.2272418, "y": 12.975859 }, "geometry": { "type": "Point", "coordinates": [ 80.2272418, 12.975859 ] } },
{ "type": "Feature", "properties": { "node_id": 4294274206, "x": 80.2303664, "y": 12.9782773 }, "geometry": { "type": "Point", "coordinates": [ 80.2303664, 12.9782773 ] } },
{ "type": "Feature", "properties": { "node_id": 4294274209, "x": 80.2325189, "y": 12.9786188 }, "geometry": { "type": "Point", "coordinates": [ 80.2325189, 12.9786188 ] } },
{ "type": "Feature", "properties": { "node_id": 4294274210, "x": 80.2308108, "y": 12.9783964 }, "geometry": { "type": "Point", "coordinates": [ 80.2308108, 12.9783964 ] } },
{ "type": "Feature", "properties": { "node_id": 4294274211, "x": 80.23251, "y": 12.9788821 }, "geometry": { "type": "Point", "coordinates": [ 80.23251, 12.9788821 ] } },
{ "type": "Feature", "properties": { "node_id": 4294274214, "x": 80.2317337, "y": 12.9792164 }, "geometry": { "type": "Point", "coordinates": [ 80.2317337, 12.9792164 ] } },
{ "type": "Feature", "properties": { "node_id": 4294274215, "x": 80.2304702, "y": 12.9792279 }, "geometry": { "type": "Point", "coordinates": [ 80.2304702, 12.9792279 ] } },
{ "type": "Feature", "properties": { "node_id": 4294274216, "x": 80.2307838, "y": 12.9792312 }, "geometry": { "type": "Point", "coordinates": [ 80.2307838, 12.9792312 ] } },
{ "type": "Feature", "properties": { "node_id": 4294274223, "x": 80.2321403, "y": 12.9821568 }, "geometry": { "type": "Point", "coordinates": [ 80.2321403, 12.9821568 ] } },
{ "type": "Feature", "properties": { "node_id": 4294274225, "x": 80.2321872, "y": 12.9823802 }, "geometry": { "type": "Point", "coordinates": [ 80.2321872, 12.9823802 ] } },
{ "type": "Feature", "properties": { "node_id": 4294274228, "x": 80.232198, "y": 12.9825931 }, "geometry": { "type": "Point", "coordinates": [ 80.232198, 12.9825931 ] } },
{ "type": "Feature", "properties": { "node_id": 4294274233, "x": 80.2318033, "y": 12.9827385 }, "geometry": { "type": "Point", "coordinates": [ 80.2318033, 12.9827385 ] } },
{ "type": "Feature", "properties": { "node_id": 4294274234, "x": 80.2322116, "y": 12.9827613 }, "geometry": { "type": "Point", "coordinates": [ 80.2322116, 12.9827613 ] } },
{ "type": "Feature", "properties": { "node_id": 4294274237, "x": 80.232227, "y": 12.982879 }, "geometry": { "type": "Point", "coordinates": [ 80.232227, 12.982879 ] } },
{ "type": "Feature", "properties": { "node_id": 4294274238, "x": 80.2326172, "y": 12.9828838 }, "geometry": { "type": "Point", "coordinates": [ 80.2326172, 12.9828838 ] } },
{ "type": "Feature", "properties": { "node_id": 4294274240, "x": 80.2316406, "y": 12.9830221 }, "geometry": { "type": "Point", "coordinates": [ 80.2316406, 12.9830221 ] } },
{ "type": "Feature", "properties": { "node_id": 4294274247, "x": 80.2322825, "y": 12.9831677 }, "geometry": { "type": "Point", "coordinates": [ 80.2322825, 12.9831677 ] } },
{ "type": "Feature", "properties": { "node_id": 4300667146, "x": 80.2185291, "y": 12.9838869 }, "geometry": { "type": "Point", "coordinates": [ 80.2185291, 12.9838869 ] } },
{ "type": "Feature", "properties": { "node_id": 4300667151, "x": 80.2185684, "y": 12.9850183 }, "geometry": { "type": "Point", "coordinates": [ 80.2185684, 12.9850183 ] } },
{ "type": "Feature", "properties": { "node_id": 4304449135, "x": 80.2185792, "y": 12.9843056 }, "geometry": { "type": "Point", "coordinates": [ 80.2185792, 12.9843056 ] } },
{ "type": "Feature", "properties": { "node_id": 4329339261, "x": 80.2320324, "y": 12.9868029 }, "geometry": { "type": "Point", "coordinates": [ 80.2320324, 12.9868029 ] } },
{ "type": "Feature", "properties": { "node_id": 4329339264, "x": 80.2306994, "y": 12.9869675 }, "geometry": { "type": "Point", "coordinates": [ 80.2306994, 12.9869675 ] } },
{ "type": "Feature", "properties": { "node_id": 4335418563, "x": 80.2222307, "y": 12.9820341 }, "geometry": { "type": "Point", "coordinates": [ 80.2222307, 12.9820341 ] } },
{ "type": "Feature", "properties": { "node_id": 4335418564, "x": 80.223015, "y": 12.9820556 }, "geometry": { "type": "Point", "coordinates": [ 80.223015, 12.9820556 ] } },
{ "type": "Feature", "properties": { "node_id": 4335419613, "x": 80.2192985, "y": 12.9816333 }, "geometry": { "type": "Point", "coordinates": [ 80.2192985, 12.9816333 ] } },
{ "type": "Feature", "properties": { "node_id": 4335419614, "x": 80.2199336, "y": 12.9822548 }, "geometry": { "type": "Point", "coordinates": [ 80.2199336, 12.9822548 ] } },
{ "type": "Feature", "properties": { "node_id": 4358646185, "x": 80.2185585, "y": 12.9857586 }, "geometry": { "type": "Point", "coordinates": [ 80.2185585, 12.9857586 ] } },
{ "type": "Feature", "properties": { "node_id": 4450459258, "x": 80.2310798, "y": 12.9823897 }, "geometry": { "type": "Point", "coordinates": [ 80.2310798, 12.9823897 ] } },
{ "type": "Feature", "properties": { "node_id": 4450459259, "x": 80.2306799, "y": 12.9824321 }, "geometry": { "type": "Point", "coordinates": [ 80.2306799, 12.9824321 ] } },
{ "type": "Feature", "properties": { "node_id": 4450473918, "x": 80.2227628, "y": 12.9769934 }, "geometry": { "type": "Point", "coordinates": [ 80.2227628, 12.9769934 ] } },
{ "type": "Feature", "properties": { "node_id": 4450473925, "x": 80.2332198, "y": 12.9816371 }, "geometry": { "type": "Point", "coordinates": [ 80.2332198, 12.9816371 ] } },
{ "type": "Feature", "properties": { "node_id": 4450536983, "x": 80.2258047, "y": 12.9769846 }, "geometry": { "type": "Point", "coordinates": [ 80.2258047, 12.9769846 ] } },
{ "type": "Feature", "properties": { "node_id": 4450539389, "x": 80.225733, "y": 12.977976 }, "geometry": { "type": "Point", "coordinates": [ 80.225733, 12.977976 ] } },
{ "type": "Feature", "properties": { "node_id": 4450539390, "x": 80.226239, "y": 12.9779831 }, "geometry": { "type": "Point", "coordinates": [ 80.226239, 12.9779831 ] } },
{ "type": "Feature", "properties": { "node_id": 4450539392, "x": 80.2253209, "y": 12.9782589 }, "geometry": { "type": "Point", "coordinates": [ 80.2253209, 12.9782589 ] } },
{ "type": "Feature", "properties": { "node_id": 4450560887, "x": 80.2262577, "y": 12.9729228 }, "geometry": { "type": "Point", "coordinates": [ 80.2262577, 12.9729228 ] } },
{ "type": "Feature", "properties": { "node_id": 4450561191, "x": 80.2232177, "y": 12.974112 }, "geometry": { "type": "Point", "coordinates": [ 80.2232177, 12.974112 ] } },
{ "type": "Feature", "properties": { "node_id": 4452088812, "x": 80.2243294, "y": 12.9777141 }, "geometry": { "type": "Point", "coordinates": [ 80.2243294, 12.9777141 ] } },
{ "type": "Feature", "properties": { "node_id": 4452088814, "x": 80.2247585, "y": 12.977909 }, "geometry": { "type": "Point", "coordinates": [ 80.2247585, 12.977909 ] } },
{ "type": "Feature", "properties": { "node_id": 4785530716, "x": 80.2005453, "y": 12.9854364 }, "geometry": { "type": "Point", "coordinates": [ 80.2005453, 12.9854364 ] } },
{ "type": "Feature", "properties": { "node_id": 4785530717, "x": 80.2006404, "y": 12.9854202 }, "geometry": { "type": "Point", "coordinates": [ 80.2006404, 12.9854202 ] } },
{ "type": "Feature", "properties": { "node_id": 4785532043, "x": 80.2006427, "y": 12.9855117 }, "geometry": { "type": "Point", "coordinates": [ 80.2006427, 12.9855117 ] } },
{ "type": "Feature", "properties": { "node_id": 4793221893, "x": 80.2123939, "y": 12.9708608 }, "geometry": { "type": "Point", "coordinates": [ 80.2123939, 12.9708608 ] } },
{ "type": "Feature", "properties": { "node_id": 4793234005, "x": 80.2123363, "y": 12.9703237 }, "geometry": { "type": "Point", "coordinates": [ 80.2123363, 12.9703237 ] } },
{ "type": "Feature", "properties": { "node_id": 4926000719, "x": 80.2227498, "y": 12.9770668 }, "geometry": { "type": "Point", "coordinates": [ 80.2227498, 12.9770668 ] } },
{ "type": "Feature", "properties": { "node_id": 5124315540, "x": 80.2264418, "y": 12.9711937 }, "geometry": { "type": "Point", "coordinates": [ 80.2264418, 12.9711937 ] } },
{ "type": "Feature", "properties": { "node_id": 5124315541, "x": 80.2263328, "y": 12.9721202 }, "geometry": { "type": "Point", "coordinates": [ 80.2263328, 12.9721202 ] } },
{ "type": "Feature", "properties": { "node_id": 5355073730, "x": 80.2210887, "y": 12.968753 }, "geometry": { "type": "Point", "coordinates": [ 80.2210887, 12.968753 ] } },
{ "type": "Feature", "properties": { "node_id": 5355073731, "x": 80.2208475, "y": 12.9680223 }, "geometry": { "type": "Point", "coordinates": [ 80.2208475, 12.9680223 ] } },
{ "type": "Feature", "properties": { "node_id": 5388533196, "x": 80.2185044, "y": 12.9753276 }, "geometry": { "type": "Point", "coordinates": [ 80.2185044, 12.9753276 ] } },
{ "type": "Feature", "properties": { "node_id": 5388533197, "x": 80.218275, "y": 12.9753135 }, "geometry": { "type": "Point", "coordinates": [ 80.218275, 12.9753135 ] } },
{ "type": "Feature", "properties": { "node_id": 5388533198, "x": 80.2182737, "y": 12.9756347 }, "geometry": { "type": "Point", "coordinates": [ 80.2182737, 12.9756347 ] } },
{ "type": "Feature", "properties": { "node_id": 5388533200, "x": 80.2187361, "y": 12.9750777 }, "geometry": { "type": "Point", "coordinates": [ 80.2187361, 12.9750777 ] } },
{ "type": "Feature", "properties": { "node_id": 5388533203, "x": 80.2185856, "y": 12.9771813 }, "geometry": { "type": "Point", "coordinates": [ 80.2185856, 12.9771813 ] } },
{ "type": "Feature", "properties": { "node_id": 5456056205, "x": 80.2250841, "y": 12.9783943 }, "geometry": { "type": "Point", "coordinates": [ 80.2250841, 12.9783943 ] } },
{ "type": "Feature", "properties": { "node_id": 5458540726, "x": 80.2166119, "y": 12.9833932 }, "geometry": { "type": "Point", "coordinates": [ 80.2166119, 12.9833932 ] } },
{ "type": "Feature", "properties": { "node_id": 5458540727, "x": 80.2165533, "y": 12.9830393 }, "geometry": { "type": "Point", "coordinates": [ 80.2165533, 12.9830393 ] } },
{ "type": "Feature", "properties": { "node_id": 5985667082, "x": 80.1984641, "y": 12.9648579 }, "geometry": { "type": "Point", "coordinates": [ 80.1984641, 12.9648579 ] } },
{ "type": "Feature", "properties": { "node_id": 6245847122, "x": 80.2073595, "y": 12.9959039 }, "geometry": { "type": "Point", "coordinates": [ 80.2073595, 12.9959039 ] } },
{ "type": "Feature", "properties": { "node_id": 6245847123, "x": 80.2068884, "y": 12.9960144 }, "geometry": { "type": "Point", "coordinates": [ 80.2068884, 12.9960144 ] } },
{ "type": "Feature", "properties": { "node_id": 6245849216, "x": 80.1991395, "y": 12.9695207 }, "geometry": { "type": "Point", "coordinates": [ 80.1991395, 12.9695207 ] } },
{ "type": "Feature", "properties": { "node_id": 6245878228, "x": 80.2157378, "y": 12.9685541 }, "geometry": { "type": "Point", "coordinates": [ 80.2157378, 12.9685541 ] } },
{ "type": "Feature", "properties": { "node_id": 6245898775, "x": 80.2116082, "y": 12.9720929 }, "geometry": { "type": "Point", "coordinates": [ 80.2116082, 12.9720929 ] } },
{ "type": "Feature", "properties": { "node_id": 6245899875, "x": 80.2077481, "y": 12.9753125 }, "geometry": { "type": "Point", "coordinates": [ 80.2077481, 12.9753125 ] } },
{ "type": "Feature", "properties": { "node_id": 6245904904, "x": 80.2176887, "y": 12.9799921 }, "geometry": { "type": "Point", "coordinates": [ 80.2176887, 12.9799921 ] } },
{ "type": "Feature", "properties": { "node_id": 6245918932, "x": 80.2231885, "y": 12.9703114 }, "geometry": { "type": "Point", "coordinates": [ 80.2231885, 12.9703114 ] } },
{ "type": "Feature", "properties": { "node_id": 6245941236, "x": 80.2067157, "y": 12.976276 }, "geometry": { "type": "Point", "coordinates": [ 80.2067157, 12.976276 ] } },
{ "type": "Feature", "properties": { "node_id": 6245941237, "x": 80.2066346, "y": 12.9761665 }, "geometry": { "type": "Point", "coordinates": [ 80.2066346, 12.9761665 ] } },
{ "type": "Feature", "properties": { "node_id": 6245972922, "x": 80.2075498, "y": 12.9871488 }, "geometry": { "type": "Point", "coordinates": [ 80.2075498, 12.9871488 ] } },
{ "type": "Feature", "properties": { "node_id": 6304903884, "x": 80.2063772, "y": 12.9838201 }, "geometry": { "type": "Point", "coordinates": [ 80.2063772, 12.9838201 ] } },
{ "type": "Feature", "properties": { "node_id": 6304943208, "x": 80.2068069, "y": 12.9864345 }, "geometry": { "type": "Point", "coordinates": [ 80.2068069, 12.9864345 ] } },
{ "type": "Feature", "properties": { "node_id": 6304943212, "x": 80.206944, "y": 12.9871408 }, "geometry": { "type": "Point", "coordinates": [ 80.206944, 12.9871408 ] } },
{ "type": "Feature", "properties": { "node_id": 6304944533, "x": 80.2157458, "y": 12.9995469 }, "geometry": { "type": "Point", "coordinates": [ 80.2157458, 12.9995469 ] } },
{ "type": "Feature", "properties": { "node_id": 6305009113, "x": 80.2075579, "y": 12.9876223 }, "geometry": { "type": "Point", "coordinates": [ 80.2075579, 12.9876223 ] } },
{ "type": "Feature", "properties": { "node_id": 6305009114, "x": 80.20858, "y": 12.9876315 }, "geometry": { "type": "Point", "coordinates": [ 80.20858, 12.9876315 ] } },
{ "type": "Feature", "properties": { "node_id": 6305062118, "x": 80.205618, "y": 12.9800708 }, "geometry": { "type": "Point", "coordinates": [ 80.205618, 12.9800708 ] } },
{ "type": "Feature", "properties": { "node_id": 6305098300, "x": 80.2064285, "y": 12.9705385 }, "geometry": { "type": "Point", "coordinates": [ 80.2064285, 12.9705385 ] } },
{ "type": "Feature", "properties": { "node_id": 6305098301, "x": 80.2064797, "y": 12.9709692 }, "geometry": { "type": "Point", "coordinates": [ 80.2064797, 12.9709692 ] } },
{ "type": "Feature", "properties": { "node_id": 6305102364, "x": 80.2034594, "y": 12.9801724 }, "geometry": { "type": "Point", "coordinates": [ 80.2034594, 12.9801724 ] } },
{ "type": "Feature", "properties": { "node_id": 6305116562, "x": 80.2020933, "y": 12.9881033 }, "geometry": { "type": "Point", "coordinates": [ 80.2020933, 12.9881033 ] } },
{ "type": "Feature", "properties": { "node_id": 6305141294, "x": 80.2119835, "y": 12.9952042 }, "geometry": { "type": "Point", "coordinates": [ 80.2119835, 12.9952042 ] } },
{ "type": "Feature", "properties": { "node_id": 6305144013, "x": 80.2156005, "y": 12.9858306 }, "geometry": { "type": "Point", "coordinates": [ 80.2156005, 12.9858306 ] } },
{ "type": "Feature", "properties": { "node_id": 6305239490, "x": 80.2013375, "y": 12.9828717 }, "geometry": { "type": "Point", "coordinates": [ 80.2013375, 12.9828717 ] } },
{ "type": "Feature", "properties": { "node_id": 6305239491, "x": 80.2009109, "y": 12.9829128 }, "geometry": { "type": "Point", "coordinates": [ 80.2009109, 12.9829128 ] } },
{ "type": "Feature", "properties": { "node_id": 6305258154, "x": 80.210613, "y": 12.9821204 }, "geometry": { "type": "Point", "coordinates": [ 80.210613, 12.9821204 ] } },
{ "type": "Feature", "properties": { "node_id": 6305271073, "x": 80.1999297, "y": 12.9673862 }, "geometry": { "type": "Point", "coordinates": [ 80.1999297, 12.9673862 ] } },
{ "type": "Feature", "properties": { "node_id": 6305272158, "x": 80.2011126, "y": 12.9700034 }, "geometry": { "type": "Point", "coordinates": [ 80.2011126, 12.9700034 ] } },
{ "type": "Feature", "properties": { "node_id": 6305272160, "x": 80.2003795, "y": 12.9708282 }, "geometry": { "type": "Point", "coordinates": [ 80.2003795, 12.9708282 ] } },
{ "type": "Feature", "properties": { "node_id": 6305272161, "x": 80.2002097, "y": 12.9700802 }, "geometry": { "type": "Point", "coordinates": [ 80.2002097, 12.9700802 ] } },
{ "type": "Feature", "properties": { "node_id": 6305284075, "x": 80.2066866, "y": 12.9951454 }, "geometry": { "type": "Point", "coordinates": [ 80.2066866, 12.9951454 ] } },
{ "type": "Feature", "properties": { "node_id": 6305284076, "x": 80.2071663, "y": 12.9950512 }, "geometry": { "type": "Point", "coordinates": [ 80.2071663, 12.9950512 ] } },
{ "type": "Feature", "properties": { "node_id": 6305444564, "x": 80.2150025, "y": 12.9833195 }, "geometry": { "type": "Point", "coordinates": [ 80.2150025, 12.9833195 ] } },
{ "type": "Feature", "properties": { "node_id": 6305461631, "x": 80.2173448, "y": 12.9853748 }, "geometry": { "type": "Point", "coordinates": [ 80.2173448, 12.9853748 ] } },
{ "type": "Feature", "properties": { "node_id": 6305891098, "x": 80.1989301, "y": 12.9675008 }, "geometry": { "type": "Point", "coordinates": [ 80.1989301, 12.9675008 ] } },
{ "type": "Feature", "properties": { "node_id": 6307220900, "x": 80.2061879, "y": 12.9722545 }, "geometry": { "type": "Point", "coordinates": [ 80.2061879, 12.9722545 ] } },
{ "type": "Feature", "properties": { "node_id": 6307225153, "x": 80.2251352, "y": 12.9710843 }, "geometry": { "type": "Point", "coordinates": [ 80.2251352, 12.9710843 ] } },
{ "type": "Feature", "properties": { "node_id": 6307234631, "x": 80.2070838, "y": 12.9841423 }, "geometry": { "type": "Point", "coordinates": [ 80.2070838, 12.9841423 ] } },
{ "type": "Feature", "properties": { "node_id": 6307239350, "x": 80.2131882, "y": 12.980487 }, "geometry": { "type": "Point", "coordinates": [ 80.2131882, 12.980487 ] } },
{ "type": "Feature", "properties": { "node_id": 6307239351, "x": 80.213181, "y": 12.980692 }, "geometry": { "type": "Point", "coordinates": [ 80.213181, 12.980692 ] } },
{ "type": "Feature", "properties": { "node_id": 6307294329, "x": 80.2006251, "y": 12.9761242 }, "geometry": { "type": "Point", "coordinates": [ 80.2006251, 12.9761242 ] } },
{ "type": "Feature", "properties": { "node_id": 6307304508, "x": 80.2014597, "y": 12.986211 }, "geometry": { "type": "Point", "coordinates": [ 80.2014597, 12.986211 ] } },
{ "type": "Feature", "properties": { "node_id": 6307335816, "x": 80.1989309, "y": 12.9745038 }, "geometry": { "type": "Point", "coordinates": [ 80.1989309, 12.9745038 ] } },
{ "type": "Feature", "properties": { "node_id": 6307339499, "x": 80.212351, "y": 12.9844039 }, "geometry": { "type": "Point", "coordinates": [ 80.212351, 12.9844039 ] } },
{ "type": "Feature", "properties": { "node_id": 6307339504, "x": 80.2122063, "y": 12.9838975 }, "geometry": { "type": "Point", "coordinates": [ 80.2122063, 12.9838975 ] } },
{ "type": "Feature", "properties": { "node_id": 6307351119, "x": 80.2107077, "y": 12.9728689 }, "geometry": { "type": "Point", "coordinates": [ 80.2107077, 12.9728689 ] } },
{ "type": "Feature", "properties": { "node_id": 6318051102, "x": 80.2060719, "y": 12.9860798 }, "geometry": { "type": "Point", "coordinates": [ 80.2060719, 12.9860798 ] } },
{ "type": "Feature", "properties": { "node_id": 6444819411, "x": 80.2166908, "y": 12.9950457 }, "geometry": { "type": "Point", "coordinates": [ 80.2166908, 12.9950457 ] } },
{ "type": "Feature", "properties": { "node_id": 6444890773, "x": 80.2052949, "y": 12.9824138 }, "geometry": { "type": "Point", "coordinates": [ 80.2052949, 12.9824138 ] } },
{ "type": "Feature", "properties": { "node_id": 6444948939, "x": 80.2025495, "y": 12.9829607 }, "geometry": { "type": "Point", "coordinates": [ 80.2025495, 12.9829607 ] } },
{ "type": "Feature", "properties": { "node_id": 6444985428, "x": 80.2031751, "y": 12.9856836 }, "geometry": { "type": "Point", "coordinates": [ 80.2031751, 12.9856836 ] } },
{ "type": "Feature", "properties": { "node_id": 6444985432, "x": 80.2037385, "y": 12.9855823 }, "geometry": { "type": "Point", "coordinates": [ 80.2037385, 12.9855823 ] } },
{ "type": "Feature", "properties": { "node_id": 6444989179, "x": 80.200672, "y": 12.9919006 }, "geometry": { "type": "Point", "coordinates": [ 80.200672, 12.9919006 ] } },
{ "type": "Feature", "properties": { "node_id": 6444993156, "x": 80.2167196, "y": 12.9843949 }, "geometry": { "type": "Point", "coordinates": [ 80.2167196, 12.9843949 ] } },
{ "type": "Feature", "properties": { "node_id": 6445002199, "x": 80.201987, "y": 12.9842206 }, "geometry": { "type": "Point", "coordinates": [ 80.201987, 12.9842206 ] } },
{ "type": "Feature", "properties": { "node_id": 6445002200, "x": 80.2021591, "y": 12.9849144 }, "geometry": { "type": "Point", "coordinates": [ 80.2021591, 12.9849144 ] } },
{ "type": "Feature", "properties": { "node_id": 6445002201, "x": 80.2020514, "y": 12.9845068 }, "geometry": { "type": "Point", "coordinates": [ 80.2020514, 12.9845068 ] } },
{ "type": "Feature", "properties": { "node_id": 6445015117, "x": 80.2034257, "y": 12.994403 }, "geometry": { "type": "Point", "coordinates": [ 80.2034257, 12.994403 ] } },
{ "type": "Feature", "properties": { "node_id": 6445024881, "x": 80.199687, "y": 12.9815524 }, "geometry": { "type": "Point", "coordinates": [ 80.199687, 12.9815524 ] } },
{ "type": "Feature", "properties": { "node_id": 6445033946, "x": 80.2098097, "y": 12.9829157 }, "geometry": { "type": "Point", "coordinates": [ 80.2098097, 12.9829157 ] } },
{ "type": "Feature", "properties": { "node_id": 6445038355, "x": 80.2085752, "y": 12.9920818 }, "geometry": { "type": "Point", "coordinates": [ 80.2085752, 12.9920818 ] } },
{ "type": "Feature", "properties": { "node_id": 6445040425, "x": 80.2124909, "y": 12.9938924 }, "geometry": { "type": "Point", "coordinates": [ 80.2124909, 12.9938924 ] } },
{ "type": "Feature", "properties": { "node_id": 6445046253, "x": 80.2096768, "y": 12.9855017 }, "geometry": { "type": "Point", "coordinates": [ 80.2096768, 12.9855017 ] } },
{ "type": "Feature", "properties": { "node_id": 6445046255, "x": 80.2097091, "y": 12.9850165 }, "geometry": { "type": "Point", "coordinates": [ 80.2097091, 12.9850165 ] } },
{ "type": "Feature", "properties": { "node_id": 6445046257, "x": 80.2097574, "y": 12.984318 }, "geometry": { "type": "Point", "coordinates": [ 80.2097574, 12.984318 ] } },
{ "type": "Feature", "properties": { "node_id": 6445046904, "x": 80.2099873, "y": 12.9837655 }, "geometry": { "type": "Point", "coordinates": [ 80.2099873, 12.9837655 ] } },
{ "type": "Feature", "properties": { "node_id": 6445046905, "x": 80.2099824, "y": 12.9843271 }, "geometry": { "type": "Point", "coordinates": [ 80.2099824, 12.9843271 ] } },
{ "type": "Feature", "properties": { "node_id": 6445081509, "x": 80.2004886, "y": 12.9964533 }, "geometry": { "type": "Point", "coordinates": [ 80.2004886, 12.9964533 ] } },
{ "type": "Feature", "properties": { "node_id": 6445112585, "x": 80.1987627, "y": 12.9890893 }, "geometry": { "type": "Point", "coordinates": [ 80.1987627, 12.9890893 ] } },
{ "type": "Feature", "properties": { "node_id": 6445112586, "x": 80.1985824, "y": 12.9883522 }, "geometry": { "type": "Point", "coordinates": [ 80.1985824, 12.9883522 ] } },
{ "type": "Feature", "properties": { "node_id": 6445191536, "x": 80.2180767, "y": 12.9794639 }, "geometry": { "type": "Point", "coordinates": [ 80.2180767, 12.9794639 ] } },
{ "type": "Feature", "properties": { "node_id": 6445277942, "x": 80.2224697, "y": 12.9807601 }, "geometry": { "type": "Point", "coordinates": [ 80.2224697, 12.9807601 ] } },
{ "type": "Feature", "properties": { "node_id": 6445302904, "x": 80.2131002, "y": 12.9951261 }, "geometry": { "type": "Point", "coordinates": [ 80.2131002, 12.9951261 ] } },
{ "type": "Feature", "properties": { "node_id": 6445481214, "x": 80.2358065, "y": 12.9825326 }, "geometry": { "type": "Point", "coordinates": [ 80.2358065, 12.9825326 ] } },
{ "type": "Feature", "properties": { "node_id": 6445481215, "x": 80.2357627, "y": 12.9821398 }, "geometry": { "type": "Point", "coordinates": [ 80.2357627, 12.9821398 ] } },
{ "type": "Feature", "properties": { "node_id": 6445481216, "x": 80.2357496, "y": 12.9817643 }, "geometry": { "type": "Point", "coordinates": [ 80.2357496, 12.9817643 ] } },
{ "type": "Feature", "properties": { "node_id": 6445651767, "x": 80.2195434, "y": 12.9798414 }, "geometry": { "type": "Point", "coordinates": [ 80.2195434, 12.9798414 ] } },
{ "type": "Feature", "properties": { "node_id": 6445743573, "x": 80.225603, "y": 12.9841625 }, "geometry": { "type": "Point", "coordinates": [ 80.225603, 12.9841625 ] } },
{ "type": "Feature", "properties": { "node_id": 6445743574, "x": 80.2256132, "y": 12.983754 }, "geometry": { "type": "Point", "coordinates": [ 80.2256132, 12.983754 ] } },
{ "type": "Feature", "properties": { "node_id": 6451339709, "x": 80.2145152, "y": 12.9754137 }, "geometry": { "type": "Point", "coordinates": [ 80.2145152, 12.9754137 ] } },
{ "type": "Feature", "properties": { "node_id": 6451339710, "x": 80.2144205, "y": 12.9746996 }, "geometry": { "type": "Point", "coordinates": [ 80.2144205, 12.9746996 ] } },
{ "type": "Feature", "properties": { "node_id": 6451584412, "x": 80.2084109, "y": 12.9747899 }, "geometry": { "type": "Point", "coordinates": [ 80.2084109, 12.9747899 ] } },
{ "type": "Feature", "properties": { "node_id": 6451643707, "x": 80.207378, "y": 12.9733836 }, "geometry": { "type": "Point", "coordinates": [ 80.207378, 12.9733836 ] } },
{ "type": "Feature", "properties": { "node_id": 6451658877, "x": 80.2150113, "y": 12.9723609 }, "geometry": { "type": "Point", "coordinates": [ 80.2150113, 12.9723609 ] } },
{ "type": "Feature", "properties": { "node_id": 6451660876, "x": 80.2188653, "y": 12.9709108 }, "geometry": { "type": "Point", "coordinates": [ 80.2188653, 12.9709108 ] } },
{ "type": "Feature", "properties": { "node_id": 6451736134, "x": 80.1982689, "y": 12.9775696 }, "geometry": { "type": "Point", "coordinates": [ 80.1982689, 12.9775696 ] } },
{ "type": "Feature", "properties": { "node_id": 6451736135, "x": 80.1982548, "y": 12.9779713 }, "geometry": { "type": "Point", "coordinates": [ 80.1982548, 12.9779713 ] } },
{ "type": "Feature", "properties": { "node_id": 6451743930, "x": 80.2078226, "y": 12.972315 }, "geometry": { "type": "Point", "coordinates": [ 80.2078226, 12.972315 ] } },
{ "type": "Feature", "properties": { "node_id": 6451745662, "x": 80.1998947, "y": 12.9746197 }, "geometry": { "type": "Point", "coordinates": [ 80.1998947, 12.9746197 ] } },
{ "type": "Feature", "properties": { "node_id": 6451756165, "x": 80.2050112, "y": 12.9712345 }, "geometry": { "type": "Point", "coordinates": [ 80.2050112, 12.9712345 ] } },
{ "type": "Feature", "properties": { "node_id": 6451777326, "x": 80.2040208, "y": 12.9708213 }, "geometry": { "type": "Point", "coordinates": [ 80.2040208, 12.9708213 ] } },
{ "type": "Feature", "properties": { "node_id": 6451797998, "x": 80.2069674, "y": 12.9718955 }, "geometry": { "type": "Point", "coordinates": [ 80.2069674, 12.9718955 ] } },
{ "type": "Feature", "properties": { "node_id": 6451815451, "x": 80.2048077, "y": 12.9683834 }, "geometry": { "type": "Point", "coordinates": [ 80.2048077, 12.9683834 ] } },
{ "type": "Feature", "properties": { "node_id": 6452022958, "x": 80.2019078, "y": 12.9781968 }, "geometry": { "type": "Point", "coordinates": [ 80.2019078, 12.9781968 ] } },
{ "type": "Feature", "properties": { "node_id": 6496531946, "x": 80.2147343, "y": 12.9930638 }, "geometry": { "type": "Point", "coordinates": [ 80.2147343, 12.9930638 ] } },
{ "type": "Feature", "properties": { "node_id": 6497416894, "x": 80.2031728, "y": 12.9920683 }, "geometry": { "type": "Point", "coordinates": [ 80.2031728, 12.9920683 ] } },
{ "type": "Feature", "properties": { "node_id": 6497631097, "x": 80.2013522, "y": 12.9991022 }, "geometry": { "type": "Point", "coordinates": [ 80.2013522, 12.9991022 ] } },
{ "type": "Feature", "properties": { "node_id": 6497684538, "x": 80.2116952, "y": 12.9856771 }, "geometry": { "type": "Point", "coordinates": [ 80.2116952, 12.9856771 ] } },
{ "type": "Feature", "properties": { "node_id": 6497689886, "x": 80.2068082, "y": 12.984646 }, "geometry": { "type": "Point", "coordinates": [ 80.2068082, 12.984646 ] } },
{ "type": "Feature", "properties": { "node_id": 6497689887, "x": 80.2068834, "y": 12.9851028 }, "geometry": { "type": "Point", "coordinates": [ 80.2068834, 12.9851028 ] } },
{ "type": "Feature", "properties": { "node_id": 6497873011, "x": 80.2146511, "y": 12.9905772 }, "geometry": { "type": "Point", "coordinates": [ 80.2146511, 12.9905772 ] } },
{ "type": "Feature", "properties": { "node_id": 6498272044, "x": 80.2089582, "y": 12.9798508 }, "geometry": { "type": "Point", "coordinates": [ 80.2089582, 12.9798508 ] } },
{ "type": "Feature", "properties": { "node_id": 6498272045, "x": 80.209375, "y": 12.9798489 }, "geometry": { "type": "Point", "coordinates": [ 80.209375, 12.9798489 ] } },
{ "type": "Feature", "properties": { "node_id": 6498321179, "x": 80.2148843, "y": 12.9798909 }, "geometry": { "type": "Point", "coordinates": [ 80.2148843, 12.9798909 ] } },
{ "type": "Feature", "properties": { "node_id": 6498321180, "x": 80.2148831, "y": 12.9795185 }, "geometry": { "type": "Point", "coordinates": [ 80.2148831, 12.9795185 ] } },
{ "type": "Feature", "properties": { "node_id": 6502889951, "x": 80.2182454, "y": 12.9762582 }, "geometry": { "type": "Point", "coordinates": [ 80.2182454, 12.9762582 ] } },
{ "type": "Feature", "properties": { "node_id": 6502889952, "x": 80.2182223, "y": 12.9766035 }, "geometry": { "type": "Point", "coordinates": [ 80.2182223, 12.9766035 ] } },
{ "type": "Feature", "properties": { "node_id": 6502990193, "x": 80.2033927, "y": 12.9784366 }, "geometry": { "type": "Point", "coordinates": [ 80.2033927, 12.9784366 ] } },
{ "type": "Feature", "properties": { "node_id": 6502990194, "x": 80.2034662, "y": 12.9785453 }, "geometry": { "type": "Point", "coordinates": [ 80.2034662, 12.9785453 ] } },
{ "type": "Feature", "properties": { "node_id": 6510959128, "x": 80.198769, "y": 12.9805239 }, "geometry": { "type": "Point", "coordinates": [ 80.198769, 12.9805239 ] } },
{ "type": "Feature", "properties": { "node_id": 6518316956, "x": 80.2058426, "y": 12.9942828 }, "geometry": { "type": "Point", "coordinates": [ 80.2058426, 12.9942828 ] } },
{ "type": "Feature", "properties": { "node_id": 6547624283, "x": 80.2247979, "y": 12.9808608 }, "geometry": { "type": "Point", "coordinates": [ 80.2247979, 12.9808608 ] } },
{ "type": "Feature", "properties": { "node_id": 6547624284, "x": 80.2253603, "y": 12.980895 }, "geometry": { "type": "Point", "coordinates": [ 80.2253603, 12.980895 ] } },
{ "type": "Feature", "properties": { "node_id": 6547635085, "x": 80.2261256, "y": 12.9810254 }, "geometry": { "type": "Point", "coordinates": [ 80.2261256, 12.9810254 ] } },
{ "type": "Feature", "properties": { "node_id": 6552436476, "x": 80.2259315, "y": 12.9817788 }, "geometry": { "type": "Point", "coordinates": [ 80.2259315, 12.9817788 ] } },
{ "type": "Feature", "properties": { "node_id": 6552436477, "x": 80.2253171, "y": 12.9817648 }, "geometry": { "type": "Point", "coordinates": [ 80.2253171, 12.9817648 ] } },
{ "type": "Feature", "properties": { "node_id": 6583208815, "x": 80.2198209, "y": 12.9763456 }, "geometry": { "type": "Point", "coordinates": [ 80.2198209, 12.9763456 ] } },
{ "type": "Feature", "properties": { "node_id": 6583378201, "x": 80.1997125, "y": 12.9759575 }, "geometry": { "type": "Point", "coordinates": [ 80.1997125, 12.9759575 ] } },
{ "type": "Feature", "properties": { "node_id": 6583378629, "x": 80.2020688, "y": 12.9742739 }, "geometry": { "type": "Point", "coordinates": [ 80.2020688, 12.9742739 ] } },
{ "type": "Feature", "properties": { "node_id": 6583386224, "x": 80.1982251, "y": 12.9782911 }, "geometry": { "type": "Point", "coordinates": [ 80.1982251, 12.9782911 ] } },
{ "type": "Feature", "properties": { "node_id": 6585493710, "x": 80.1991131, "y": 12.9740639 }, "geometry": { "type": "Point", "coordinates": [ 80.1991131, 12.9740639 ] } },
{ "type": "Feature", "properties": { "node_id": 6585805338, "x": 80.1991689, "y": 12.9727558 }, "geometry": { "type": "Point", "coordinates": [ 80.1991689, 12.9727558 ] } },
{ "type": "Feature", "properties": { "node_id": 6585910998, "x": 80.2006674, "y": 12.9730968 }, "geometry": { "type": "Point", "coordinates": [ 80.2006674, 12.9730968 ] } },
{ "type": "Feature", "properties": { "node_id": 6585911002, "x": 80.2007881, "y": 12.973757 }, "geometry": { "type": "Point", "coordinates": [ 80.2007881, 12.973757 ] } },
{ "type": "Feature", "properties": { "node_id": 6585998354, "x": 80.1982413, "y": 12.9742429 }, "geometry": { "type": "Point", "coordinates": [ 80.1982413, 12.9742429 ] } },
{ "type": "Feature", "properties": { "node_id": 6586062047, "x": 80.2049845, "y": 12.9720942 }, "geometry": { "type": "Point", "coordinates": [ 80.2049845, 12.9720942 ] } },
{ "type": "Feature", "properties": { "node_id": 6586062048, "x": 80.2045953, "y": 12.97215 }, "geometry": { "type": "Point", "coordinates": [ 80.2045953, 12.97215 ] } },
{ "type": "Feature", "properties": { "node_id": 6588171743, "x": 80.2154999, "y": 12.9924494 }, "geometry": { "type": "Point", "coordinates": [ 80.2154999, 12.9924494 ] } },
{ "type": "Feature", "properties": { "node_id": 6588259894, "x": 80.2247125, "y": 12.9782926 }, "geometry": { "type": "Point", "coordinates": [ 80.2247125, 12.9782926 ] } },
{ "type": "Feature", "properties": { "node_id": 6588259895, "x": 80.224769, "y": 12.9782125 }, "geometry": { "type": "Point", "coordinates": [ 80.224769, 12.9782125 ] } },
{ "type": "Feature", "properties": { "node_id": 6588360700, "x": 80.212854, "y": 12.9653772 }, "geometry": { "type": "Point", "coordinates": [ 80.212854, 12.9653772 ] } },
{ "type": "Feature", "properties": { "node_id": 6588360701, "x": 80.2127749, "y": 12.9649287 }, "geometry": { "type": "Point", "coordinates": [ 80.2127749, 12.9649287 ] } },
{ "type": "Feature", "properties": { "node_id": 6590123061, "x": 80.2084543, "y": 12.9650436 }, "geometry": { "type": "Point", "coordinates": [ 80.2084543, 12.9650436 ] } },
{ "type": "Feature", "properties": { "node_id": 6590123062, "x": 80.2086205, "y": 12.9657171 }, "geometry": { "type": "Point", "coordinates": [ 80.2086205, 12.9657171 ] } },
{ "type": "Feature", "properties": { "node_id": 6590245066, "x": 80.2022096, "y": 12.9653831 }, "geometry": { "type": "Point", "coordinates": [ 80.2022096, 12.9653831 ] } },
{ "type": "Feature", "properties": { "node_id": 6590245067, "x": 80.202278, "y": 12.9658239 }, "geometry": { "type": "Point", "coordinates": [ 80.202278, 12.9658239 ] } },
{ "type": "Feature", "properties": { "node_id": 6590299728, "x": 80.2085772, "y": 12.9641115 }, "geometry": { "type": "Point", "coordinates": [ 80.2085772, 12.9641115 ] } },
{ "type": "Feature", "properties": { "node_id": 6590310648, "x": 80.1993442, "y": 12.9641124 }, "geometry": { "type": "Point", "coordinates": [ 80.1993442, 12.9641124 ] } },
{ "type": "Feature", "properties": { "node_id": 6590310651, "x": 80.1994134, "y": 12.9649195 }, "geometry": { "type": "Point", "coordinates": [ 80.1994134, 12.9649195 ] } },
{ "type": "Feature", "properties": { "node_id": 6590310653, "x": 80.1997098, "y": 12.9649901 }, "geometry": { "type": "Point", "coordinates": [ 80.1997098, 12.9649901 ] } },
{ "type": "Feature", "properties": { "node_id": 6595530675, "x": 80.2370032, "y": 12.9801055 }, "geometry": { "type": "Point", "coordinates": [ 80.2370032, 12.9801055 ] } },
{ "type": "Feature", "properties": { "node_id": 6595530678, "x": 80.2365531, "y": 12.9804853 }, "geometry": { "type": "Point", "coordinates": [ 80.2365531, 12.9804853 ] } },
{ "type": "Feature", "properties": { "node_id": 6595530680, "x": 80.2366534, "y": 12.9811823 }, "geometry": { "type": "Point", "coordinates": [ 80.2366534, 12.9811823 ] } },
{ "type": "Feature", "properties": { "node_id": 6595580907, "x": 80.2234527, "y": 12.9754818 }, "geometry": { "type": "Point", "coordinates": [ 80.2234527, 12.9754818 ] } },
{ "type": "Feature", "properties": { "node_id": 6637715204, "x": 80.206696, "y": 12.988814 }, "geometry": { "type": "Point", "coordinates": [ 80.206696, 12.988814 ] } },
{ "type": "Feature", "properties": { "node_id": 6774011419, "x": 80.2048038, "y": 12.9913167 }, "geometry": { "type": "Point", "coordinates": [ 80.2048038, 12.9913167 ] } },
{ "type": "Feature", "properties": { "node_id": 6774011420, "x": 80.2041876, "y": 12.9915319 }, "geometry": { "type": "Point", "coordinates": [ 80.2041876, 12.9915319 ] } },
{ "type": "Feature", "properties": { "node_id": 6774011421, "x": 80.2041635, "y": 12.9909652 }, "geometry": { "type": "Point", "coordinates": [ 80.2041635, 12.9909652 ] } },
{ "type": "Feature", "properties": { "node_id": 6774011423, "x": 80.2049388, "y": 12.9916639 }, "geometry": { "type": "Point", "coordinates": [ 80.2049388, 12.9916639 ] } },
{ "type": "Feature", "properties": { "node_id": 6786335837, "x": 80.2124986, "y": 12.976394 }, "geometry": { "type": "Point", "coordinates": [ 80.2124986, 12.976394 ] } },
{ "type": "Feature", "properties": { "node_id": 6786335838, "x": 80.2113587, "y": 12.9766867 }, "geometry": { "type": "Point", "coordinates": [ 80.2113587, 12.9766867 ] } },
{ "type": "Feature", "properties": { "node_id": 6786335839, "x": 80.2118891, "y": 12.9767261 }, "geometry": { "type": "Point", "coordinates": [ 80.2118891, 12.9767261 ] } },
{ "type": "Feature", "properties": { "node_id": 6786335840, "x": 80.2113962, "y": 12.976313 }, "geometry": { "type": "Point", "coordinates": [ 80.2113962, 12.976313 ] } },
{ "type": "Feature", "properties": { "node_id": 6786335841, "x": 80.2119307, "y": 12.9763521 }, "geometry": { "type": "Point", "coordinates": [ 80.2119307, 12.9763521 ] } },
{ "type": "Feature", "properties": { "node_id": 6790374470, "x": 80.1985184, "y": 12.9936971 }, "geometry": { "type": "Point", "coordinates": [ 80.1985184, 12.9936971 ] } },
{ "type": "Feature", "properties": { "node_id": 6790387533, "x": 80.2117516, "y": 12.9906304 }, "geometry": { "type": "Point", "coordinates": [ 80.2117516, 12.9906304 ] } },
{ "type": "Feature", "properties": { "node_id": 6790387534, "x": 80.2118957, "y": 12.9911588 }, "geometry": { "type": "Point", "coordinates": [ 80.2118957, 12.9911588 ] } },
{ "type": "Feature", "properties": { "node_id": 6795313107, "x": 80.2120699, "y": 12.9919165 }, "geometry": { "type": "Point", "coordinates": [ 80.2120699, 12.9919165 ] } },
{ "type": "Feature", "properties": { "node_id": 6795313110, "x": 80.2147968, "y": 12.9898055 }, "geometry": { "type": "Point", "coordinates": [ 80.2147968, 12.9898055 ] } },
{ "type": "Feature", "properties": { "node_id": 6799854479, "x": 80.2136217, "y": 12.9687455 }, "geometry": { "type": "Point", "coordinates": [ 80.2136217, 12.9687455 ] } },
{ "type": "Feature", "properties": { "node_id": 6799854480, "x": 80.2138298, "y": 12.9696975 }, "geometry": { "type": "Point", "coordinates": [ 80.2138298, 12.9696975 ] } },
{ "type": "Feature", "properties": { "node_id": 6799854482, "x": 80.2134649, "y": 12.9700816 }, "geometry": { "type": "Point", "coordinates": [ 80.2134649, 12.9700816 ] } },
{ "type": "Feature", "properties": { "node_id": 6799854483, "x": 80.2133274, "y": 12.9702334 }, "geometry": { "type": "Point", "coordinates": [ 80.2133274, 12.9702334 ] } },
{ "type": "Feature", "properties": { "node_id": 6801270882, "x": 80.2102724, "y": 12.9957713 }, "geometry": { "type": "Point", "coordinates": [ 80.2102724, 12.9957713 ] } },
{ "type": "Feature", "properties": { "node_id": 6812001750, "x": 80.2165718, "y": 12.9967043 }, "geometry": { "type": "Point", "coordinates": [ 80.2165718, 12.9967043 ] } },
{ "type": "Feature", "properties": { "node_id": 6812001753, "x": 80.2169, "y": 12.9953837 }, "geometry": { "type": "Point", "coordinates": [ 80.2169, 12.9953837 ] } },
{ "type": "Feature", "properties": { "node_id": 6818831853, "x": 80.21927, "y": 12.9696917 }, "geometry": { "type": "Point", "coordinates": [ 80.21927, 12.9696917 ] } },
{ "type": "Feature", "properties": { "node_id": 7016048930, "x": 80.215724, "y": 12.9775466 }, "geometry": { "type": "Point", "coordinates": [ 80.215724, 12.9775466 ] } },
{ "type": "Feature", "properties": { "node_id": 7018373640, "x": 80.2310816, "y": 12.9756161 }, "geometry": { "type": "Point", "coordinates": [ 80.2310816, 12.9756161 ] } },
{ "type": "Feature", "properties": { "node_id": 7027462127, "x": 80.2369367, "y": 12.9835167 }, "geometry": { "type": "Point", "coordinates": [ 80.2369367, 12.9835167 ] } },
{ "type": "Feature", "properties": { "node_id": 7030307788, "x": 80.211592, "y": 12.9825283 }, "geometry": { "type": "Point", "coordinates": [ 80.211592, 12.9825283 ] } },
{ "type": "Feature", "properties": { "node_id": 7030307789, "x": 80.2110864, "y": 12.9825165 }, "geometry": { "type": "Point", "coordinates": [ 80.2110864, 12.9825165 ] } },
{ "type": "Feature", "properties": { "node_id": 7030307790, "x": 80.2112983, "y": 12.9825244 }, "geometry": { "type": "Point", "coordinates": [ 80.2112983, 12.9825244 ] } },
{ "type": "Feature", "properties": { "node_id": 7030307791, "x": 80.2112998, "y": 12.9828025 }, "geometry": { "type": "Point", "coordinates": [ 80.2112998, 12.9828025 ] } },
{ "type": "Feature", "properties": { "node_id": 7111954110, "x": 80.2195552, "y": 12.9915416 }, "geometry": { "type": "Point", "coordinates": [ 80.2195552, 12.9915416 ] } },
{ "type": "Feature", "properties": { "node_id": 7111954111, "x": 80.2195977, "y": 12.9915857 }, "geometry": { "type": "Point", "coordinates": [ 80.2195977, 12.9915857 ] } },
{ "type": "Feature", "properties": { "node_id": 7111954112, "x": 80.2196713, "y": 12.9914896 }, "geometry": { "type": "Point", "coordinates": [ 80.2196713, 12.9914896 ] } },
{ "type": "Feature", "properties": { "node_id": 7151309296, "x": 80.2358372, "y": 12.9665349 }, "geometry": { "type": "Point", "coordinates": [ 80.2358372, 12.9665349 ] } },
{ "type": "Feature", "properties": { "node_id": 7151309300, "x": 80.2355119, "y": 12.9666015 }, "geometry": { "type": "Point", "coordinates": [ 80.2355119, 12.9666015 ] } },
{ "type": "Feature", "properties": { "node_id": 7169838473, "x": 80.2064987, "y": 12.9770378 }, "geometry": { "type": "Point", "coordinates": [ 80.2064987, 12.9770378 ] } },
{ "type": "Feature", "properties": { "node_id": 7169845532, "x": 80.2079566, "y": 12.9755474 }, "geometry": { "type": "Point", "coordinates": [ 80.2079566, 12.9755474 ] } },
{ "type": "Feature", "properties": { "node_id": 7169845535, "x": 80.2080067, "y": 12.975606 }, "geometry": { "type": "Point", "coordinates": [ 80.2080067, 12.975606 ] } },
{ "type": "Feature", "properties": { "node_id": 7266494417, "x": 80.2169859, "y": 12.9890702 }, "geometry": { "type": "Point", "coordinates": [ 80.2169859, 12.9890702 ] } },
{ "type": "Feature", "properties": { "node_id": 7266494418, "x": 80.2162966, "y": 12.9891825 }, "geometry": { "type": "Point", "coordinates": [ 80.2162966, 12.9891825 ] } },
{ "type": "Feature", "properties": { "node_id": 7266494419, "x": 80.2162567, "y": 12.9895385 }, "geometry": { "type": "Point", "coordinates": [ 80.2162567, 12.9895385 ] } },
{ "type": "Feature", "properties": { "node_id": 7266494420, "x": 80.2173754, "y": 12.9894251 }, "geometry": { "type": "Point", "coordinates": [ 80.2173754, 12.9894251 ] } },
{ "type": "Feature", "properties": { "node_id": 7800528096, "x": 80.2307182, "y": 12.9681355 }, "geometry": { "type": "Point", "coordinates": [ 80.2307182, 12.9681355 ] } },
{ "type": "Feature", "properties": { "node_id": 7800528098, "x": 80.2276236, "y": 12.9681789 }, "geometry": { "type": "Point", "coordinates": [ 80.2276236, 12.9681789 ] } },
{ "type": "Feature", "properties": { "node_id": 7800528099, "x": 80.2285082, "y": 12.9657496 }, "geometry": { "type": "Point", "coordinates": [ 80.2285082, 12.9657496 ] } },
{ "type": "Feature", "properties": { "node_id": 7800528100, "x": 80.2290995, "y": 12.9657056 }, "geometry": { "type": "Point", "coordinates": [ 80.2290995, 12.9657056 ] } },
{ "type": "Feature", "properties": { "node_id": 7800528103, "x": 80.2285725, "y": 12.9663822 }, "geometry": { "type": "Point", "coordinates": [ 80.2285725, 12.9663822 ] } },
{ "type": "Feature", "properties": { "node_id": 7800528104, "x": 80.226711, "y": 12.9682276 }, "geometry": { "type": "Point", "coordinates": [ 80.226711, 12.9682276 ] } },
{ "type": "Feature", "properties": { "node_id": 7800528105, "x": 80.2282654, "y": 12.9660071 }, "geometry": { "type": "Point", "coordinates": [ 80.2282654, 12.9660071 ] } },
{ "type": "Feature", "properties": { "node_id": 7800528106, "x": 80.2286021, "y": 12.9666854 }, "geometry": { "type": "Point", "coordinates": [ 80.2286021, 12.9666854 ] } },
{ "type": "Feature", "properties": { "node_id": 7800528111, "x": 80.2277952, "y": 12.9674539 }, "geometry": { "type": "Point", "coordinates": [ 80.2277952, 12.9674539 ] } },
{ "type": "Feature", "properties": { "node_id": 7800528113, "x": 80.2285913, "y": 12.969349 }, "geometry": { "type": "Point", "coordinates": [ 80.2285913, 12.969349 ] } },
{ "type": "Feature", "properties": { "node_id": 7800528117, "x": 80.2284813, "y": 12.9669468 }, "geometry": { "type": "Point", "coordinates": [ 80.2284813, 12.9669468 ] } },
{ "type": "Feature", "properties": { "node_id": 7800528118, "x": 80.2276542, "y": 12.9677285 }, "geometry": { "type": "Point", "coordinates": [ 80.2276542, 12.9677285 ] } },
{ "type": "Feature", "properties": { "node_id": 7800528120, "x": 80.2285404, "y": 12.966173 }, "geometry": { "type": "Point", "coordinates": [ 80.2285404, 12.966173 ] } },
{ "type": "Feature", "properties": { "node_id": 7800528121, "x": 80.227997, "y": 12.9672292 }, "geometry": { "type": "Point", "coordinates": [ 80.227997, 12.9672292 ] } },
{ "type": "Feature", "properties": { "node_id": 7800528124, "x": 80.2280489, "y": 12.9688828 }, "geometry": { "type": "Point", "coordinates": [ 80.2280489, 12.9688828 ] } },
{ "type": "Feature", "properties": { "node_id": 7800528125, "x": 80.2277893, "y": 12.9679453 }, "geometry": { "type": "Point", "coordinates": [ 80.2277893, 12.9679453 ] } },
{ "type": "Feature", "properties": { "node_id": 7800528131, "x": 80.2360294, "y": 12.9651562 }, "geometry": { "type": "Point", "coordinates": [ 80.2360294, 12.9651562 ] } },
{ "type": "Feature", "properties": { "node_id": 7800644208, "x": 80.2357323, "y": 12.966047 }, "geometry": { "type": "Point", "coordinates": [ 80.2357323, 12.966047 ] } },
{ "type": "Feature", "properties": { "node_id": 7800644210, "x": 80.2360977, "y": 12.9659792 }, "geometry": { "type": "Point", "coordinates": [ 80.2360977, 12.9659792 ] } },
{ "type": "Feature", "properties": { "node_id": 7800644211, "x": 80.2356748, "y": 12.9657995 }, "geometry": { "type": "Point", "coordinates": [ 80.2356748, 12.9657995 ] } },
{ "type": "Feature", "properties": { "node_id": 7800740026, "x": 80.229728, "y": 12.970499 }, "geometry": { "type": "Point", "coordinates": [ 80.229728, 12.970499 ] } },
{ "type": "Feature", "properties": { "node_id": 7800740028, "x": 80.2298635, "y": 12.9707532 }, "geometry": { "type": "Point", "coordinates": [ 80.2298635, 12.9707532 ] } },
{ "type": "Feature", "properties": { "node_id": 7800740029, "x": 80.2289964, "y": 12.969694 }, "geometry": { "type": "Point", "coordinates": [ 80.2289964, 12.969694 ] } },
{ "type": "Feature", "properties": { "node_id": 7800740030, "x": 80.2294121, "y": 12.9700757 }, "geometry": { "type": "Point", "coordinates": [ 80.2294121, 12.9700757 ] } },
{ "type": "Feature", "properties": { "node_id": 7800740031, "x": 80.229512, "y": 12.9702704 }, "geometry": { "type": "Point", "coordinates": [ 80.229512, 12.9702704 ] } },
{ "type": "Feature", "properties": { "node_id": 7800752327, "x": 80.2379099, "y": 12.9656762 }, "geometry": { "type": "Point", "coordinates": [ 80.2379099, 12.9656762 ] } },
{ "type": "Feature", "properties": { "node_id": 7800752329, "x": 80.2229732, "y": 12.9686982 }, "geometry": { "type": "Point", "coordinates": [ 80.2229732, 12.9686982 ] } },
{ "type": "Feature", "properties": { "node_id": 7800752330, "x": 80.2378198, "y": 12.9653222 }, "geometry": { "type": "Point", "coordinates": [ 80.2378198, 12.9653222 ] } },
{ "type": "Feature", "properties": { "node_id": 7800965120, "x": 80.2362331, "y": 12.9689701 }, "geometry": { "type": "Point", "coordinates": [ 80.2362331, 12.9689701 ] } },
{ "type": "Feature", "properties": { "node_id": 7800965121, "x": 80.2296433, "y": 12.9650946 }, "geometry": { "type": "Point", "coordinates": [ 80.2296433, 12.9650946 ] } },
{ "type": "Feature", "properties": { "node_id": 7800965122, "x": 80.2297033, "y": 12.9656393 }, "geometry": { "type": "Point", "coordinates": [ 80.2297033, 12.9656393 ] } },
{ "type": "Feature", "properties": { "node_id": 7800965128, "x": 80.2373933, "y": 12.9696627 }, "geometry": { "type": "Point", "coordinates": [ 80.2373933, 12.9696627 ] } },
{ "type": "Feature", "properties": { "node_id": 7800965129, "x": 80.2369505, "y": 12.9696938 }, "geometry": { "type": "Point", "coordinates": [ 80.2369505, 12.9696938 ] } },
{ "type": "Feature", "properties": { "node_id": 7800965131, "x": 80.2369921, "y": 12.9700271 }, "geometry": { "type": "Point", "coordinates": [ 80.2369921, 12.9700271 ] } },
{ "type": "Feature", "properties": { "node_id": 7800965133, "x": 80.232817, "y": 12.9717785 }, "geometry": { "type": "Point", "coordinates": [ 80.232817, 12.9717785 ] } },
{ "type": "Feature", "properties": { "node_id": 7800965134, "x": 80.2369002, "y": 12.9689431 }, "geometry": { "type": "Point", "coordinates": [ 80.2369002, 12.9689431 ] } },
{ "type": "Feature", "properties": { "node_id": 7800965136, "x": 80.2374063, "y": 12.9699981 }, "geometry": { "type": "Point", "coordinates": [ 80.2374063, 12.9699981 ] } },
{ "type": "Feature", "properties": { "node_id": 7800965146, "x": 80.2363099, "y": 12.9697562 }, "geometry": { "type": "Point", "coordinates": [ 80.2363099, 12.9697562 ] } },
{ "type": "Feature", "properties": { "node_id": 7801174405, "x": 80.2307133, "y": 12.9680445 }, "geometry": { "type": "Point", "coordinates": [ 80.2307133, 12.9680445 ] } },
{ "type": "Feature", "properties": { "node_id": 7801174407, "x": 80.2307453, "y": 12.9686458 }, "geometry": { "type": "Point", "coordinates": [ 80.2307453, 12.9686458 ] } },
{ "type": "Feature", "properties": { "node_id": 7801174414, "x": 80.2306979, "y": 12.9677538 }, "geometry": { "type": "Point", "coordinates": [ 80.2306979, 12.9677538 ] } },
{ "type": "Feature", "properties": { "node_id": 7802562800, "x": 80.2006002, "y": 12.9914387 }, "geometry": { "type": "Point", "coordinates": [ 80.2006002, 12.9914387 ] } },
{ "type": "Feature", "properties": { "node_id": 7806646822, "x": 80.2028105, "y": 12.9731536 }, "geometry": { "type": "Point", "coordinates": [ 80.2028105, 12.9731536 ] } },
{ "type": "Feature", "properties": { "node_id": 7806646844, "x": 80.1984707, "y": 12.9873805 }, "geometry": { "type": "Point", "coordinates": [ 80.1984707, 12.9873805 ] } },
{ "type": "Feature", "properties": { "node_id": 7806646854, "x": 80.1983864, "y": 12.9839198 }, "geometry": { "type": "Point", "coordinates": [ 80.1983864, 12.9839198 ] } },
{ "type": "Feature", "properties": { "node_id": 7806646855, "x": 80.198469, "y": 12.9843468 }, "geometry": { "type": "Point", "coordinates": [ 80.198469, 12.9843468 ] } },
{ "type": "Feature", "properties": { "node_id": 7806646857, "x": 80.1987114, "y": 12.9780081 }, "geometry": { "type": "Point", "coordinates": [ 80.1987114, 12.9780081 ] } },
{ "type": "Feature", "properties": { "node_id": 7806646858, "x": 80.1986986, "y": 12.978683 }, "geometry": { "type": "Point", "coordinates": [ 80.1986986, 12.978683 ] } },
{ "type": "Feature", "properties": { "node_id": 7806646862, "x": 80.2058762, "y": 12.9719532 }, "geometry": { "type": "Point", "coordinates": [ 80.2058762, 12.9719532 ] } },
{ "type": "Feature", "properties": { "node_id": 7806646876, "x": 80.2162154, "y": 12.9782038 }, "geometry": { "type": "Point", "coordinates": [ 80.2162154, 12.9782038 ] } },
{ "type": "Feature", "properties": { "node_id": 7806646878, "x": 80.2160284, "y": 12.9786456 }, "geometry": { "type": "Point", "coordinates": [ 80.2160284, 12.9786456 ] } },
{ "type": "Feature", "properties": { "node_id": 7806670111, "x": 80.2032609, "y": 12.973471 }, "geometry": { "type": "Point", "coordinates": [ 80.2032609, 12.973471 ] } },
{ "type": "Feature", "properties": { "node_id": 7806670121, "x": 80.2015584, "y": 12.977426 }, "geometry": { "type": "Point", "coordinates": [ 80.2015584, 12.977426 ] } },
{ "type": "Feature", "properties": { "node_id": 7806670128, "x": 80.1986108, "y": 12.97356 }, "geometry": { "type": "Point", "coordinates": [ 80.1986108, 12.97356 ] } },
{ "type": "Feature", "properties": { "node_id": 7806670135, "x": 80.2182281, "y": 12.9737525 }, "geometry": { "type": "Point", "coordinates": [ 80.2182281, 12.9737525 ] } },
{ "type": "Feature", "properties": { "node_id": 7806670146, "x": 80.2177201, "y": 12.9893682 }, "geometry": { "type": "Point", "coordinates": [ 80.2177201, 12.9893682 ] } },
{ "type": "Feature", "properties": { "node_id": 7806670150, "x": 80.2108392, "y": 12.9928011 }, "geometry": { "type": "Point", "coordinates": [ 80.2108392, 12.9928011 ] } },
{ "type": "Feature", "properties": { "node_id": 7806670154, "x": 80.2017092, "y": 12.9854567 }, "geometry": { "type": "Point", "coordinates": [ 80.2017092, 12.9854567 ] } },
{ "type": "Feature", "properties": { "node_id": 7806670168, "x": 80.1982374, "y": 12.9808732 }, "geometry": { "type": "Point", "coordinates": [ 80.1982374, 12.9808732 ] } },
{ "type": "Feature", "properties": { "node_id": 7806670169, "x": 80.1981239, "y": 12.9799767 }, "geometry": { "type": "Point", "coordinates": [ 80.1981239, 12.9799767 ] } },
{ "type": "Feature", "properties": { "node_id": 7806670174, "x": 80.1981732, "y": 12.991781 }, "geometry": { "type": "Point", "coordinates": [ 80.1981732, 12.991781 ] } },
{ "type": "Feature", "properties": { "node_id": 7806670178, "x": 80.1982468, "y": 12.992309 }, "geometry": { "type": "Point", "coordinates": [ 80.1982468, 12.992309 ] } },
{ "type": "Feature", "properties": { "node_id": 7806740552, "x": 80.2046528, "y": 12.990879 }, "geometry": { "type": "Point", "coordinates": [ 80.2046528, 12.990879 ] } },
{ "type": "Feature", "properties": { "node_id": 7806740559, "x": 80.2116259, "y": 12.9746734 }, "geometry": { "type": "Point", "coordinates": [ 80.2116259, 12.9746734 ] } },
{ "type": "Feature", "properties": { "node_id": 7806740563, "x": 80.2110762, "y": 12.9746198 }, "geometry": { "type": "Point", "coordinates": [ 80.2110762, 12.9746198 ] } },
{ "type": "Feature", "properties": { "node_id": 7806740567, "x": 80.2107616, "y": 12.9759394 }, "geometry": { "type": "Point", "coordinates": [ 80.2107616, 12.9759394 ] } },
{ "type": "Feature", "properties": { "node_id": 7806740575, "x": 80.211533, "y": 12.9817298 }, "geometry": { "type": "Point", "coordinates": [ 80.211533, 12.9817298 ] } },
{ "type": "Feature", "properties": { "node_id": 7806740576, "x": 80.2109996, "y": 12.9817102 }, "geometry": { "type": "Point", "coordinates": [ 80.2109996, 12.9817102 ] } },
{ "type": "Feature", "properties": { "node_id": 7806740579, "x": 80.2125653, "y": 12.9823812 }, "geometry": { "type": "Point", "coordinates": [ 80.2125653, 12.9823812 ] } },
{ "type": "Feature", "properties": { "node_id": 7806766990, "x": 80.2083526, "y": 12.9890317 }, "geometry": { "type": "Point", "coordinates": [ 80.2083526, 12.9890317 ] } },
{ "type": "Feature", "properties": { "node_id": 7806766991, "x": 80.2076226, "y": 12.9892312 }, "geometry": { "type": "Point", "coordinates": [ 80.2076226, 12.9892312 ] } },
{ "type": "Feature", "properties": { "node_id": 7806766992, "x": 80.2068301, "y": 12.9894676 }, "geometry": { "type": "Point", "coordinates": [ 80.2068301, 12.9894676 ] } },
{ "type": "Feature", "properties": { "node_id": 7806767001, "x": 80.2136345, "y": 12.9866891 }, "geometry": { "type": "Point", "coordinates": [ 80.2136345, 12.9866891 ] } },
{ "type": "Feature", "properties": { "node_id": 7806767005, "x": 80.2162661, "y": 12.9864169 }, "geometry": { "type": "Point", "coordinates": [ 80.2162661, 12.9864169 ] } },
{ "type": "Feature", "properties": { "node_id": 7806767006, "x": 80.2162001, "y": 12.9857953 }, "geometry": { "type": "Point", "coordinates": [ 80.2162001, 12.9857953 ] } },
{ "type": "Feature", "properties": { "node_id": 7806767007, "x": 80.2167539, "y": 12.9864566 }, "geometry": { "type": "Point", "coordinates": [ 80.2167539, 12.9864566 ] } },
{ "type": "Feature", "properties": { "node_id": 7806767023, "x": 80.1986963, "y": 12.9745238 }, "geometry": { "type": "Point", "coordinates": [ 80.1986963, 12.9745238 ] } },
{ "type": "Feature", "properties": { "node_id": 7806767024, "x": 80.1986061, "y": 12.9738874 }, "geometry": { "type": "Point", "coordinates": [ 80.1986061, 12.9738874 ] } },
{ "type": "Feature", "properties": { "node_id": 7806767040, "x": 80.217271, "y": 12.9827256 }, "geometry": { "type": "Point", "coordinates": [ 80.217271, 12.9827256 ] } },
{ "type": "Feature", "properties": { "node_id": 7806767059, "x": 80.2050608, "y": 12.9716893 }, "geometry": { "type": "Point", "coordinates": [ 80.2050608, 12.9716893 ] } },
{ "type": "Feature", "properties": { "node_id": 7806767060, "x": 80.20453, "y": 12.971755 }, "geometry": { "type": "Point", "coordinates": [ 80.20453, 12.971755 ] } },
{ "type": "Feature", "properties": { "node_id": 7806767061, "x": 80.2041593, "y": 12.9720064 }, "geometry": { "type": "Point", "coordinates": [ 80.2041593, 12.9720064 ] } },
{ "type": "Feature", "properties": { "node_id": 7806767062, "x": 80.2037305, "y": 12.9712539 }, "geometry": { "type": "Point", "coordinates": [ 80.2037305, 12.9712539 ] } },
{ "type": "Feature", "properties": { "node_id": 7806767064, "x": 80.2058225, "y": 12.9716044 }, "geometry": { "type": "Point", "coordinates": [ 80.2058225, 12.9716044 ] } },
{ "type": "Feature", "properties": { "node_id": 7817569284, "x": 80.2043205, "y": 12.9685622 }, "geometry": { "type": "Point", "coordinates": [ 80.2043205, 12.9685622 ] } },
{ "type": "Feature", "properties": { "node_id": 7817675804, "x": 80.2159332, "y": 12.9693839 }, "geometry": { "type": "Point", "coordinates": [ 80.2159332, 12.9693839 ] } },
{ "type": "Feature", "properties": { "node_id": 7817675846, "x": 80.2087876, "y": 12.9703033 }, "geometry": { "type": "Point", "coordinates": [ 80.2087876, 12.9703033 ] } },
{ "type": "Feature", "properties": { "node_id": 7817675850, "x": 80.2162765, "y": 12.9663846 }, "geometry": { "type": "Point", "coordinates": [ 80.2162765, 12.9663846 ] } },
{ "type": "Feature", "properties": { "node_id": 7817675852, "x": 80.2150881, "y": 12.9667124 }, "geometry": { "type": "Point", "coordinates": [ 80.2150881, 12.9667124 ] } },
{ "type": "Feature", "properties": { "node_id": 7817675891, "x": 80.1994358, "y": 12.9653146 }, "geometry": { "type": "Point", "coordinates": [ 80.1994358, 12.9653146 ] } },
{ "type": "Feature", "properties": { "node_id": 7817675892, "x": 80.1988596, "y": 12.965424 }, "geometry": { "type": "Point", "coordinates": [ 80.1988596, 12.965424 ] } },
{ "type": "Feature", "properties": { "node_id": 7817675903, "x": 80.2123929, "y": 12.9689551 }, "geometry": { "type": "Point", "coordinates": [ 80.2123929, 12.9689551 ] } },
{ "type": "Feature", "properties": { "node_id": 7817675904, "x": 80.2127911, "y": 12.9707293 }, "geometry": { "type": "Point", "coordinates": [ 80.2127911, 12.9707293 ] } },
{ "type": "Feature", "properties": { "node_id": 7817675906, "x": 80.203306, "y": 12.9695339 }, "geometry": { "type": "Point", "coordinates": [ 80.203306, 12.9695339 ] } },
{ "type": "Feature", "properties": { "node_id": 7817675964, "x": 80.198579, "y": 12.9703781 }, "geometry": { "type": "Point", "coordinates": [ 80.198579, 12.9703781 ] } },
{ "type": "Feature", "properties": { "node_id": 7817675965, "x": 80.1982799, "y": 12.9707915 }, "geometry": { "type": "Point", "coordinates": [ 80.1982799, 12.9707915 ] } },
{ "type": "Feature", "properties": { "node_id": 7825039600, "x": 80.1986614, "y": 12.9914752 }, "geometry": { "type": "Point", "coordinates": [ 80.1986614, 12.9914752 ] } },
{ "type": "Feature", "properties": { "node_id": 7825039601, "x": 80.1985391, "y": 12.9909628 }, "geometry": { "type": "Point", "coordinates": [ 80.1985391, 12.9909628 ] } },
{ "type": "Feature", "properties": { "node_id": 7825039604, "x": 80.1980676, "y": 12.9892094 }, "geometry": { "type": "Point", "coordinates": [ 80.1980676, 12.9892094 ] } },
{ "type": "Feature", "properties": { "node_id": 7825577542, "x": 80.2114069, "y": 12.9980476 }, "geometry": { "type": "Point", "coordinates": [ 80.2114069, 12.9980476 ] } },
{ "type": "Feature", "properties": { "node_id": 7825577543, "x": 80.2106596, "y": 12.9981445 }, "geometry": { "type": "Point", "coordinates": [ 80.2106596, 12.9981445 ] } },
{ "type": "Feature", "properties": { "node_id": 7825578381, "x": 80.2100692, "y": 12.9737394 }, "geometry": { "type": "Point", "coordinates": [ 80.2100692, 12.9737394 ] } },
{ "type": "Feature", "properties": { "node_id": 7825587405, "x": 80.2123049, "y": 12.971599 }, "geometry": { "type": "Point", "coordinates": [ 80.2123049, 12.971599 ] } },
{ "type": "Feature", "properties": { "node_id": 7825587406, "x": 80.2136506, "y": 12.9704569 }, "geometry": { "type": "Point", "coordinates": [ 80.2136506, 12.9704569 ] } },
{ "type": "Feature", "properties": { "node_id": 7825587412, "x": 80.2099693, "y": 12.973591 }, "geometry": { "type": "Point", "coordinates": [ 80.2099693, 12.973591 ] } },
{ "type": "Feature", "properties": { "node_id": 7826160025, "x": 80.2093796, "y": 12.9952039 }, "geometry": { "type": "Point", "coordinates": [ 80.2093796, 12.9952039 ] } },
{ "type": "Feature", "properties": { "node_id": 7826160048, "x": 80.2149358, "y": 12.9946599 }, "geometry": { "type": "Point", "coordinates": [ 80.2149358, 12.9946599 ] } },
{ "type": "Feature", "properties": { "node_id": 7826160049, "x": 80.2144265, "y": 12.9948629 }, "geometry": { "type": "Point", "coordinates": [ 80.2144265, 12.9948629 ] } },
{ "type": "Feature", "properties": { "node_id": 7826160050, "x": 80.2152023, "y": 12.9939392 }, "geometry": { "type": "Point", "coordinates": [ 80.2152023, 12.9939392 ] } },
{ "type": "Feature", "properties": { "node_id": 7826160051, "x": 80.2138654, "y": 12.9932628 }, "geometry": { "type": "Point", "coordinates": [ 80.2138654, 12.9932628 ] } },
{ "type": "Feature", "properties": { "node_id": 7826160053, "x": 80.2047361, "y": 12.9930765 }, "geometry": { "type": "Point", "coordinates": [ 80.2047361, 12.9930765 ] } },
{ "type": "Feature", "properties": { "node_id": 7826392756, "x": 80.2049623, "y": 12.9976279 }, "geometry": { "type": "Point", "coordinates": [ 80.2049623, 12.9976279 ] } },
{ "type": "Feature", "properties": { "node_id": 7826392757, "x": 80.2043569, "y": 12.9977972 }, "geometry": { "type": "Point", "coordinates": [ 80.2043569, 12.9977972 ] } },
{ "type": "Feature", "properties": { "node_id": 7826394595, "x": 80.1999137, "y": 12.9935673 }, "geometry": { "type": "Point", "coordinates": [ 80.1999137, 12.9935673 ] } },
{ "type": "Feature", "properties": { "node_id": 7826394596, "x": 80.1994376, "y": 12.9937092 }, "geometry": { "type": "Point", "coordinates": [ 80.1994376, 12.9937092 ] } },
{ "type": "Feature", "properties": { "node_id": 7826394606, "x": 80.2022557, "y": 12.9934116 }, "geometry": { "type": "Point", "coordinates": [ 80.2022557, 12.9934116 ] } },
{ "type": "Feature", "properties": { "node_id": 7826394648, "x": 80.1992551, "y": 12.994273 }, "geometry": { "type": "Point", "coordinates": [ 80.1992551, 12.994273 ] } },
{ "type": "Feature", "properties": { "node_id": 7826394649, "x": 80.1992384, "y": 12.9938413 }, "geometry": { "type": "Point", "coordinates": [ 80.1992384, 12.9938413 ] } },
{ "type": "Feature", "properties": { "node_id": 7826394652, "x": 80.2020715, "y": 12.9980167 }, "geometry": { "type": "Point", "coordinates": [ 80.2020715, 12.9980167 ] } },
{ "type": "Feature", "properties": { "node_id": 7826394653, "x": 80.2014039, "y": 12.9982132 }, "geometry": { "type": "Point", "coordinates": [ 80.2014039, 12.9982132 ] } },
{ "type": "Feature", "properties": { "node_id": 7826394697, "x": 80.2013582, "y": 12.9994536 }, "geometry": { "type": "Point", "coordinates": [ 80.2013582, 12.9994536 ] } },
{ "type": "Feature", "properties": { "node_id": 7826394700, "x": 80.2018809, "y": 12.9997967 }, "geometry": { "type": "Point", "coordinates": [ 80.2018809, 12.9997967 ] } },
{ "type": "Feature", "properties": { "node_id": 7826394701, "x": 80.2013779, "y": 12.9998213 }, "geometry": { "type": "Point", "coordinates": [ 80.2013779, 12.9998213 ] } },
{ "type": "Feature", "properties": { "node_id": 7826394709, "x": 80.2040301, "y": 12.9941153 }, "geometry": { "type": "Point", "coordinates": [ 80.2040301, 12.9941153 ] } },
{ "type": "Feature", "properties": { "node_id": 7826394710, "x": 80.204095, "y": 12.9949003 }, "geometry": { "type": "Point", "coordinates": [ 80.204095, 12.9949003 ] } },
{ "type": "Feature", "properties": { "node_id": 7826394714, "x": 80.2042229, "y": 12.9965973 }, "geometry": { "type": "Point", "coordinates": [ 80.2042229, 12.9965973 ] } },
{ "type": "Feature", "properties": { "node_id": 7826394719, "x": 80.2088234, "y": 12.9940661 }, "geometry": { "type": "Point", "coordinates": [ 80.2088234, 12.9940661 ] } },
{ "type": "Feature", "properties": { "node_id": 7826394720, "x": 80.2082957, "y": 12.9940711 }, "geometry": { "type": "Point", "coordinates": [ 80.2082957, 12.9940711 ] } },
{ "type": "Feature", "properties": { "node_id": 7826460018, "x": 80.2090837, "y": 12.999274 }, "geometry": { "type": "Point", "coordinates": [ 80.2090837, 12.999274 ] } },
{ "type": "Feature", "properties": { "node_id": 7826460019, "x": 80.2086677, "y": 12.9993367 }, "geometry": { "type": "Point", "coordinates": [ 80.2086677, 12.9993367 ] } },
{ "type": "Feature", "properties": { "node_id": 7826460030, "x": 80.2107637, "y": 12.9997474 }, "geometry": { "type": "Point", "coordinates": [ 80.2107637, 12.9997474 ] } },
{ "type": "Feature", "properties": { "node_id": 7826460031, "x": 80.2102134, "y": 12.9998967 }, "geometry": { "type": "Point", "coordinates": [ 80.2102134, 12.9998967 ] } },
{ "type": "Feature", "properties": { "node_id": 7826460043, "x": 80.1988826, "y": 12.9934834 }, "geometry": { "type": "Point", "coordinates": [ 80.1988826, 12.9934834 ] } },
{ "type": "Feature", "properties": { "node_id": 8041810500, "x": 80.2236092, "y": 12.976767 }, "geometry": { "type": "Point", "coordinates": [ 80.2236092, 12.976767 ] } },
{ "type": "Feature", "properties": { "node_id": 8041810501, "x": 80.2236258, "y": 12.9764117 }, "geometry": { "type": "Point", "coordinates": [ 80.2236258, 12.9764117 ] } },
{ "type": "Feature", "properties": { "node_id": 8042009288, "x": 80.2254773, "y": 12.9721644 }, "geometry": { "type": "Point", "coordinates": [ 80.2254773, 12.9721644 ] } },
{ "type": "Feature", "properties": { "node_id": 8042009289, "x": 80.2223238, "y": 12.9760984 }, "geometry": { "type": "Point", "coordinates": [ 80.2223238, 12.9760984 ] } },
{ "type": "Feature", "properties": { "node_id": 8697656184, "x": 80.2186476, "y": 12.9705935 }, "geometry": { "type": "Point", "coordinates": [ 80.2186476, 12.9705935 ] } },
{ "type": "Feature", "properties": { "node_id": 9044763802, "x": 80.207748, "y": 12.9717209 }, "geometry": { "type": "Point", "coordinates": [ 80.207748, 12.9717209 ] } },
{ "type": "Feature", "properties": { "node_id": 9044763919, "x": 80.2065211, "y": 12.9721404 }, "geometry": { "type": "Point", "coordinates": [ 80.2065211, 12.9721404 ] } },
{ "type": "Feature", "properties": { "node_id": 9044763920, "x": 80.2069824, "y": 12.9721084 }, "geometry": { "type": "Point", "coordinates": [ 80.2069824, 12.9721084 ] } },
{ "type": "Feature", "properties": { "node_id": 9044775944, "x": 80.2061845, "y": 12.9725803 }, "geometry": { "type": "Point", "coordinates": [ 80.2061845, 12.9725803 ] } },
{ "type": "Feature", "properties": { "node_id": 9181638649, "x": 80.1981707, "y": 12.9853065 }, "geometry": { "type": "Point", "coordinates": [ 80.1981707, 12.9853065 ] } },
{ "type": "Feature", "properties": { "node_id": 9353085346, "x": 80.1987389, "y": 12.987813 }, "geometry": { "type": "Point", "coordinates": [ 80.1987389, 12.987813 ] } },
{ "type": "Feature", "properties": { "node_id": 9370418225, "x": 80.2194492, "y": 12.9913927 }, "geometry": { "type": "Point", "coordinates": [ 80.2194492, 12.9913927 ] } },
{ "type": "Feature", "properties": { "node_id": 9575558218, "x": 80.2174131, "y": 12.9674286 }, "geometry": { "type": "Point", "coordinates": [ 80.2174131, 12.9674286 ] } },
{ "type": "Feature", "properties": { "node_id": 9575558232, "x": 80.2176056, "y": 12.9680591 }, "geometry": { "type": "Point", "coordinates": [ 80.2176056, 12.9680591 ] } },
{ "type": "Feature", "properties": { "node_id": 9694432814, "x": 80.2089053, "y": 12.9645193 }, "geometry": { "type": "Point", "coordinates": [ 80.2089053, 12.9645193 ] } },
{ "type": "Feature", "properties": { "node_id": 10004178901, "x": 80.2118948, "y": 12.9728232 }, "geometry": { "type": "Point", "coordinates": [ 80.2118948, 12.9728232 ] } },
{ "type": "Feature", "properties": { "node_id": 10029118614, "x": 80.2293111, "y": 12.9737547 }, "geometry": { "type": "Point", "coordinates": [ 80.2293111, 12.9737547 ] } },
{ "type": "Feature", "properties": { "node_id": 10029118615, "x": 80.2299467, "y": 12.9732109 }, "geometry": { "type": "Point", "coordinates": [ 80.2299467, 12.9732109 ] } },
{ "type": "Feature", "properties": { "node_id": 10029132819, "x": 80.2329637, "y": 12.9763786 }, "geometry": { "type": "Point", "coordinates": [ 80.2329637, 12.9763786 ] } },
{ "type": "Feature", "properties": { "node_id": 10098223822, "x": 80.2268813, "y": 12.9710769 }, "geometry": { "type": "Point", "coordinates": [ 80.2268813, 12.9710769 ] } },
{ "type": "Feature", "properties": { "node_id": 10120160579, "x": 80.2193279, "y": 12.9781365 }, "geometry": { "type": "Point", "coordinates": [ 80.2193279, 12.9781365 ] } },
{ "type": "Feature", "properties": { "node_id": 10120160596, "x": 80.2194883, "y": 12.977206 }, "geometry": { "type": "Point", "coordinates": [ 80.2194883, 12.977206 ] } },
{ "type": "Feature", "properties": { "node_id": 10120160611, "x": 80.2204894, "y": 12.97508 }, "geometry": { "type": "Point", "coordinates": [ 80.2204894, 12.97508 ] } },
{ "type": "Feature", "properties": { "node_id": 10120161726, "x": 80.2207189, "y": 12.9754853 }, "geometry": { "type": "Point", "coordinates": [ 80.2207189, 12.9754853 ] } },
{ "type": "Feature", "properties": { "node_id": 10120161792, "x": 80.2250556, "y": 12.9782554 }, "geometry": { "type": "Point", "coordinates": [ 80.2250556, 12.9782554 ] } },
{ "type": "Feature", "properties": { "node_id": 10170824096, "x": 80.1984087, "y": 12.9834033 }, "geometry": { "type": "Point", "coordinates": [ 80.1984087, 12.9834033 ] } },
{ "type": "Feature", "properties": { "node_id": 10170824097, "x": 80.1983287, "y": 12.9831067 }, "geometry": { "type": "Point", "coordinates": [ 80.1983287, 12.9831067 ] } },
{ "type": "Feature", "properties": { "node_id": 10170824098, "x": 80.1988536, "y": 12.9832998 }, "geometry": { "type": "Point", "coordinates": [ 80.1988536, 12.9832998 ] } },
{ "type": "Feature", "properties": { "node_id": 10170824099, "x": 80.1987761, "y": 12.9829604 }, "geometry": { "type": "Point", "coordinates": [ 80.1987761, 12.9829604 ] } },
{ "type": "Feature", "properties": { "node_id": 10170824100, "x": 80.1980912, "y": 12.9834962 }, "geometry": { "type": "Point", "coordinates": [ 80.1980912, 12.9834962 ] } },
{ "type": "Feature", "properties": { "node_id": 10175146509, "x": 80.2005331, "y": 12.9655186 }, "geometry": { "type": "Point", "coordinates": [ 80.2005331, 12.9655186 ] } },
{ "type": "Feature", "properties": { "node_id": 10175146511, "x": 80.2012926, "y": 12.9653985 }, "geometry": { "type": "Point", "coordinates": [ 80.2012926, 12.9653985 ] } },
{ "type": "Feature", "properties": { "node_id": 10175165818, "x": 80.2018479, "y": 12.9658721 }, "geometry": { "type": "Point", "coordinates": [ 80.2018479, 12.9658721 ] } },
{ "type": "Feature", "properties": { "node_id": 10175165827, "x": 80.2046765, "y": 12.9656381 }, "geometry": { "type": "Point", "coordinates": [ 80.2046765, 12.9656381 ] } },
{ "type": "Feature", "properties": { "node_id": 10239603817, "x": 80.2357621, "y": 12.9727965 }, "geometry": { "type": "Point", "coordinates": [ 80.2357621, 12.9727965 ] } },
{ "type": "Feature", "properties": { "node_id": 10239603819, "x": 80.2351351, "y": 12.9730049 }, "geometry": { "type": "Point", "coordinates": [ 80.2351351, 12.9730049 ] } },
{ "type": "Feature", "properties": { "node_id": 10239603820, "x": 80.235225, "y": 12.9726786 }, "geometry": { "type": "Point", "coordinates": [ 80.235225, 12.9726786 ] } },
{ "type": "Feature", "properties": { "node_id": 10280643072, "x": 80.2158424, "y": 12.9855962 }, "geometry": { "type": "Point", "coordinates": [ 80.2158424, 12.9855962 ] } },
{ "type": "Feature", "properties": { "node_id": 10280643073, "x": 80.2158587, "y": 12.9851742 }, "geometry": { "type": "Point", "coordinates": [ 80.2158587, 12.9851742 ] } },
{ "type": "Feature", "properties": { "node_id": 10281683507, "x": 80.2087041, "y": 12.9649219 }, "geometry": { "type": "Point", "coordinates": [ 80.2087041, 12.9649219 ] } },
{ "type": "Feature", "properties": { "node_id": 10281689715, "x": 80.2113062, "y": 12.9645643 }, "geometry": { "type": "Point", "coordinates": [ 80.2113062, 12.9645643 ] } },
{ "type": "Feature", "properties": { "node_id": 10281826355, "x": 80.2203347, "y": 12.9746786 }, "geometry": { "type": "Point", "coordinates": [ 80.2203347, 12.9746786 ] } },
{ "type": "Feature", "properties": { "node_id": 10281826356, "x": 80.2205119, "y": 12.9746256 }, "geometry": { "type": "Point", "coordinates": [ 80.2205119, 12.9746256 ] } },
{ "type": "Feature", "properties": { "node_id": 10558591310, "x": 80.2082952, "y": 12.9917544 }, "geometry": { "type": "Point", "coordinates": [ 80.2082952, 12.9917544 ] } },
{ "type": "Feature", "properties": { "node_id": 10558591311, "x": 80.2082196, "y": 12.9914575 }, "geometry": { "type": "Point", "coordinates": [ 80.2082196, 12.9914575 ] } },
{ "type": "Feature", "properties": { "node_id": 10593574674, "x": 80.2088529, "y": 12.9908582 }, "geometry": { "type": "Point", "coordinates": [ 80.2088529, 12.9908582 ] } },
{ "type": "Feature", "properties": { "node_id": 10593574675, "x": 80.2089805, "y": 12.991192 }, "geometry": { "type": "Point", "coordinates": [ 80.2089805, 12.991192 ] } },
{ "type": "Feature", "properties": { "node_id": 10593574676, "x": 80.2090865, "y": 12.9914982 }, "geometry": { "type": "Point", "coordinates": [ 80.2090865, 12.9914982 ] } },
{ "type": "Feature", "properties": { "node_id": 10669042771, "x": 80.2181511, "y": 12.9808421 }, "geometry": { "type": "Point", "coordinates": [ 80.2181511, 12.9808421 ] } },
{ "type": "Feature", "properties": { "node_id": 10669042772, "x": 80.2174718, "y": 12.9808092 }, "geometry": { "type": "Point", "coordinates": [ 80.2174718, 12.9808092 ] } },
{ "type": "Feature", "properties": { "node_id": 10690621670, "x": 80.2083578, "y": 12.9644421 }, "geometry": { "type": "Point", "coordinates": [ 80.2083578, 12.9644421 ] } },
{ "type": "Feature", "properties": { "node_id": 10706568149, "x": 80.210768, "y": 12.9751279 }, "geometry": { "type": "Point", "coordinates": [ 80.210768, 12.9751279 ] } },
{ "type": "Feature", "properties": { "node_id": 10718017048, "x": 80.2320397, "y": 12.9800615 }, "geometry": { "type": "Point", "coordinates": [ 80.2320397, 12.9800615 ] } },
{ "type": "Feature", "properties": { "node_id": 10718193946, "x": 80.21343, "y": 12.9770374 }, "geometry": { "type": "Point", "coordinates": [ 80.21343, 12.9770374 ] } },
{ "type": "Feature", "properties": { "node_id": 10718193947, "x": 80.2139301, "y": 12.9770665 }, "geometry": { "type": "Point", "coordinates": [ 80.2139301, 12.9770665 ] } },
{ "type": "Feature", "properties": { "node_id": 10718193949, "x": 80.2134653, "y": 12.9776294 }, "geometry": { "type": "Point", "coordinates": [ 80.2134653, 12.9776294 ] } },
{ "type": "Feature", "properties": { "node_id": 10718193950, "x": 80.2139022, "y": 12.9773605 }, "geometry": { "type": "Point", "coordinates": [ 80.2139022, 12.9773605 ] } },
{ "type": "Feature", "properties": { "node_id": 10718193951, "x": 80.2134592, "y": 12.9773291 }, "geometry": { "type": "Point", "coordinates": [ 80.2134592, 12.9773291 ] } },
{ "type": "Feature", "properties": { "node_id": 10726468306, "x": 80.237891, "y": 12.9650203 }, "geometry": { "type": "Point", "coordinates": [ 80.237891, 12.9650203 ] } },
{ "type": "Feature", "properties": { "node_id": 10732609127, "x": 80.2040365, "y": 12.9714129 }, "geometry": { "type": "Point", "coordinates": [ 80.2040365, 12.9714129 ] } },
{ "type": "Feature", "properties": { "node_id": 11032257976, "x": 80.2097444, "y": 12.9768214 }, "geometry": { "type": "Point", "coordinates": [ 80.2097444, 12.9768214 ] } },
{ "type": "Feature", "properties": { "node_id": 11032257977, "x": 80.2097712, "y": 12.9765675 }, "geometry": { "type": "Point", "coordinates": [ 80.2097712, 12.9765675 ] } },
{ "type": "Feature", "properties": { "node_id": 11033533890, "x": 80.201697, "y": 12.9750957 }, "geometry": { "type": "Point", "coordinates": [ 80.201697, 12.9750957 ] } },
{ "type": "Feature", "properties": { "node_id": 11033533891, "x": 80.2016594, "y": 12.9745157 }, "geometry": { "type": "Point", "coordinates": [ 80.2016594, 12.9745157 ] } },
{ "type": "Feature", "properties": { "node_id": 11033890689, "x": 80.2173386, "y": 12.9819536 }, "geometry": { "type": "Point", "coordinates": [ 80.2173386, 12.9819536 ] } },
{ "type": "Feature", "properties": { "node_id": 11037321202, "x": 80.2309456, "y": 12.9805793 }, "geometry": { "type": "Point", "coordinates": [ 80.2309456, 12.9805793 ] } },
{ "type": "Feature", "properties": { "node_id": 11039188511, "x": 80.1982375, "y": 12.9703903 }, "geometry": { "type": "Point", "coordinates": [ 80.1982375, 12.9703903 ] } },
{ "type": "Feature", "properties": { "node_id": 11039516410, "x": 80.2107774, "y": 12.997238 }, "geometry": { "type": "Point", "coordinates": [ 80.2107774, 12.997238 ] } },
{ "type": "Feature", "properties": { "node_id": 11039516411, "x": 80.210673, "y": 12.9966923 }, "geometry": { "type": "Point", "coordinates": [ 80.210673, 12.9966923 ] } },
{ "type": "Feature", "properties": { "node_id": 11039527436, "x": 80.2089499, "y": 12.9995977 }, "geometry": { "type": "Point", "coordinates": [ 80.2089499, 12.9995977 ] } },
{ "type": "Feature", "properties": { "node_id": 11039705564, "x": 80.198639, "y": 12.9897137 }, "geometry": { "type": "Point", "coordinates": [ 80.198639, 12.9897137 ] } },
{ "type": "Feature", "properties": { "node_id": 11039711234, "x": 80.2125432, "y": 12.9797168 }, "geometry": { "type": "Point", "coordinates": [ 80.2125432, 12.9797168 ] } },
{ "type": "Feature", "properties": { "node_id": 11041568830, "x": 80.2242952, "y": 12.9866264 }, "geometry": { "type": "Point", "coordinates": [ 80.2242952, 12.9866264 ] } },
{ "type": "Feature", "properties": { "node_id": 11041568831, "x": 80.2244637, "y": 12.9870904 }, "geometry": { "type": "Point", "coordinates": [ 80.2244637, 12.9870904 ] } },
{ "type": "Feature", "properties": { "node_id": 11041664279, "x": 80.1996621, "y": 12.9971802 }, "geometry": { "type": "Point", "coordinates": [ 80.1996621, 12.9971802 ] } },
{ "type": "Feature", "properties": { "node_id": 11041664280, "x": 80.1996694, "y": 12.9969657 }, "geometry": { "type": "Point", "coordinates": [ 80.1996694, 12.9969657 ] } },
{ "type": "Feature", "properties": { "node_id": 11041664281, "x": 80.1993182, "y": 12.9978733 }, "geometry": { "type": "Point", "coordinates": [ 80.1993182, 12.9978733 ] } },
{ "type": "Feature", "properties": { "node_id": 11041664282, "x": 80.1993227, "y": 12.9971738 }, "geometry": { "type": "Point", "coordinates": [ 80.1993227, 12.9971738 ] } },
{ "type": "Feature", "properties": { "node_id": 11041690054, "x": 80.2129966, "y": 12.9661173 }, "geometry": { "type": "Point", "coordinates": [ 80.2129966, 12.9661173 ] } },
{ "type": "Feature", "properties": { "node_id": 11041690055, "x": 80.2129714, "y": 12.9658393 }, "geometry": { "type": "Point", "coordinates": [ 80.2129714, 12.9658393 ] } },
{ "type": "Feature", "properties": { "node_id": 11041702434, "x": 80.213955, "y": 12.964507 }, "geometry": { "type": "Point", "coordinates": [ 80.213955, 12.964507 ] } },
{ "type": "Feature", "properties": { "node_id": 11041702435, "x": 80.2139201, "y": 12.9643393 }, "geometry": { "type": "Point", "coordinates": [ 80.2139201, 12.9643393 ] } },
{ "type": "Feature", "properties": { "node_id": 11041702436, "x": 80.2134747, "y": 12.9644271 }, "geometry": { "type": "Point", "coordinates": [ 80.2134747, 12.9644271 ] } },
{ "type": "Feature", "properties": { "node_id": 11042309809, "x": 80.1989402, "y": 12.9773782 }, "geometry": { "type": "Point", "coordinates": [ 80.1989402, 12.9773782 ] } },
{ "type": "Feature", "properties": { "node_id": 11042313407, "x": 80.2018806, "y": 12.9942162 }, "geometry": { "type": "Point", "coordinates": [ 80.2018806, 12.9942162 ] } },
{ "type": "Feature", "properties": { "node_id": 11043269403, "x": 80.2001945, "y": 12.9804423 }, "geometry": { "type": "Point", "coordinates": [ 80.2001945, 12.9804423 ] } },
{ "type": "Feature", "properties": { "node_id": 11043431556, "x": 80.2077177, "y": 12.9974033 }, "geometry": { "type": "Point", "coordinates": [ 80.2077177, 12.9974033 ] } },
{ "type": "Feature", "properties": { "node_id": 11043431557, "x": 80.2073254, "y": 12.9975808 }, "geometry": { "type": "Point", "coordinates": [ 80.2073254, 12.9975808 ] } },
{ "type": "Feature", "properties": { "node_id": 11043604982, "x": 80.2130117, "y": 12.9758119 }, "geometry": { "type": "Point", "coordinates": [ 80.2130117, 12.9758119 ] } },
{ "type": "Feature", "properties": { "node_id": 11043604983, "x": 80.2132613, "y": 12.9758294 }, "geometry": { "type": "Point", "coordinates": [ 80.2132613, 12.9758294 ] } },
{ "type": "Feature", "properties": { "node_id": 11043604986, "x": 80.2134197, "y": 12.9758976 }, "geometry": { "type": "Point", "coordinates": [ 80.2134197, 12.9758976 ] } },
{ "type": "Feature", "properties": { "node_id": 11043633900, "x": 80.2173379, "y": 12.9790112 }, "geometry": { "type": "Point", "coordinates": [ 80.2173379, 12.9790112 ] } },
{ "type": "Feature", "properties": { "node_id": 11043635649, "x": 80.216261, "y": 12.9795696 }, "geometry": { "type": "Point", "coordinates": [ 80.216261, 12.9795696 ] } },
{ "type": "Feature", "properties": { "node_id": 11043635650, "x": 80.2162631, "y": 12.979989 }, "geometry": { "type": "Point", "coordinates": [ 80.2162631, 12.979989 ] } },
{ "type": "Feature", "properties": { "node_id": 11043646146, "x": 80.2192714, "y": 12.9782778 }, "geometry": { "type": "Point", "coordinates": [ 80.2192714, 12.9782778 ] } },
{ "type": "Feature", "properties": { "node_id": 11043646148, "x": 80.219687, "y": 12.9784288 }, "geometry": { "type": "Point", "coordinates": [ 80.219687, 12.9784288 ] } },
{ "type": "Feature", "properties": { "node_id": 11043697855, "x": 80.200944, "y": 12.9737494 }, "geometry": { "type": "Point", "coordinates": [ 80.200944, 12.9737494 ] } },
{ "type": "Feature", "properties": { "node_id": 11043701879, "x": 80.2073198, "y": 12.9751591 }, "geometry": { "type": "Point", "coordinates": [ 80.2073198, 12.9751591 ] } },
{ "type": "Feature", "properties": { "node_id": 11043701880, "x": 80.2078205, "y": 12.9747131 }, "geometry": { "type": "Point", "coordinates": [ 80.2078205, 12.9747131 ] } },
{ "type": "Feature", "properties": { "node_id": 11043723059, "x": 80.2125901, "y": 12.9820787 }, "geometry": { "type": "Point", "coordinates": [ 80.2125901, 12.9820787 ] } },
{ "type": "Feature", "properties": { "node_id": 11043774096, "x": 80.2169085, "y": 12.9834037 }, "geometry": { "type": "Point", "coordinates": [ 80.2169085, 12.9834037 ] } },
{ "type": "Feature", "properties": { "node_id": 11043788307, "x": 80.2220314, "y": 12.9789132 }, "geometry": { "type": "Point", "coordinates": [ 80.2220314, 12.9789132 ] } },
{ "type": "Feature", "properties": { "node_id": 11046153442, "x": 80.1985354, "y": 12.9659208 }, "geometry": { "type": "Point", "coordinates": [ 80.1985354, 12.9659208 ] } },
{ "type": "Feature", "properties": { "node_id": 11046153443, "x": 80.1983988, "y": 12.9651251 }, "geometry": { "type": "Point", "coordinates": [ 80.1983988, 12.9651251 ] } },
{ "type": "Feature", "properties": { "node_id": 11046153444, "x": 80.198694, "y": 12.966199 }, "geometry": { "type": "Point", "coordinates": [ 80.198694, 12.966199 ] } },
{ "type": "Feature", "properties": { "node_id": 11046153445, "x": 80.1982496, "y": 12.9662814 }, "geometry": { "type": "Point", "coordinates": [ 80.1982496, 12.9662814 ] } },
{ "type": "Feature", "properties": { "node_id": 11046153446, "x": 80.2013592, "y": 12.9658213 }, "geometry": { "type": "Point", "coordinates": [ 80.2013592, 12.9658213 ] } },
{ "type": "Feature", "properties": { "node_id": 11046153447, "x": 80.2010136, "y": 12.9658962 }, "geometry": { "type": "Point", "coordinates": [ 80.2010136, 12.9658962 ] } },
{ "type": "Feature", "properties": { "node_id": 11046206862, "x": 80.2184774, "y": 12.9885594 }, "geometry": { "type": "Point", "coordinates": [ 80.2184774, 12.9885594 ] } },
{ "type": "Feature", "properties": { "node_id": 11050648633, "x": 80.2140518, "y": 12.9897311 }, "geometry": { "type": "Point", "coordinates": [ 80.2140518, 12.9897311 ] } },
{ "type": "Feature", "properties": { "node_id": 11050648635, "x": 80.2138657, "y": 12.9900369 }, "geometry": { "type": "Point", "coordinates": [ 80.2138657, 12.9900369 ] } },
{ "type": "Feature", "properties": { "node_id": 11050651533, "x": 80.2193372, "y": 12.9910729 }, "geometry": { "type": "Point", "coordinates": [ 80.2193372, 12.9910729 ] } },
{ "type": "Feature", "properties": { "node_id": 11050651534, "x": 80.2185521, "y": 12.9912959 }, "geometry": { "type": "Point", "coordinates": [ 80.2185521, 12.9912959 ] } },
{ "type": "Feature", "properties": { "node_id": 11050668343, "x": 80.2192026, "y": 12.9870319 }, "geometry": { "type": "Point", "coordinates": [ 80.2192026, 12.9870319 ] } },
{ "type": "Feature", "properties": { "node_id": 11050668344, "x": 80.2195527, "y": 12.9878817 }, "geometry": { "type": "Point", "coordinates": [ 80.2195527, 12.9878817 ] } },
{ "type": "Feature", "properties": { "node_id": 11050686280, "x": 80.2204784, "y": 12.9889225 }, "geometry": { "type": "Point", "coordinates": [ 80.2204784, 12.9889225 ] } },
{ "type": "Feature", "properties": { "node_id": 11050686281, "x": 80.2201434, "y": 12.9881703 }, "geometry": { "type": "Point", "coordinates": [ 80.2201434, 12.9881703 ] } },
{ "type": "Feature", "properties": { "node_id": 11050703720, "x": 80.2219036, "y": 12.987436 }, "geometry": { "type": "Point", "coordinates": [ 80.2219036, 12.987436 ] } },
{ "type": "Feature", "properties": { "node_id": 11050703724, "x": 80.221527, "y": 12.9872977 }, "geometry": { "type": "Point", "coordinates": [ 80.221527, 12.9872977 ] } },
{ "type": "Feature", "properties": { "node_id": 11050795498, "x": 80.2221739, "y": 12.9722652 }, "geometry": { "type": "Point", "coordinates": [ 80.2221739, 12.9722652 ] } },
{ "type": "Feature", "properties": { "node_id": 11052089959, "x": 80.2225553, "y": 12.983064 }, "geometry": { "type": "Point", "coordinates": [ 80.2225553, 12.983064 ] } },
{ "type": "Feature", "properties": { "node_id": 11052089962, "x": 80.2225076, "y": 12.9838003 }, "geometry": { "type": "Point", "coordinates": [ 80.2225076, 12.9838003 ] } },
{ "type": "Feature", "properties": { "node_id": 11052133645, "x": 80.2318976, "y": 12.9848943 }, "geometry": { "type": "Point", "coordinates": [ 80.2318976, 12.9848943 ] } },
{ "type": "Feature", "properties": { "node_id": 11052187614, "x": 80.2033501, "y": 12.9715532 }, "geometry": { "type": "Point", "coordinates": [ 80.2033501, 12.9715532 ] } },
{ "type": "Feature", "properties": { "node_id": 11052187618, "x": 80.2029099, "y": 12.9710798 }, "geometry": { "type": "Point", "coordinates": [ 80.2029099, 12.9710798 ] } },
{ "type": "Feature", "properties": { "node_id": 11052187620, "x": 80.2027398, "y": 12.9716408 }, "geometry": { "type": "Point", "coordinates": [ 80.2027398, 12.9716408 ] } },
{ "type": "Feature", "properties": { "node_id": 11052195275, "x": 80.2008356, "y": 12.9746725 }, "geometry": { "type": "Point", "coordinates": [ 80.2008356, 12.9746725 ] } },
{ "type": "Feature", "properties": { "node_id": 11052195277, "x": 80.2016951, "y": 12.9737346 }, "geometry": { "type": "Point", "coordinates": [ 80.2016951, 12.9737346 ] } },
{ "type": "Feature", "properties": { "node_id": 11052195279, "x": 80.2015078, "y": 12.9741117 }, "geometry": { "type": "Point", "coordinates": [ 80.2015078, 12.9741117 ] } },
{ "type": "Feature", "properties": { "node_id": 11052248450, "x": 80.19981, "y": 12.978775 }, "geometry": { "type": "Point", "coordinates": [ 80.19981, 12.978775 ] } },
{ "type": "Feature", "properties": { "node_id": 11052248451, "x": 80.1998235, "y": 12.9781163 }, "geometry": { "type": "Point", "coordinates": [ 80.1998235, 12.9781163 ] } },
{ "type": "Feature", "properties": { "node_id": 11052271069, "x": 80.1988672, "y": 12.9804563 }, "geometry": { "type": "Point", "coordinates": [ 80.1988672, 12.9804563 ] } },
{ "type": "Feature", "properties": { "node_id": 11052271070, "x": 80.1987358, "y": 12.9797727 }, "geometry": { "type": "Point", "coordinates": [ 80.1987358, 12.9797727 ] } },
{ "type": "Feature", "properties": { "node_id": 11052282029, "x": 80.199239, "y": 12.9762338 }, "geometry": { "type": "Point", "coordinates": [ 80.199239, 12.9762338 ] } },
{ "type": "Feature", "properties": { "node_id": 11052282030, "x": 80.1992494, "y": 12.9765824 }, "geometry": { "type": "Point", "coordinates": [ 80.1992494, 12.9765824 ] } },
{ "type": "Feature", "properties": { "node_id": 11052515879, "x": 80.2053507, "y": 12.9720361 }, "geometry": { "type": "Point", "coordinates": [ 80.2053507, 12.9720361 ] } },
{ "type": "Feature", "properties": { "node_id": 11052703591, "x": 80.2125704, "y": 12.9926946 }, "geometry": { "type": "Point", "coordinates": [ 80.2125704, 12.9926946 ] } },
{ "type": "Feature", "properties": { "node_id": 11052703592, "x": 80.2123253, "y": 12.9927634 }, "geometry": { "type": "Point", "coordinates": [ 80.2123253, 12.9927634 ] } },
{ "type": "Feature", "properties": { "node_id": 11052710111, "x": 80.225386, "y": 12.9864229 }, "geometry": { "type": "Point", "coordinates": [ 80.225386, 12.9864229 ] } },
{ "type": "Feature", "properties": { "node_id": 11052728313, "x": 80.2177442, "y": 12.9940178 }, "geometry": { "type": "Point", "coordinates": [ 80.2177442, 12.9940178 ] } },
{ "type": "Feature", "properties": { "node_id": 11054051465, "x": 80.2107789, "y": 12.9795356 }, "geometry": { "type": "Point", "coordinates": [ 80.2107789, 12.9795356 ] } },
{ "type": "Feature", "properties": { "node_id": 11054178345, "x": 80.2013113, "y": 12.9927985 }, "geometry": { "type": "Point", "coordinates": [ 80.2013113, 12.9927985 ] } },
{ "type": "Feature", "properties": { "node_id": 11054178346, "x": 80.201585, "y": 12.993306 }, "geometry": { "type": "Point", "coordinates": [ 80.201585, 12.993306 ] } },
{ "type": "Feature", "properties": { "node_id": 11054178347, "x": 80.2034573, "y": 12.9940977 }, "geometry": { "type": "Point", "coordinates": [ 80.2034573, 12.9940977 ] } },
{ "type": "Feature", "properties": { "node_id": 11054178357, "x": 80.2039845, "y": 12.9939426 }, "geometry": { "type": "Point", "coordinates": [ 80.2039845, 12.9939426 ] } },
{ "type": "Feature", "properties": { "node_id": 11054193202, "x": 80.2333607, "y": 12.9765213 }, "geometry": { "type": "Point", "coordinates": [ 80.2333607, 12.9765213 ] } },
{ "type": "Feature", "properties": { "node_id": 11054206397, "x": 80.2338809, "y": 12.977102 }, "geometry": { "type": "Point", "coordinates": [ 80.2338809, 12.977102 ] } },
{ "type": "Feature", "properties": { "node_id": 11054207889, "x": 80.2074391, "y": 12.9913095 }, "geometry": { "type": "Point", "coordinates": [ 80.2074391, 12.9913095 ] } },
{ "type": "Feature", "properties": { "node_id": 11054226067, "x": 80.2346952, "y": 12.9775508 }, "geometry": { "type": "Point", "coordinates": [ 80.2346952, 12.9775508 ] } },
{ "type": "Feature", "properties": { "node_id": 11054248074, "x": 80.2095077, "y": 12.9937509 }, "geometry": { "type": "Point", "coordinates": [ 80.2095077, 12.9937509 ] } },
{ "type": "Feature", "properties": { "node_id": 11054248076, "x": 80.2091209, "y": 12.9941772 }, "geometry": { "type": "Point", "coordinates": [ 80.2091209, 12.9941772 ] } },
{ "type": "Feature", "properties": { "node_id": 11054248078, "x": 80.2091191, "y": 12.9943093 }, "geometry": { "type": "Point", "coordinates": [ 80.2091191, 12.9943093 ] } },
{ "type": "Feature", "properties": { "node_id": 11054461467, "x": 80.2122696, "y": 12.9925578 }, "geometry": { "type": "Point", "coordinates": [ 80.2122696, 12.9925578 ] } },
{ "type": "Feature", "properties": { "node_id": 11054461468, "x": 80.2121864, "y": 12.9923669 }, "geometry": { "type": "Point", "coordinates": [ 80.2121864, 12.9923669 ] } },
{ "type": "Feature", "properties": { "node_id": 11054524287, "x": 80.2259094, "y": 12.9720509 }, "geometry": { "type": "Point", "coordinates": [ 80.2259094, 12.9720509 ] } },
{ "type": "Feature", "properties": { "node_id": 11054537025, "x": 80.2281219, "y": 12.9735679 }, "geometry": { "type": "Point", "coordinates": [ 80.2281219, 12.9735679 ] } },
{ "type": "Feature", "properties": { "node_id": 11054635080, "x": 80.2271179, "y": 12.9729427 }, "geometry": { "type": "Point", "coordinates": [ 80.2271179, 12.9729427 ] } },
{ "type": "Feature", "properties": { "node_id": 11054635081, "x": 80.2260306, "y": 12.9730901 }, "geometry": { "type": "Point", "coordinates": [ 80.2260306, 12.9730901 ] } },
{ "type": "Feature", "properties": { "node_id": 11054635084, "x": 80.2265798, "y": 12.9731606 }, "geometry": { "type": "Point", "coordinates": [ 80.2265798, 12.9731606 ] } },
{ "type": "Feature", "properties": { "node_id": 11056036253, "x": 80.2314679, "y": 12.9731411 }, "geometry": { "type": "Point", "coordinates": [ 80.2314679, 12.9731411 ] } },
{ "type": "Feature", "properties": { "node_id": 11056212008, "x": 80.2183845, "y": 12.9897045 }, "geometry": { "type": "Point", "coordinates": [ 80.2183845, 12.9897045 ] } },
{ "type": "Feature", "properties": { "node_id": 11058020272, "x": 80.2120077, "y": 12.9995532 }, "geometry": { "type": "Point", "coordinates": [ 80.2120077, 12.9995532 ] } },
{ "type": "Feature", "properties": { "node_id": 11058075115, "x": 80.2115439, "y": 12.9971379 }, "geometry": { "type": "Point", "coordinates": [ 80.2115439, 12.9971379 ] } },
{ "type": "Feature", "properties": { "node_id": 11058075116, "x": 80.2116184, "y": 12.9977764 }, "geometry": { "type": "Point", "coordinates": [ 80.2116184, 12.9977764 ] } },
{ "type": "Feature", "properties": { "node_id": 11058075117, "x": 80.211326, "y": 12.9971625 }, "geometry": { "type": "Point", "coordinates": [ 80.211326, 12.9971625 ] } },
{ "type": "Feature", "properties": { "node_id": 11058075118, "x": 80.2113535, "y": 12.9975445 }, "geometry": { "type": "Point", "coordinates": [ 80.2113535, 12.9975445 ] } },
{ "type": "Feature", "properties": { "node_id": 11059186577, "x": 80.2190144, "y": 12.9726125 }, "geometry": { "type": "Point", "coordinates": [ 80.2190144, 12.9726125 ] } },
{ "type": "Feature", "properties": { "node_id": 11059186578, "x": 80.2184971, "y": 12.9726589 }, "geometry": { "type": "Point", "coordinates": [ 80.2184971, 12.9726589 ] } },
{ "type": "Feature", "properties": { "node_id": 11059186600, "x": 80.2198612, "y": 12.9731116 }, "geometry": { "type": "Point", "coordinates": [ 80.2198612, 12.9731116 ] } },
{ "type": "Feature", "properties": { "node_id": 11059229589, "x": 80.2060733, "y": 12.9667474 }, "geometry": { "type": "Point", "coordinates": [ 80.2060733, 12.9667474 ] } },
{ "type": "Feature", "properties": { "node_id": 11059229590, "x": 80.2061332, "y": 12.9671325 }, "geometry": { "type": "Point", "coordinates": [ 80.2061332, 12.9671325 ] } },
{ "type": "Feature", "properties": { "node_id": 11059288307, "x": 80.2210472, "y": 12.9731767 }, "geometry": { "type": "Point", "coordinates": [ 80.2210472, 12.9731767 ] } },
{ "type": "Feature", "properties": { "node_id": 11059292682, "x": 80.201173, "y": 12.9808562 }, "geometry": { "type": "Point", "coordinates": [ 80.201173, 12.9808562 ] } },
{ "type": "Feature", "properties": { "node_id": 11059292683, "x": 80.2011205, "y": 12.9803496 }, "geometry": { "type": "Point", "coordinates": [ 80.2011205, 12.9803496 ] } },
{ "type": "Feature", "properties": { "node_id": 11059326364, "x": 80.2094783, "y": 12.982398 }, "geometry": { "type": "Point", "coordinates": [ 80.2094783, 12.982398 ] } },
{ "type": "Feature", "properties": { "node_id": 11059326365, "x": 80.2099424, "y": 12.9823937 }, "geometry": { "type": "Point", "coordinates": [ 80.2099424, 12.9823937 ] } },
{ "type": "Feature", "properties": { "node_id": 11064227029, "x": 80.2193054, "y": 12.9879696 }, "geometry": { "type": "Point", "coordinates": [ 80.2193054, 12.9879696 ] } },
{ "type": "Feature", "properties": { "node_id": 11064305520, "x": 80.2349025, "y": 12.9652199 }, "geometry": { "type": "Point", "coordinates": [ 80.2349025, 12.9652199 ] } },
{ "type": "Feature", "properties": { "node_id": 11064305528, "x": 80.2348988, "y": 12.9651686 }, "geometry": { "type": "Point", "coordinates": [ 80.2348988, 12.9651686 ] } },
{ "type": "Feature", "properties": { "node_id": 11064305533, "x": 80.2353727, "y": 12.9651005 }, "geometry": { "type": "Point", "coordinates": [ 80.2353727, 12.9651005 ] } },
{ "type": "Feature", "properties": { "node_id": 11064305534, "x": 80.2353665, "y": 12.9650371 }, "geometry": { "type": "Point", "coordinates": [ 80.2353665, 12.9650371 ] } },
{ "type": "Feature", "properties": { "node_id": 11064608710, "x": 80.2234226, "y": 12.9689265 }, "geometry": { "type": "Point", "coordinates": [ 80.2234226, 12.9689265 ] } },
{ "type": "Feature", "properties": { "node_id": 11064659622, "x": 80.2336051, "y": 12.9763099 }, "geometry": { "type": "Point", "coordinates": [ 80.2336051, 12.9763099 ] } },
{ "type": "Feature", "properties": { "node_id": 11064859586, "x": 80.2005625, "y": 12.9898682 }, "geometry": { "type": "Point", "coordinates": [ 80.2005625, 12.9898682 ] } },
{ "type": "Feature", "properties": { "node_id": 11064859587, "x": 80.2002664, "y": 12.9899503 }, "geometry": { "type": "Point", "coordinates": [ 80.2002664, 12.9899503 ] } },
{ "type": "Feature", "properties": { "node_id": 11064859588, "x": 80.2003357, "y": 12.9880537 }, "geometry": { "type": "Point", "coordinates": [ 80.2003357, 12.9880537 ] } },
{ "type": "Feature", "properties": { "node_id": 11064859589, "x": 80.2005471, "y": 12.9880329 }, "geometry": { "type": "Point", "coordinates": [ 80.2005471, 12.9880329 ] } },
{ "type": "Feature", "properties": { "node_id": 11066180647, "x": 80.2240014, "y": 12.9761044 }, "geometry": { "type": "Point", "coordinates": [ 80.2240014, 12.9761044 ] } },
{ "type": "Feature", "properties": { "node_id": 11066180648, "x": 80.2240285, "y": 12.9758131 }, "geometry": { "type": "Point", "coordinates": [ 80.2240285, 12.9758131 ] } },
{ "type": "Feature", "properties": { "node_id": 11066184597, "x": 80.2288175, "y": 12.9788466 }, "geometry": { "type": "Point", "coordinates": [ 80.2288175, 12.9788466 ] } },
{ "type": "Feature", "properties": { "node_id": 11066184598, "x": 80.2283355, "y": 12.9788177 }, "geometry": { "type": "Point", "coordinates": [ 80.2283355, 12.9788177 ] } },
{ "type": "Feature", "properties": { "node_id": 11066208341, "x": 80.2280216, "y": 12.9752096 }, "geometry": { "type": "Point", "coordinates": [ 80.2280216, 12.9752096 ] } },
{ "type": "Feature", "properties": { "node_id": 11066208345, "x": 80.2276898, "y": 12.9755441 }, "geometry": { "type": "Point", "coordinates": [ 80.2276898, 12.9755441 ] } },
{ "type": "Feature", "properties": { "node_id": 11066208348, "x": 80.2277291, "y": 12.9753836 }, "geometry": { "type": "Point", "coordinates": [ 80.2277291, 12.9753836 ] } },
{ "type": "Feature", "properties": { "node_id": 11066208349, "x": 80.2279986, "y": 12.9754343 }, "geometry": { "type": "Point", "coordinates": [ 80.2279986, 12.9754343 ] } },
{ "type": "Feature", "properties": { "node_id": 11066220327, "x": 80.2332325, "y": 12.979891 }, "geometry": { "type": "Point", "coordinates": [ 80.2332325, 12.979891 ] } },
{ "type": "Feature", "properties": { "node_id": 11066220329, "x": 80.2322855, "y": 12.9799398 }, "geometry": { "type": "Point", "coordinates": [ 80.2322855, 12.9799398 ] } },
{ "type": "Feature", "properties": { "node_id": 11066687190, "x": 80.1980197, "y": 12.9816758 }, "geometry": { "type": "Point", "coordinates": [ 80.1980197, 12.9816758 ] } },
{ "type": "Feature", "properties": { "node_id": 11066687191, "x": 80.1981268, "y": 12.9822455 }, "geometry": { "type": "Point", "coordinates": [ 80.1981268, 12.9822455 ] } },
{ "type": "Feature", "properties": { "node_id": 11066687199, "x": 80.1994283, "y": 12.9841265 }, "geometry": { "type": "Point", "coordinates": [ 80.1994283, 12.9841265 ] } },
{ "type": "Feature", "properties": { "node_id": 11066687200, "x": 80.1991643, "y": 12.9841575 }, "geometry": { "type": "Point", "coordinates": [ 80.1991643, 12.9841575 ] } },
{ "type": "Feature", "properties": { "node_id": 11071084311, "x": 80.2043019, "y": 12.9734198 }, "geometry": { "type": "Point", "coordinates": [ 80.2043019, 12.9734198 ] } },
{ "type": "Feature", "properties": { "node_id": 11083259437, "x": 80.1980716, "y": 12.965448 }, "geometry": { "type": "Point", "coordinates": [ 80.1980716, 12.965448 ] } },
{ "type": "Feature", "properties": { "node_id": 11088708973, "x": 80.2057807, "y": 12.9713605 }, "geometry": { "type": "Point", "coordinates": [ 80.2057807, 12.9713605 ] } },
{ "type": "Feature", "properties": { "node_id": 11101583942, "x": 80.2125455, "y": 12.9727315 }, "geometry": { "type": "Point", "coordinates": [ 80.2125455, 12.9727315 ] } },
{ "type": "Feature", "properties": { "node_id": 11135455976, "x": 80.2335508, "y": 12.9768618 }, "geometry": { "type": "Point", "coordinates": [ 80.2335508, 12.9768618 ] } },
{ "type": "Feature", "properties": { "node_id": 11135455977, "x": 80.234936, "y": 12.9766831 }, "geometry": { "type": "Point", "coordinates": [ 80.234936, 12.9766831 ] } },
{ "type": "Feature", "properties": { "node_id": 11152091606, "x": 80.2025679, "y": 12.9933692 }, "geometry": { "type": "Point", "coordinates": [ 80.2025679, 12.9933692 ] } },
{ "type": "Feature", "properties": { "node_id": 11155690560, "x": 80.2108207, "y": 12.9869535 }, "geometry": { "type": "Point", "coordinates": [ 80.2108207, 12.9869535 ] } },
{ "type": "Feature", "properties": { "node_id": 11158478527, "x": 80.1995308, "y": 12.9914475 }, "geometry": { "type": "Point", "coordinates": [ 80.1995308, 12.9914475 ] } },
{ "type": "Feature", "properties": { "node_id": 11171763005, "x": 80.2215295, "y": 12.9715255 }, "geometry": { "type": "Point", "coordinates": [ 80.2215295, 12.9715255 ] } },
{ "type": "Feature", "properties": { "node_id": 11182635830, "x": 80.2011928, "y": 12.9845975 }, "geometry": { "type": "Point", "coordinates": [ 80.2011928, 12.9845975 ] } },
{ "type": "Feature", "properties": { "node_id": 11183232599, "x": 80.2178496, "y": 12.9833506 }, "geometry": { "type": "Point", "coordinates": [ 80.2178496, 12.9833506 ] } },
{ "type": "Feature", "properties": { "node_id": 11183232600, "x": 80.2179426, "y": 12.9833477 }, "geometry": { "type": "Point", "coordinates": [ 80.2179426, 12.9833477 ] } },
{ "type": "Feature", "properties": { "node_id": 11185858379, "x": 80.2147341, "y": 12.9798896 }, "geometry": { "type": "Point", "coordinates": [ 80.2147341, 12.9798896 ] } },
{ "type": "Feature", "properties": { "node_id": 11189869567, "x": 80.2033932, "y": 12.9832327 }, "geometry": { "type": "Point", "coordinates": [ 80.2033932, 12.9832327 ] } },
{ "type": "Feature", "properties": { "node_id": 11189869568, "x": 80.2042377, "y": 12.9820709 }, "geometry": { "type": "Point", "coordinates": [ 80.2042377, 12.9820709 ] } },
{ "type": "Feature", "properties": { "node_id": 11189886678, "x": 80.2104428, "y": 12.9815534 }, "geometry": { "type": "Point", "coordinates": [ 80.2104428, 12.9815534 ] } },
{ "type": "Feature", "properties": { "node_id": 11189914931, "x": 80.2002117, "y": 12.9912537 }, "geometry": { "type": "Point", "coordinates": [ 80.2002117, 12.9912537 ] } },
{ "type": "Feature", "properties": { "node_id": 11189914932, "x": 80.2004471, "y": 12.9914438 }, "geometry": { "type": "Point", "coordinates": [ 80.2004471, 12.9914438 ] } },
{ "type": "Feature", "properties": { "node_id": 11189914933, "x": 80.2002884, "y": 12.990951 }, "geometry": { "type": "Point", "coordinates": [ 80.2002884, 12.990951 ] } },
{ "type": "Feature", "properties": { "node_id": 11189976309, "x": 80.2074128, "y": 12.9923326 }, "geometry": { "type": "Point", "coordinates": [ 80.2074128, 12.9923326 ] } },
{ "type": "Feature", "properties": { "node_id": 11190008349, "x": 80.209189, "y": 12.9930565 }, "geometry": { "type": "Point", "coordinates": [ 80.209189, 12.9930565 ] } },
{ "type": "Feature", "properties": { "node_id": 11190008350, "x": 80.2094372, "y": 12.9930041 }, "geometry": { "type": "Point", "coordinates": [ 80.2094372, 12.9930041 ] } },
{ "type": "Feature", "properties": { "node_id": 11190008351, "x": 80.2100787, "y": 12.9931723 }, "geometry": { "type": "Point", "coordinates": [ 80.2100787, 12.9931723 ] } },
{ "type": "Feature", "properties": { "node_id": 11190008352, "x": 80.2094587, "y": 12.9932319 }, "geometry": { "type": "Point", "coordinates": [ 80.2094587, 12.9932319 ] } },
{ "type": "Feature", "properties": { "node_id": 11190038634, "x": 80.2091402, "y": 12.993759 }, "geometry": { "type": "Point", "coordinates": [ 80.2091402, 12.993759 ] } },
{ "type": "Feature", "properties": { "node_id": 11190038635, "x": 80.2092313, "y": 12.9937586 }, "geometry": { "type": "Point", "coordinates": [ 80.2092313, 12.9937586 ] } },
{ "type": "Feature", "properties": { "node_id": 11190075837, "x": 80.2101857, "y": 12.9947567 }, "geometry": { "type": "Point", "coordinates": [ 80.2101857, 12.9947567 ] } },
{ "type": "Feature", "properties": { "node_id": 11190075838, "x": 80.2095687, "y": 12.9948223 }, "geometry": { "type": "Point", "coordinates": [ 80.2095687, 12.9948223 ] } },
{ "type": "Feature", "properties": { "node_id": 11190075839, "x": 80.2101635, "y": 12.9945144 }, "geometry": { "type": "Point", "coordinates": [ 80.2101635, 12.9945144 ] } },
{ "type": "Feature", "properties": { "node_id": 11190075840, "x": 80.2095826, "y": 12.9945699 }, "geometry": { "type": "Point", "coordinates": [ 80.2095826, 12.9945699 ] } },
{ "type": "Feature", "properties": { "node_id": 11192341572, "x": 80.2115103, "y": 12.9756239 }, "geometry": { "type": "Point", "coordinates": [ 80.2115103, 12.9756239 ] } },
{ "type": "Feature", "properties": { "node_id": 11192341573, "x": 80.2115316, "y": 12.9754526 }, "geometry": { "type": "Point", "coordinates": [ 80.2115316, 12.9754526 ] } },
{ "type": "Feature", "properties": { "node_id": 11192341574, "x": 80.2110718, "y": 12.9754161 }, "geometry": { "type": "Point", "coordinates": [ 80.2110718, 12.9754161 ] } },
{ "type": "Feature", "properties": { "node_id": 11192479772, "x": 80.2147011, "y": 12.9753767 }, "geometry": { "type": "Point", "coordinates": [ 80.2147011, 12.9753767 ] } },
{ "type": "Feature", "properties": { "node_id": 11192479773, "x": 80.2143338, "y": 12.9754498 }, "geometry": { "type": "Point", "coordinates": [ 80.2143338, 12.9754498 ] } },
{ "type": "Feature", "properties": { "node_id": 11192479774, "x": 80.2151578, "y": 12.9752233 }, "geometry": { "type": "Point", "coordinates": [ 80.2151578, 12.9752233 ] } },
{ "type": "Feature", "properties": { "node_id": 11192479775, "x": 80.2148497, "y": 12.975227 }, "geometry": { "type": "Point", "coordinates": [ 80.2148497, 12.975227 ] } },
{ "type": "Feature", "properties": { "node_id": 11250382312, "x": 80.2092046, "y": 12.9886469 }, "geometry": { "type": "Point", "coordinates": [ 80.2092046, 12.9886469 ] } },
{ "type": "Feature", "properties": { "node_id": 11250382313, "x": 80.2078836, "y": 12.9907532 }, "geometry": { "type": "Point", "coordinates": [ 80.2078836, 12.9907532 ] } },
{ "type": "Feature", "properties": { "node_id": 11250382314, "x": 80.2086308, "y": 12.9904976 }, "geometry": { "type": "Point", "coordinates": [ 80.2086308, 12.9904976 ] } },
{ "type": "Feature", "properties": { "node_id": 11250382315, "x": 80.2096648, "y": 12.9909728 }, "geometry": { "type": "Point", "coordinates": [ 80.2096648, 12.9909728 ] } },
{ "type": "Feature", "properties": { "node_id": 11259108491, "x": 80.2056896, "y": 12.9812683 }, "geometry": { "type": "Point", "coordinates": [ 80.2056896, 12.9812683 ] } },
{ "type": "Feature", "properties": { "node_id": 11259219735, "x": 80.2103715, "y": 12.9850561 }, "geometry": { "type": "Point", "coordinates": [ 80.2103715, 12.9850561 ] } },
{ "type": "Feature", "properties": { "node_id": 11259219736, "x": 80.2097419, "y": 12.9846948 }, "geometry": { "type": "Point", "coordinates": [ 80.2097419, 12.9846948 ] } },
{ "type": "Feature", "properties": { "node_id": 11259229937, "x": 80.2100236, "y": 12.9847009 }, "geometry": { "type": "Point", "coordinates": [ 80.2100236, 12.9847009 ] } },
{ "type": "Feature", "properties": { "node_id": 11301565297, "x": 80.2146268, "y": 12.9795088 }, "geometry": { "type": "Point", "coordinates": [ 80.2146268, 12.9795088 ] } },
{ "type": "Feature", "properties": { "node_id": 11304038196, "x": 80.2144292, "y": 12.9829472 }, "geometry": { "type": "Point", "coordinates": [ 80.2144292, 12.9829472 ] } },
{ "type": "Feature", "properties": { "node_id": 11306545560, "x": 80.2137866, "y": 12.9751698 }, "geometry": { "type": "Point", "coordinates": [ 80.2137866, 12.9751698 ] } },
{ "type": "Feature", "properties": { "node_id": 11306556035, "x": 80.2165016, "y": 12.9673834 }, "geometry": { "type": "Point", "coordinates": [ 80.2165016, 12.9673834 ] } },
{ "type": "Feature", "properties": { "node_id": 11306882905, "x": 80.2021022, "y": 12.9853745 }, "geometry": { "type": "Point", "coordinates": [ 80.2021022, 12.9853745 ] } },
{ "type": "Feature", "properties": { "node_id": 11306899494, "x": 80.2011528, "y": 12.9841782 }, "geometry": { "type": "Point", "coordinates": [ 80.2011528, 12.9841782 ] } },
{ "type": "Feature", "properties": { "node_id": 11306915473, "x": 80.2108818, "y": 12.9817021 }, "geometry": { "type": "Point", "coordinates": [ 80.2108818, 12.9817021 ] } },
{ "type": "Feature", "properties": { "node_id": 11307033431, "x": 80.2101653, "y": 12.9801295 }, "geometry": { "type": "Point", "coordinates": [ 80.2101653, 12.9801295 ] } },
{ "type": "Feature", "properties": { "node_id": 11307787736, "x": 80.2361585, "y": 12.9858498 }, "geometry": { "type": "Point", "coordinates": [ 80.2361585, 12.9858498 ] } },
{ "type": "Feature", "properties": { "node_id": 11329022596, "x": 80.2060683, "y": 12.9842461 }, "geometry": { "type": "Point", "coordinates": [ 80.2060683, 12.9842461 ] } },
{ "type": "Feature", "properties": { "node_id": 11329022598, "x": 80.2006924, "y": 12.9808873 }, "geometry": { "type": "Point", "coordinates": [ 80.2006924, 12.9808873 ] } },
{ "type": "Feature", "properties": { "node_id": 11330511052, "x": 80.2095211, "y": 12.9918725 }, "geometry": { "type": "Point", "coordinates": [ 80.2095211, 12.9918725 ] } },
{ "type": "Feature", "properties": { "node_id": 11330511053, "x": 80.2097277, "y": 12.9923353 }, "geometry": { "type": "Point", "coordinates": [ 80.2097277, 12.9923353 ] } },
{ "type": "Feature", "properties": { "node_id": 11330537861, "x": 80.2048626, "y": 12.9906121 }, "geometry": { "type": "Point", "coordinates": [ 80.2048626, 12.9906121 ] } },
{ "type": "Feature", "properties": { "node_id": 11332478109, "x": 80.2020833, "y": 12.9725734 }, "geometry": { "type": "Point", "coordinates": [ 80.2020833, 12.9725734 ] } },
{ "type": "Feature", "properties": { "node_id": 11332478110, "x": 80.2030935, "y": 12.9731562 }, "geometry": { "type": "Point", "coordinates": [ 80.2030935, 12.9731562 ] } },
{ "type": "Feature", "properties": { "node_id": 11332478111, "x": 80.2056728, "y": 12.9731891 }, "geometry": { "type": "Point", "coordinates": [ 80.2056728, 12.9731891 ] } },
{ "type": "Feature", "properties": { "node_id": 11348288658, "x": 80.2007284, "y": 12.9783208 }, "geometry": { "type": "Point", "coordinates": [ 80.2007284, 12.9783208 ] } },
{ "type": "Feature", "properties": { "node_id": 11348288659, "x": 80.2007285, "y": 12.9780916 }, "geometry": { "type": "Point", "coordinates": [ 80.2007285, 12.9780916 ] } },
{ "type": "Feature", "properties": { "node_id": 11348352999, "x": 80.2005914, "y": 12.9768003 }, "geometry": { "type": "Point", "coordinates": [ 80.2005914, 12.9768003 ] } },
{ "type": "Feature", "properties": { "node_id": 11348353000, "x": 80.2007218, "y": 12.9761415 }, "geometry": { "type": "Point", "coordinates": [ 80.2007218, 12.9761415 ] } },
{ "type": "Feature", "properties": { "node_id": 11368218959, "x": 80.1985415, "y": 12.9939559 }, "geometry": { "type": "Point", "coordinates": [ 80.1985415, 12.9939559 ] } },
{ "type": "Feature", "properties": { "node_id": 11368284182, "x": 80.1981139, "y": 12.9914559 }, "geometry": { "type": "Point", "coordinates": [ 80.1981139, 12.9914559 ] } },
{ "type": "Feature", "properties": { "node_id": 11372651503, "x": 80.2032413, "y": 12.9861927 }, "geometry": { "type": "Point", "coordinates": [ 80.2032413, 12.9861927 ] } },
{ "type": "Feature", "properties": { "node_id": 11372653335, "x": 80.2011685, "y": 12.986259 }, "geometry": { "type": "Point", "coordinates": [ 80.2011685, 12.986259 ] } },
{ "type": "Feature", "properties": { "node_id": 11372653345, "x": 80.2049962, "y": 12.9908209 }, "geometry": { "type": "Point", "coordinates": [ 80.2049962, 12.9908209 ] } },
{ "type": "Feature", "properties": { "node_id": 11372711939, "x": 80.2026287, "y": 12.974963 }, "geometry": { "type": "Point", "coordinates": [ 80.2026287, 12.974963 ] } },
{ "type": "Feature", "properties": { "node_id": 11372770364, "x": 80.2025049, "y": 12.9769071 }, "geometry": { "type": "Point", "coordinates": [ 80.2025049, 12.9769071 ] } },
{ "type": "Feature", "properties": { "node_id": 11372779144, "x": 80.2052821, "y": 12.9754405 }, "geometry": { "type": "Point", "coordinates": [ 80.2052821, 12.9754405 ] } },
{ "type": "Feature", "properties": { "node_id": 11372787922, "x": 80.2001314, "y": 12.9787838 }, "geometry": { "type": "Point", "coordinates": [ 80.2001314, 12.9787838 ] } },
{ "type": "Feature", "properties": { "node_id": 11372788870, "x": 80.2028449, "y": 12.9748036 }, "geometry": { "type": "Point", "coordinates": [ 80.2028449, 12.9748036 ] } },
{ "type": "Feature", "properties": { "node_id": 11372795568, "x": 80.2018169, "y": 12.9774297 }, "geometry": { "type": "Point", "coordinates": [ 80.2018169, 12.9774297 ] } },
{ "type": "Feature", "properties": { "node_id": 11372797084, "x": 80.2030375, "y": 12.9752894 }, "geometry": { "type": "Point", "coordinates": [ 80.2030375, 12.9752894 ] } },
{ "type": "Feature", "properties": { "node_id": 11372819119, "x": 80.2021294, "y": 12.9766252 }, "geometry": { "type": "Point", "coordinates": [ 80.2021294, 12.9766252 ] } },
{ "type": "Feature", "properties": { "node_id": 11372819124, "x": 80.2014537, "y": 12.9766899 }, "geometry": { "type": "Point", "coordinates": [ 80.2014537, 12.9766899 ] } },
{ "type": "Feature", "properties": { "node_id": 11399475081, "x": 80.1985187, "y": 12.9875709 }, "geometry": { "type": "Point", "coordinates": [ 80.1985187, 12.9875709 ] } },
{ "type": "Feature", "properties": { "node_id": 11402593822, "x": 80.2284612, "y": 12.9747155 }, "geometry": { "type": "Point", "coordinates": [ 80.2284612, 12.9747155 ] } },
{ "type": "Feature", "properties": { "node_id": 11402593823, "x": 80.2284794, "y": 12.9745872 }, "geometry": { "type": "Point", "coordinates": [ 80.2284794, 12.9745872 ] } },
{ "type": "Feature", "properties": { "node_id": 11402782213, "x": 80.232592, "y": 12.9747843 }, "geometry": { "type": "Point", "coordinates": [ 80.232592, 12.9747843 ] } },
{ "type": "Feature", "properties": { "node_id": 11402782216, "x": 80.232789, "y": 12.9737337 }, "geometry": { "type": "Point", "coordinates": [ 80.232789, 12.9737337 ] } },
{ "type": "Feature", "properties": { "node_id": 11402803720, "x": 80.2326817, "y": 12.9744407 }, "geometry": { "type": "Point", "coordinates": [ 80.2326817, 12.9744407 ] } },
{ "type": "Feature", "properties": { "node_id": 11402803724, "x": 80.2312078, "y": 12.9734435 }, "geometry": { "type": "Point", "coordinates": [ 80.2312078, 12.9734435 ] } },
{ "type": "Feature", "properties": { "node_id": 11402804797, "x": 80.2330075, "y": 12.975018 }, "geometry": { "type": "Point", "coordinates": [ 80.2330075, 12.975018 ] } },
{ "type": "Feature", "properties": { "node_id": 11402807612, "x": 80.232039, "y": 12.9739936 }, "geometry": { "type": "Point", "coordinates": [ 80.232039, 12.9739936 ] } },
{ "type": "Feature", "properties": { "node_id": 11402807614, "x": 80.2323024, "y": 12.9734292 }, "geometry": { "type": "Point", "coordinates": [ 80.2323024, 12.9734292 ] } },
{ "type": "Feature", "properties": { "node_id": 11402807615, "x": 80.2317341, "y": 12.9737676 }, "geometry": { "type": "Point", "coordinates": [ 80.2317341, 12.9737676 ] } },
{ "type": "Feature", "properties": { "node_id": 11402807616, "x": 80.2318931, "y": 12.9734077 }, "geometry": { "type": "Point", "coordinates": [ 80.2318931, 12.9734077 ] } },
{ "type": "Feature", "properties": { "node_id": 11402923475, "x": 80.2087742, "y": 12.9705344 }, "geometry": { "type": "Point", "coordinates": [ 80.2087742, 12.9705344 ] } },
{ "type": "Feature", "properties": { "node_id": 11402970934, "x": 80.2009585, "y": 12.9728877 }, "geometry": { "type": "Point", "coordinates": [ 80.2009585, 12.9728877 ] } },
{ "type": "Feature", "properties": { "node_id": 11402970938, "x": 80.2013309, "y": 12.9737826 }, "geometry": { "type": "Point", "coordinates": [ 80.2013309, 12.9737826 ] } },
{ "type": "Feature", "properties": { "node_id": 11402970939, "x": 80.201239, "y": 12.973066 }, "geometry": { "type": "Point", "coordinates": [ 80.201239, 12.973066 ] } },
{ "type": "Feature", "properties": { "node_id": 11414467597, "x": 80.2114161, "y": 12.9649122 }, "geometry": { "type": "Point", "coordinates": [ 80.2114161, 12.9649122 ] } },
{ "type": "Feature", "properties": { "node_id": 11414467601, "x": 80.2117772, "y": 12.9648203 }, "geometry": { "type": "Point", "coordinates": [ 80.2117772, 12.9648203 ] } },
{ "type": "Feature", "properties": { "node_id": 11414478364, "x": 80.2158131, "y": 12.9675667 }, "geometry": { "type": "Point", "coordinates": [ 80.2158131, 12.9675667 ] } },
{ "type": "Feature", "properties": { "node_id": 11414478365, "x": 80.2159337, "y": 12.967875 }, "geometry": { "type": "Point", "coordinates": [ 80.2159337, 12.967875 ] } },
{ "type": "Feature", "properties": { "node_id": 11416397491, "x": 80.2091138, "y": 12.9644888 }, "geometry": { "type": "Point", "coordinates": [ 80.2091138, 12.9644888 ] } },
{ "type": "Feature", "properties": { "node_id": 11416397492, "x": 80.2091547, "y": 12.9648588 }, "geometry": { "type": "Point", "coordinates": [ 80.2091547, 12.9648588 ] } },
{ "type": "Feature", "properties": { "node_id": 11419390672, "x": 80.213507, "y": 12.9864783 }, "geometry": { "type": "Point", "coordinates": [ 80.213507, 12.9864783 ] } },
{ "type": "Feature", "properties": { "node_id": 11419436624, "x": 80.2150822, "y": 12.9894318 }, "geometry": { "type": "Point", "coordinates": [ 80.2150822, 12.9894318 ] } },
{ "type": "Feature", "properties": { "node_id": 11419436626, "x": 80.2116683, "y": 12.9904731 }, "geometry": { "type": "Point", "coordinates": [ 80.2116683, 12.9904731 ] } },
{ "type": "Feature", "properties": { "node_id": 11419629607, "x": 80.2232277, "y": 12.9894002 }, "geometry": { "type": "Point", "coordinates": [ 80.2232277, 12.9894002 ] } },
{ "type": "Feature", "properties": { "node_id": 11419669133, "x": 80.2008106, "y": 12.9791967 }, "geometry": { "type": "Point", "coordinates": [ 80.2008106, 12.9791967 ] } },
{ "type": "Feature", "properties": { "node_id": 11419669134, "x": 80.2012827, "y": 12.9791456 }, "geometry": { "type": "Point", "coordinates": [ 80.2012827, 12.9791456 ] } },
{ "type": "Feature", "properties": { "node_id": 11419669135, "x": 80.2017798, "y": 12.9790609 }, "geometry": { "type": "Point", "coordinates": [ 80.2017798, 12.9790609 ] } },
{ "type": "Feature", "properties": { "node_id": 11430490206, "x": 80.2129117, "y": 12.9727224 }, "geometry": { "type": "Point", "coordinates": [ 80.2129117, 12.9727224 ] } },
{ "type": "Feature", "properties": { "node_id": 11431653775, "x": 80.2249456, "y": 12.9854029 }, "geometry": { "type": "Point", "coordinates": [ 80.2249456, 12.9854029 ] } },
{ "type": "Feature", "properties": { "node_id": 11431675432, "x": 80.2255708, "y": 12.9846669 }, "geometry": { "type": "Point", "coordinates": [ 80.2255708, 12.9846669 ] } },
{ "type": "Feature", "properties": { "node_id": 11431675433, "x": 80.2255887, "y": 12.9841616 }, "geometry": { "type": "Point", "coordinates": [ 80.2255887, 12.9841616 ] } },
{ "type": "Feature", "properties": { "node_id": 11431727600, "x": 80.2312235, "y": 12.9808214 }, "geometry": { "type": "Point", "coordinates": [ 80.2312235, 12.9808214 ] } },
{ "type": "Feature", "properties": { "node_id": 11431727605, "x": 80.2311302, "y": 12.9806237 }, "geometry": { "type": "Point", "coordinates": [ 80.2311302, 12.9806237 ] } },
{ "type": "Feature", "properties": { "node_id": 11431727609, "x": 80.2311364, "y": 12.9805186 }, "geometry": { "type": "Point", "coordinates": [ 80.2311364, 12.9805186 ] } },
{ "type": "Feature", "properties": { "node_id": 11431797652, "x": 80.2306873, "y": 12.9851122 }, "geometry": { "type": "Point", "coordinates": [ 80.2306873, 12.9851122 ] } },
{ "type": "Feature", "properties": { "node_id": 11431797653, "x": 80.2306854, "y": 12.9849841 }, "geometry": { "type": "Point", "coordinates": [ 80.2306854, 12.9849841 ] } },
{ "type": "Feature", "properties": { "node_id": 11431834475, "x": 80.2297062, "y": 12.9845532 }, "geometry": { "type": "Point", "coordinates": [ 80.2297062, 12.9845532 ] } },
{ "type": "Feature", "properties": { "node_id": 11431834478, "x": 80.2297189, "y": 12.984415 }, "geometry": { "type": "Point", "coordinates": [ 80.2297189, 12.984415 ] } },
{ "type": "Feature", "properties": { "node_id": 11431834479, "x": 80.2303718, "y": 12.9843381 }, "geometry": { "type": "Point", "coordinates": [ 80.2303718, 12.9843381 ] } },
{ "type": "Feature", "properties": { "node_id": 11431866539, "x": 80.2313996, "y": 12.9844648 }, "geometry": { "type": "Point", "coordinates": [ 80.2313996, 12.9844648 ] } },
{ "type": "Feature", "properties": { "node_id": 11465291323, "x": 80.2291412, "y": 12.966332 }, "geometry": { "type": "Point", "coordinates": [ 80.2291412, 12.966332 ] } },
{ "type": "Feature", "properties": { "node_id": 11465342524, "x": 80.2273973, "y": 12.9723134 }, "geometry": { "type": "Point", "coordinates": [ 80.2273973, 12.9723134 ] } },
{ "type": "Feature", "properties": { "node_id": 11465342525, "x": 80.2264144, "y": 12.9714269 }, "geometry": { "type": "Point", "coordinates": [ 80.2264144, 12.9714269 ] } },
{ "type": "Feature", "properties": { "node_id": 11465353248, "x": 80.2308804, "y": 12.9711882 }, "geometry": { "type": "Point", "coordinates": [ 80.2308804, 12.9711882 ] } },
{ "type": "Feature", "properties": { "node_id": 11465353249, "x": 80.2301274, "y": 12.9712957 }, "geometry": { "type": "Point", "coordinates": [ 80.2301274, 12.9712957 ] } },
{ "type": "Feature", "properties": { "node_id": 11469197686, "x": 80.2129341, "y": 12.9668265 }, "geometry": { "type": "Point", "coordinates": [ 80.2129341, 12.9668265 ] } },
{ "type": "Feature", "properties": { "node_id": 11469197689, "x": 80.2128439, "y": 12.9663745 }, "geometry": { "type": "Point", "coordinates": [ 80.2128439, 12.9663745 ] } },
{ "type": "Feature", "properties": { "node_id": 11482462520, "x": 80.21307, "y": 12.9704901 }, "geometry": { "type": "Point", "coordinates": [ 80.21307, 12.9704901 ] } },
{ "type": "Feature", "properties": { "node_id": 11499940376, "x": 80.2113703, "y": 12.999938 }, "geometry": { "type": "Point", "coordinates": [ 80.2113703, 12.999938 ] } },
{ "type": "Feature", "properties": { "node_id": 11499940377, "x": 80.2113442, "y": 12.9991758 }, "geometry": { "type": "Point", "coordinates": [ 80.2113442, 12.9991758 ] } },
{ "type": "Feature", "properties": { "node_id": 11508096840, "x": 80.2339201, "y": 12.9727324 }, "geometry": { "type": "Point", "coordinates": [ 80.2339201, 12.9727324 ] } },
{ "type": "Feature", "properties": { "node_id": 11508096842, "x": 80.2373978, "y": 12.9758825 }, "geometry": { "type": "Point", "coordinates": [ 80.2373978, 12.9758825 ] } },
{ "type": "Feature", "properties": { "node_id": 11508096843, "x": 80.2378425, "y": 12.9755675 }, "geometry": { "type": "Point", "coordinates": [ 80.2378425, 12.9755675 ] } },
{ "type": "Feature", "properties": { "node_id": 11508096844, "x": 80.237373, "y": 12.9756104 }, "geometry": { "type": "Point", "coordinates": [ 80.237373, 12.9756104 ] } },
{ "type": "Feature", "properties": { "node_id": 11508096849, "x": 80.2376582, "y": 12.9753118 }, "geometry": { "type": "Point", "coordinates": [ 80.2376582, 12.9753118 ] } },
{ "type": "Feature", "properties": { "node_id": 11508116502, "x": 80.2325669, "y": 12.9726982 }, "geometry": { "type": "Point", "coordinates": [ 80.2325669, 12.9726982 ] } },
{ "type": "Feature", "properties": { "node_id": 11508116503, "x": 80.2323474, "y": 12.9734593 }, "geometry": { "type": "Point", "coordinates": [ 80.2323474, 12.9734593 ] } },
{ "type": "Feature", "properties": { "node_id": 11508116507, "x": 80.2321728, "y": 12.9737216 }, "geometry": { "type": "Point", "coordinates": [ 80.2321728, 12.9737216 ] } },
{ "type": "Feature", "properties": { "node_id": 11508116508, "x": 80.232738, "y": 12.9740285 }, "geometry": { "type": "Point", "coordinates": [ 80.232738, 12.9740285 ] } },
{ "type": "Feature", "properties": { "node_id": 11508116509, "x": 80.2329769, "y": 12.9757083 }, "geometry": { "type": "Point", "coordinates": [ 80.2329769, 12.9757083 ] } },
{ "type": "Feature", "properties": { "node_id": 11508116510, "x": 80.2323099, "y": 12.9753001 }, "geometry": { "type": "Point", "coordinates": [ 80.2323099, 12.9753001 ] } },
{ "type": "Feature", "properties": { "node_id": 11508183950, "x": 80.2006304, "y": 12.975602 }, "geometry": { "type": "Point", "coordinates": [ 80.2006304, 12.975602 ] } },
{ "type": "Feature", "properties": { "node_id": 11508183951, "x": 80.2014479, "y": 12.9757771 }, "geometry": { "type": "Point", "coordinates": [ 80.2014479, 12.9757771 ] } },
{ "type": "Feature", "properties": { "node_id": 11549375624, "x": 80.2186143, "y": 12.9824291 }, "geometry": { "type": "Point", "coordinates": [ 80.2186143, 12.9824291 ] } },
{ "type": "Feature", "properties": { "node_id": 11549375625, "x": 80.2184654, "y": 12.9824323 }, "geometry": { "type": "Point", "coordinates": [ 80.2184654, 12.9824323 ] } },
{ "type": "Feature", "properties": { "node_id": 11591490821, "x": 80.2156079, "y": 12.9802572 }, "geometry": { "type": "Point", "coordinates": [ 80.2156079, 12.9802572 ] } },
{ "type": "Feature", "properties": { "node_id": 11591490822, "x": 80.2155809, "y": 12.9807333 }, "geometry": { "type": "Point", "coordinates": [ 80.2155809, 12.9807333 ] } },
{ "type": "Feature", "properties": { "node_id": 11591529924, "x": 80.2156282, "y": 12.9795467 }, "geometry": { "type": "Point", "coordinates": [ 80.2156282, 12.9795467 ] } },
{ "type": "Feature", "properties": { "node_id": 11591529925, "x": 80.2156029, "y": 12.9800093 }, "geometry": { "type": "Point", "coordinates": [ 80.2156029, 12.9800093 ] } },
{ "type": "Feature", "properties": { "node_id": 11591529926, "x": 80.2159163, "y": 12.9795588 }, "geometry": { "type": "Point", "coordinates": [ 80.2159163, 12.9795588 ] } },
{ "type": "Feature", "properties": { "node_id": 11591529927, "x": 80.2159098, "y": 12.97992 }, "geometry": { "type": "Point", "coordinates": [ 80.2159098, 12.97992 ] } },
{ "type": "Feature", "properties": { "node_id": 11591543004, "x": 80.2129281, "y": 12.9654818 }, "geometry": { "type": "Point", "coordinates": [ 80.2129281, 12.9654818 ] } },
{ "type": "Feature", "properties": { "node_id": 11601420881, "x": 80.2042024, "y": 12.9788758 }, "geometry": { "type": "Point", "coordinates": [ 80.2042024, 12.9788758 ] } },
{ "type": "Feature", "properties": { "node_id": 11601420886, "x": 80.2035526, "y": 12.9790643 }, "geometry": { "type": "Point", "coordinates": [ 80.2035526, 12.9790643 ] } },
{ "type": "Feature", "properties": { "node_id": 11601535938, "x": 80.2157798, "y": 12.9686144 }, "geometry": { "type": "Point", "coordinates": [ 80.2157798, 12.9686144 ] } },
{ "type": "Feature", "properties": { "node_id": 11612617050, "x": 80.2125423, "y": 12.9826993 }, "geometry": { "type": "Point", "coordinates": [ 80.2125423, 12.9826993 ] } },
{ "type": "Feature", "properties": { "node_id": 11612617051, "x": 80.212877, "y": 12.9824113 }, "geometry": { "type": "Point", "coordinates": [ 80.212877, 12.9824113 ] } },
{ "type": "Feature", "properties": { "node_id": 11612617052, "x": 80.2129149, "y": 12.98209 }, "geometry": { "type": "Point", "coordinates": [ 80.2129149, 12.98209 ] } },
{ "type": "Feature", "properties": { "node_id": 11612670134, "x": 80.2107427, "y": 12.982785 }, "geometry": { "type": "Point", "coordinates": [ 80.2107427, 12.982785 ] } },
{ "type": "Feature", "properties": { "node_id": 11612670135, "x": 80.2107568, "y": 12.9824276 }, "geometry": { "type": "Point", "coordinates": [ 80.2107568, 12.9824276 ] } },
{ "type": "Feature", "properties": { "node_id": 11612717440, "x": 80.2242575, "y": 12.9747864 }, "geometry": { "type": "Point", "coordinates": [ 80.2242575, 12.9747864 ] } },
{ "type": "Feature", "properties": { "node_id": 11612748156, "x": 80.221937, "y": 12.975391 }, "geometry": { "type": "Point", "coordinates": [ 80.221937, 12.975391 ] } },
{ "type": "Feature", "properties": { "node_id": 11612763919, "x": 80.2120755, "y": 12.9800484 }, "geometry": { "type": "Point", "coordinates": [ 80.2120755, 12.9800484 ] } },
{ "type": "Feature", "properties": { "node_id": 11612763920, "x": 80.2120461, "y": 12.9804028 }, "geometry": { "type": "Point", "coordinates": [ 80.2120461, 12.9804028 ] } },
{ "type": "Feature", "properties": { "node_id": 11612763921, "x": 80.2117611, "y": 12.9800036 }, "geometry": { "type": "Point", "coordinates": [ 80.2117611, 12.9800036 ] } },
{ "type": "Feature", "properties": { "node_id": 11612763922, "x": 80.2117377, "y": 12.9803661 }, "geometry": { "type": "Point", "coordinates": [ 80.2117377, 12.9803661 ] } },
{ "type": "Feature", "properties": { "node_id": 11612773137, "x": 80.2199153, "y": 12.969799 }, "geometry": { "type": "Point", "coordinates": [ 80.2199153, 12.969799 ] } },
{ "type": "Feature", "properties": { "node_id": 11612773138, "x": 80.2197941, "y": 12.9694953 }, "geometry": { "type": "Point", "coordinates": [ 80.2197941, 12.9694953 ] } },
{ "type": "Feature", "properties": { "node_id": 11612775782, "x": 80.2101469, "y": 12.9818937 }, "geometry": { "type": "Point", "coordinates": [ 80.2101469, 12.9818937 ] } },
{ "type": "Feature", "properties": { "node_id": 11612806014, "x": 80.225614, "y": 12.9738129 }, "geometry": { "type": "Point", "coordinates": [ 80.225614, 12.9738129 ] } },
{ "type": "Feature", "properties": { "node_id": 11612806383, "x": 80.2260216, "y": 12.9738876 }, "geometry": { "type": "Point", "coordinates": [ 80.2260216, 12.9738876 ] } },
{ "type": "Feature", "properties": { "node_id": 11612806384, "x": 80.2263973, "y": 12.9739015 }, "geometry": { "type": "Point", "coordinates": [ 80.2263973, 12.9739015 ] } },
{ "type": "Feature", "properties": { "node_id": 11612806385, "x": 80.2260266, "y": 12.9734479 }, "geometry": { "type": "Point", "coordinates": [ 80.2260266, 12.9734479 ] } },
{ "type": "Feature", "properties": { "node_id": 11612806386, "x": 80.2265063, "y": 12.9734879 }, "geometry": { "type": "Point", "coordinates": [ 80.2265063, 12.9734879 ] } },
{ "type": "Feature", "properties": { "node_id": 11612995229, "x": 80.2345999, "y": 12.9799859 }, "geometry": { "type": "Point", "coordinates": [ 80.2345999, 12.9799859 ] } },
{ "type": "Feature", "properties": { "node_id": 11613006024, "x": 80.2376825, "y": 12.9800082 }, "geometry": { "type": "Point", "coordinates": [ 80.2376825, 12.9800082 ] } },
{ "type": "Feature", "properties": { "node_id": 11618372055, "x": 80.2138417, "y": 12.9856394 }, "geometry": { "type": "Point", "coordinates": [ 80.2138417, 12.9856394 ] } },
{ "type": "Feature", "properties": { "node_id": 11618372056, "x": 80.2138453, "y": 12.9860687 }, "geometry": { "type": "Point", "coordinates": [ 80.2138453, 12.9860687 ] } },
{ "type": "Feature", "properties": { "node_id": 11618401738, "x": 80.2257926, "y": 12.9823945 }, "geometry": { "type": "Point", "coordinates": [ 80.2257926, 12.9823945 ] } },
{ "type": "Feature", "properties": { "node_id": 11618401739, "x": 80.2258158, "y": 12.9820333 }, "geometry": { "type": "Point", "coordinates": [ 80.2258158, 12.9820333 ] } },
{ "type": "Feature", "properties": { "node_id": 11618411723, "x": 80.222666, "y": 12.9804905 }, "geometry": { "type": "Point", "coordinates": [ 80.222666, 12.9804905 ] } },
{ "type": "Feature", "properties": { "node_id": 11618417255, "x": 80.2165937, "y": 12.9795799 }, "geometry": { "type": "Point", "coordinates": [ 80.2165937, 12.9795799 ] } },
{ "type": "Feature", "properties": { "node_id": 11618417256, "x": 80.2166019, "y": 12.9799167 }, "geometry": { "type": "Point", "coordinates": [ 80.2166019, 12.9799167 ] } },
{ "type": "Feature", "properties": { "node_id": 11618453820, "x": 80.21387, "y": 12.9813007 }, "geometry": { "type": "Point", "coordinates": [ 80.21387, 12.9813007 ] } },
{ "type": "Feature", "properties": { "node_id": 11618453821, "x": 80.2144246, "y": 12.9813328 }, "geometry": { "type": "Point", "coordinates": [ 80.2144246, 12.9813328 ] } },
{ "type": "Feature", "properties": { "node_id": 11622254804, "x": 80.2004315, "y": 12.9827548 }, "geometry": { "type": "Point", "coordinates": [ 80.2004315, 12.9827548 ] } },
{ "type": "Feature", "properties": { "node_id": 11622292440, "x": 80.2008148, "y": 12.9868532 }, "geometry": { "type": "Point", "coordinates": [ 80.2008148, 12.9868532 ] } },
{ "type": "Feature", "properties": { "node_id": 11622292441, "x": 80.2008816, "y": 12.9872037 }, "geometry": { "type": "Point", "coordinates": [ 80.2008816, 12.9872037 ] } },
{ "type": "Feature", "properties": { "node_id": 11622305335, "x": 80.2059599, "y": 12.9796693 }, "geometry": { "type": "Point", "coordinates": [ 80.2059599, 12.9796693 ] } },
{ "type": "Feature", "properties": { "node_id": 11622307850, "x": 80.2026133, "y": 12.9825049 }, "geometry": { "type": "Point", "coordinates": [ 80.2026133, 12.9825049 ] } },
{ "type": "Feature", "properties": { "node_id": 11622307851, "x": 80.2025132, "y": 12.9818641 }, "geometry": { "type": "Point", "coordinates": [ 80.2025132, 12.9818641 ] } },
{ "type": "Feature", "properties": { "node_id": 11622320580, "x": 80.2063148, "y": 12.9799431 }, "geometry": { "type": "Point", "coordinates": [ 80.2063148, 12.9799431 ] } },
{ "type": "Feature", "properties": { "node_id": 11622320581, "x": 80.2062624, "y": 12.9796759 }, "geometry": { "type": "Point", "coordinates": [ 80.2062624, 12.9796759 ] } },
{ "type": "Feature", "properties": { "node_id": 11622320582, "x": 80.206769, "y": 12.9798622 }, "geometry": { "type": "Point", "coordinates": [ 80.206769, 12.9798622 ] } },
{ "type": "Feature", "properties": { "node_id": 11622320583, "x": 80.2066237, "y": 12.9794365 }, "geometry": { "type": "Point", "coordinates": [ 80.2066237, 12.9794365 ] } },
{ "type": "Feature", "properties": { "node_id": 11622343188, "x": 80.2040478, "y": 12.9816695 }, "geometry": { "type": "Point", "coordinates": [ 80.2040478, 12.9816695 ] } },
{ "type": "Feature", "properties": { "node_id": 11622470416, "x": 80.2090556, "y": 12.9818668 }, "geometry": { "type": "Point", "coordinates": [ 80.2090556, 12.9818668 ] } },
{ "type": "Feature", "properties": { "node_id": 11625957212, "x": 80.2029948, "y": 12.9921035 }, "geometry": { "type": "Point", "coordinates": [ 80.2029948, 12.9921035 ] } },
{ "type": "Feature", "properties": { "node_id": 11625957213, "x": 80.2029603, "y": 12.9916536 }, "geometry": { "type": "Point", "coordinates": [ 80.2029603, 12.9916536 ] } },
{ "type": "Feature", "properties": { "node_id": 11625982860, "x": 80.2058799, "y": 12.995585 }, "geometry": { "type": "Point", "coordinates": [ 80.2058799, 12.995585 ] } },
{ "type": "Feature", "properties": { "node_id": 11625982861, "x": 80.2058155, "y": 12.9951018 }, "geometry": { "type": "Point", "coordinates": [ 80.2058155, 12.9951018 ] } },
{ "type": "Feature", "properties": { "node_id": 11625999214, "x": 80.1981615, "y": 12.9938801 }, "geometry": { "type": "Point", "coordinates": [ 80.1981615, 12.9938801 ] } },
{ "type": "Feature", "properties": { "node_id": 11626010093, "x": 80.2084349, "y": 12.992978 }, "geometry": { "type": "Point", "coordinates": [ 80.2084349, 12.992978 ] } },
{ "type": "Feature", "properties": { "node_id": 11626010094, "x": 80.2082284, "y": 12.9921539 }, "geometry": { "type": "Point", "coordinates": [ 80.2082284, 12.9921539 ] } },
{ "type": "Feature", "properties": { "node_id": 11626010095, "x": 80.2091798, "y": 12.992822 }, "geometry": { "type": "Point", "coordinates": [ 80.2091798, 12.992822 ] } },
{ "type": "Feature", "properties": { "node_id": 11626010096, "x": 80.2089746, "y": 12.9919966 }, "geometry": { "type": "Point", "coordinates": [ 80.2089746, 12.9919966 ] } },
{ "type": "Feature", "properties": { "node_id": 11626034882, "x": 80.20313, "y": 12.9958308 }, "geometry": { "type": "Point", "coordinates": [ 80.20313, 12.9958308 ] } },
{ "type": "Feature", "properties": { "node_id": 11626034883, "x": 80.2037726, "y": 12.9957019 }, "geometry": { "type": "Point", "coordinates": [ 80.2037726, 12.9957019 ] } },
{ "type": "Feature", "properties": { "node_id": 11626042857, "x": 80.2134337, "y": 12.9750545 }, "geometry": { "type": "Point", "coordinates": [ 80.2134337, 12.9750545 ] } },
{ "type": "Feature", "properties": { "node_id": 11626050253, "x": 80.2002857, "y": 12.9893632 }, "geometry": { "type": "Point", "coordinates": [ 80.2002857, 12.9893632 ] } },
{ "type": "Feature", "properties": { "node_id": 11626050254, "x": 80.2004495, "y": 12.9893302 }, "geometry": { "type": "Point", "coordinates": [ 80.2004495, 12.9893302 ] } },
{ "type": "Feature", "properties": { "node_id": 11626066312, "x": 80.2148357, "y": 12.9704883 }, "geometry": { "type": "Point", "coordinates": [ 80.2148357, 12.9704883 ] } },
{ "type": "Feature", "properties": { "node_id": 11626066313, "x": 80.2145568, "y": 12.9705395 }, "geometry": { "type": "Point", "coordinates": [ 80.2145568, 12.9705395 ] } },
{ "type": "Feature", "properties": { "node_id": 11626067032, "x": 80.2003482, "y": 12.9887419 }, "geometry": { "type": "Point", "coordinates": [ 80.2003482, 12.9887419 ] } },
{ "type": "Feature", "properties": { "node_id": 11626067033, "x": 80.2001349, "y": 12.9887795 }, "geometry": { "type": "Point", "coordinates": [ 80.2001349, 12.9887795 ] } },
{ "type": "Feature", "properties": { "node_id": 11626067037, "x": 80.2006672, "y": 12.9893956 }, "geometry": { "type": "Point", "coordinates": [ 80.2006672, 12.9893956 ] } },
{ "type": "Feature", "properties": { "node_id": 11626076949, "x": 80.2085815, "y": 12.976356 }, "geometry": { "type": "Point", "coordinates": [ 80.2085815, 12.976356 ] } },
{ "type": "Feature", "properties": { "node_id": 11626077024, "x": 80.2147317, "y": 12.9757331 }, "geometry": { "type": "Point", "coordinates": [ 80.2147317, 12.9757331 ] } },
{ "type": "Feature", "properties": { "node_id": 11626077035, "x": 80.2141639, "y": 12.9761971 }, "geometry": { "type": "Point", "coordinates": [ 80.2141639, 12.9761971 ] } },
{ "type": "Feature", "properties": { "node_id": 11626091359, "x": 80.2006787, "y": 12.9884653 }, "geometry": { "type": "Point", "coordinates": [ 80.2006787, 12.9884653 ] } },
{ "type": "Feature", "properties": { "node_id": 11626091360, "x": 80.2012689, "y": 12.9883366 }, "geometry": { "type": "Point", "coordinates": [ 80.2012689, 12.9883366 ] } },
{ "type": "Feature", "properties": { "node_id": 11626101438, "x": 80.2137793, "y": 12.9757856 }, "geometry": { "type": "Point", "coordinates": [ 80.2137793, 12.9757856 ] } },
{ "type": "Feature", "properties": { "node_id": 11626123124, "x": 80.2149467, "y": 12.9771711 }, "geometry": { "type": "Point", "coordinates": [ 80.2149467, 12.9771711 ] } },
{ "type": "Feature", "properties": { "node_id": 11626131729, "x": 80.1994317, "y": 12.9897123 }, "geometry": { "type": "Point", "coordinates": [ 80.1994317, 12.9897123 ] } },
{ "type": "Feature", "properties": { "node_id": 11626211548, "x": 80.1985754, "y": 12.9848358 }, "geometry": { "type": "Point", "coordinates": [ 80.1985754, 12.9848358 ] } },
{ "type": "Feature", "properties": { "node_id": 11626222040, "x": 80.2016592, "y": 12.9898244 }, "geometry": { "type": "Point", "coordinates": [ 80.2016592, 12.9898244 ] } },
{ "type": "Feature", "properties": { "node_id": 11626222041, "x": 80.2015063, "y": 12.9894245 }, "geometry": { "type": "Point", "coordinates": [ 80.2015063, 12.9894245 ] } },
{ "type": "Feature", "properties": { "node_id": 11626275937, "x": 80.1986522, "y": 12.9858603 }, "geometry": { "type": "Point", "coordinates": [ 80.1986522, 12.9858603 ] } },
{ "type": "Feature", "properties": { "node_id": 11626275938, "x": 80.1985974, "y": 12.9855888 }, "geometry": { "type": "Point", "coordinates": [ 80.1985974, 12.9855888 ] } },
{ "type": "Feature", "properties": { "node_id": 11626279470, "x": 80.199956, "y": 12.9848442 }, "geometry": { "type": "Point", "coordinates": [ 80.199956, 12.9848442 ] } },
{ "type": "Feature", "properties": { "node_id": 11626279471, "x": 80.1996661, "y": 12.9848883 }, "geometry": { "type": "Point", "coordinates": [ 80.1996661, 12.9848883 ] } },
{ "type": "Feature", "properties": { "node_id": 11626370957, "x": 80.2026418, "y": 12.9921029 }, "geometry": { "type": "Point", "coordinates": [ 80.2026418, 12.9921029 ] } },
{ "type": "Feature", "properties": { "node_id": 11626370958, "x": 80.2023297, "y": 12.9921102 }, "geometry": { "type": "Point", "coordinates": [ 80.2023297, 12.9921102 ] } },
{ "type": "Feature", "properties": { "node_id": 11626417913, "x": 80.2026372, "y": 12.9914273 }, "geometry": { "type": "Point", "coordinates": [ 80.2026372, 12.9914273 ] } },
{ "type": "Feature", "properties": { "node_id": 11626417914, "x": 80.2019132, "y": 12.9915185 }, "geometry": { "type": "Point", "coordinates": [ 80.2019132, 12.9915185 ] } },
{ "type": "Feature", "properties": { "node_id": 11626417915, "x": 80.2023748, "y": 12.9914603 }, "geometry": { "type": "Point", "coordinates": [ 80.2023748, 12.9914603 ] } },
{ "type": "Feature", "properties": { "node_id": 11626417916, "x": 80.2023222, "y": 12.9910122 }, "geometry": { "type": "Point", "coordinates": [ 80.2023222, 12.9910122 ] } },
{ "type": "Feature", "properties": { "node_id": 11626446160, "x": 80.199438, "y": 12.997176 }, "geometry": { "type": "Point", "coordinates": [ 80.199438, 12.997176 ] } },
{ "type": "Feature", "properties": { "node_id": 11640529889, "x": 80.2102473, "y": 12.9679792 }, "geometry": { "type": "Point", "coordinates": [ 80.2102473, 12.9679792 ] } },
{ "type": "Feature", "properties": { "node_id": 11640529890, "x": 80.2102797, "y": 12.9682394 }, "geometry": { "type": "Point", "coordinates": [ 80.2102797, 12.9682394 ] } },
{ "type": "Feature", "properties": { "node_id": 11644819857, "x": 80.233044, "y": 12.9717597 }, "geometry": { "type": "Point", "coordinates": [ 80.233044, 12.9717597 ] } },
{ "type": "Feature", "properties": { "node_id": 11644823609, "x": 80.2337358, "y": 12.9724218 }, "geometry": { "type": "Point", "coordinates": [ 80.2337358, 12.9724218 ] } },
{ "type": "Feature", "properties": { "node_id": 11644823613, "x": 80.2337772, "y": 12.9717562 }, "geometry": { "type": "Point", "coordinates": [ 80.2337772, 12.9717562 ] } },
{ "type": "Feature", "properties": { "node_id": 11644823614, "x": 80.2335268, "y": 12.9724058 }, "geometry": { "type": "Point", "coordinates": [ 80.2335268, 12.9724058 ] } },
{ "type": "Feature", "properties": { "node_id": 11645084261, "x": 80.2370477, "y": 12.9737325 }, "geometry": { "type": "Point", "coordinates": [ 80.2370477, 12.9737325 ] } },
{ "type": "Feature", "properties": { "node_id": 11645095769, "x": 80.2370621, "y": 12.9731649 }, "geometry": { "type": "Point", "coordinates": [ 80.2370621, 12.9731649 ] } },
{ "type": "Feature", "properties": { "node_id": 11645284462, "x": 80.2323065, "y": 12.9718667 }, "geometry": { "type": "Point", "coordinates": [ 80.2323065, 12.9718667 ] } },
{ "type": "Feature", "properties": { "node_id": 11645284463, "x": 80.2321402, "y": 12.9718357 }, "geometry": { "type": "Point", "coordinates": [ 80.2321402, 12.9718357 ] } },
{ "type": "Feature", "properties": { "node_id": 11645284468, "x": 80.2323638, "y": 12.9714243 }, "geometry": { "type": "Point", "coordinates": [ 80.2323638, 12.9714243 ] } },
{ "type": "Feature", "properties": { "node_id": 11647723640, "x": 80.2048394, "y": 12.9691515 }, "geometry": { "type": "Point", "coordinates": [ 80.2048394, 12.9691515 ] } },
{ "type": "Feature", "properties": { "node_id": 11647723641, "x": 80.2045762, "y": 12.9692349 }, "geometry": { "type": "Point", "coordinates": [ 80.2045762, 12.9692349 ] } },
{ "type": "Feature", "properties": { "node_id": 11647852171, "x": 80.2048471, "y": 12.9693318 }, "geometry": { "type": "Point", "coordinates": [ 80.2048471, 12.9693318 ] } },
{ "type": "Feature", "properties": { "node_id": 11647852172, "x": 80.2046019, "y": 12.969364 }, "geometry": { "type": "Point", "coordinates": [ 80.2046019, 12.969364 ] } },
{ "type": "Feature", "properties": { "node_id": 11659116587, "x": 80.2063617, "y": 12.9653599 }, "geometry": { "type": "Point", "coordinates": [ 80.2063617, 12.9653599 ] } },
{ "type": "Feature", "properties": { "node_id": 11664347200, "x": 80.2358636, "y": 12.9858466 }, "geometry": { "type": "Point", "coordinates": [ 80.2358636, 12.9858466 ] } },
{ "type": "Feature", "properties": { "node_id": 11664637820, "x": 80.2019723, "y": 12.9733388 }, "geometry": { "type": "Point", "coordinates": [ 80.2019723, 12.9733388 ] } },
{ "type": "Feature", "properties": { "node_id": 11664637821, "x": 80.2015454, "y": 12.9734019 }, "geometry": { "type": "Point", "coordinates": [ 80.2015454, 12.9734019 ] } },
{ "type": "Feature", "properties": { "node_id": 11664654198, "x": 80.2009723, "y": 12.9707615 }, "geometry": { "type": "Point", "coordinates": [ 80.2009723, 12.9707615 ] } },
{ "type": "Feature", "properties": { "node_id": 11664671713, "x": 80.2093476, "y": 12.9726918 }, "geometry": { "type": "Point", "coordinates": [ 80.2093476, 12.9726918 ] } },
{ "type": "Feature", "properties": { "node_id": 11675810437, "x": 80.2089559, "y": 12.9648866 }, "geometry": { "type": "Point", "coordinates": [ 80.2089559, 12.9648866 ] } },
{ "type": "Feature", "properties": { "node_id": 11733982486, "x": 80.2022333, "y": 12.9992221 }, "geometry": { "type": "Point", "coordinates": [ 80.2022333, 12.9992221 ] } },
{ "type": "Feature", "properties": { "node_id": 11733982492, "x": 80.2010055, "y": 12.9994878 }, "geometry": { "type": "Point", "coordinates": [ 80.2010055, 12.9994878 ] } },
{ "type": "Feature", "properties": { "node_id": 11752647820, "x": 80.2339549, "y": 12.9795946 }, "geometry": { "type": "Point", "coordinates": [ 80.2339549, 12.9795946 ] } },
{ "type": "Feature", "properties": { "node_id": 11752647821, "x": 80.233708, "y": 12.9796045 }, "geometry": { "type": "Point", "coordinates": [ 80.233708, 12.9796045 ] } },
{ "type": "Feature", "properties": { "node_id": 11756913793, "x": 80.2368578, "y": 12.9685498 }, "geometry": { "type": "Point", "coordinates": [ 80.2368578, 12.9685498 ] } },
{ "type": "Feature", "properties": { "node_id": 11756913814, "x": 80.235279, "y": 12.9724324 }, "geometry": { "type": "Point", "coordinates": [ 80.235279, 12.9724324 ] } },
{ "type": "Feature", "properties": { "node_id": 11756913822, "x": 80.2347261, "y": 12.9719454 }, "geometry": { "type": "Point", "coordinates": [ 80.2347261, 12.9719454 ] } },
{ "type": "Feature", "properties": { "node_id": 11756913826, "x": 80.2366554, "y": 12.9696413 }, "geometry": { "type": "Point", "coordinates": [ 80.2366554, 12.9696413 ] } },
{ "type": "Feature", "properties": { "node_id": 11756913833, "x": 80.2357626, "y": 12.9703641 }, "geometry": { "type": "Point", "coordinates": [ 80.2357626, 12.9703641 ] } },
{ "type": "Feature", "properties": { "node_id": 11757025949, "x": 80.2357855, "y": 12.9831425 }, "geometry": { "type": "Point", "coordinates": [ 80.2357855, 12.9831425 ] } },
{ "type": "Feature", "properties": { "node_id": 11757025950, "x": 80.2355831, "y": 12.982582 }, "geometry": { "type": "Point", "coordinates": [ 80.2355831, 12.982582 ] } },
{ "type": "Feature", "properties": { "node_id": 11757094575, "x": 80.2345257, "y": 12.9732783 }, "geometry": { "type": "Point", "coordinates": [ 80.2345257, 12.9732783 ] } },
{ "type": "Feature", "properties": { "node_id": 11757094576, "x": 80.2341628, "y": 12.9732314 }, "geometry": { "type": "Point", "coordinates": [ 80.2341628, 12.9732314 ] } },
{ "type": "Feature", "properties": { "node_id": 11757094587, "x": 80.2356606, "y": 12.9731692 }, "geometry": { "type": "Point", "coordinates": [ 80.2356606, 12.9731692 ] } },
{ "type": "Feature", "properties": { "node_id": 11757094596, "x": 80.2366908, "y": 12.9751133 }, "geometry": { "type": "Point", "coordinates": [ 80.2366908, 12.9751133 ] } },
{ "type": "Feature", "properties": { "node_id": 11757094597, "x": 80.2366827, "y": 12.9754818 }, "geometry": { "type": "Point", "coordinates": [ 80.2366827, 12.9754818 ] } },
{ "type": "Feature", "properties": { "node_id": 11757094598, "x": 80.2374175, "y": 12.976043 }, "geometry": { "type": "Point", "coordinates": [ 80.2374175, 12.976043 ] } },
{ "type": "Feature", "properties": { "node_id": 11757094607, "x": 80.236271, "y": 12.9761137 }, "geometry": { "type": "Point", "coordinates": [ 80.236271, 12.9761137 ] } },
{ "type": "Feature", "properties": { "node_id": 11757094621, "x": 80.2336979, "y": 12.9757661 }, "geometry": { "type": "Point", "coordinates": [ 80.2336979, 12.9757661 ] } },
{ "type": "Feature", "properties": { "node_id": 11757094629, "x": 80.2364172, "y": 12.9762937 }, "geometry": { "type": "Point", "coordinates": [ 80.2364172, 12.9762937 ] } },
{ "type": "Feature", "properties": { "node_id": 11763071657, "x": 80.2289781, "y": 12.9841278 }, "geometry": { "type": "Point", "coordinates": [ 80.2289781, 12.9841278 ] } },
{ "type": "Feature", "properties": { "node_id": 11763071658, "x": 80.2287608, "y": 12.9841357 }, "geometry": { "type": "Point", "coordinates": [ 80.2287608, 12.9841357 ] } },
{ "type": "Feature", "properties": { "node_id": 11763071661, "x": 80.2292624, "y": 12.9842533 }, "geometry": { "type": "Point", "coordinates": [ 80.2292624, 12.9842533 ] } },
{ "type": "Feature", "properties": { "node_id": 11763071663, "x": 80.2296989, "y": 12.9842155 }, "geometry": { "type": "Point", "coordinates": [ 80.2296989, 12.9842155 ] } },
{ "type": "Feature", "properties": { "node_id": 11763071664, "x": 80.2298619, "y": 12.9845806 }, "geometry": { "type": "Point", "coordinates": [ 80.2298619, 12.9845806 ] } },
{ "type": "Feature", "properties": { "node_id": 11763071668, "x": 80.2299571, "y": 12.9850139 }, "geometry": { "type": "Point", "coordinates": [ 80.2299571, 12.9850139 ] } },
{ "type": "Feature", "properties": { "node_id": 11763084271, "x": 80.228329, "y": 12.9842833 }, "geometry": { "type": "Point", "coordinates": [ 80.228329, 12.9842833 ] } },
{ "type": "Feature", "properties": { "node_id": 11763084336, "x": 80.226379, "y": 12.986678 }, "geometry": { "type": "Point", "coordinates": [ 80.226379, 12.986678 ] } },
{ "type": "Feature", "properties": { "node_id": 11765562043, "x": 80.2325468, "y": 12.9711312 }, "geometry": { "type": "Point", "coordinates": [ 80.2325468, 12.9711312 ] } },
{ "type": "Feature", "properties": { "node_id": 11765562044, "x": 80.2322075, "y": 12.9711247 }, "geometry": { "type": "Point", "coordinates": [ 80.2322075, 12.9711247 ] } },
{ "type": "Feature", "properties": { "node_id": 11765562058, "x": 80.2308626, "y": 12.970853 }, "geometry": { "type": "Point", "coordinates": [ 80.2308626, 12.970853 ] } },
{ "type": "Feature", "properties": { "node_id": 11765562061, "x": 80.2318431, "y": 12.9708491 }, "geometry": { "type": "Point", "coordinates": [ 80.2318431, 12.9708491 ] } },
{ "type": "Feature", "properties": { "node_id": 11765562067, "x": 80.2308752, "y": 12.97109 }, "geometry": { "type": "Point", "coordinates": [ 80.2308752, 12.97109 ] } },
{ "type": "Feature", "properties": { "node_id": 11765562068, "x": 80.231543, "y": 12.9713089 }, "geometry": { "type": "Point", "coordinates": [ 80.231543, 12.9713089 ] } },
{ "type": "Feature", "properties": { "node_id": 11765562395, "x": 80.2314055, "y": 12.9716736 }, "geometry": { "type": "Point", "coordinates": [ 80.2314055, 12.9716736 ] } },
{ "type": "Feature", "properties": { "node_id": 11765562398, "x": 80.2325535, "y": 12.9705131 }, "geometry": { "type": "Point", "coordinates": [ 80.2325535, 12.9705131 ] } },
{ "type": "Feature", "properties": { "node_id": 11768230863, "x": 80.2152848, "y": 12.9698342 }, "geometry": { "type": "Point", "coordinates": [ 80.2152848, 12.9698342 ] } },
{ "type": "Feature", "properties": { "node_id": 11768230864, "x": 80.21248, "y": 12.9721078 }, "geometry": { "type": "Point", "coordinates": [ 80.21248, 12.9721078 ] } },
{ "type": "Feature", "properties": { "node_id": 11768865771, "x": 80.2209617, "y": 12.9734912 }, "geometry": { "type": "Point", "coordinates": [ 80.2209617, 12.9734912 ] } },
{ "type": "Feature", "properties": { "node_id": 11768865791, "x": 80.2159685, "y": 12.9789872 }, "geometry": { "type": "Point", "coordinates": [ 80.2159685, 12.9789872 ] } },
{ "type": "Feature", "properties": { "node_id": 11768865797, "x": 80.2158675, "y": 12.9786261 }, "geometry": { "type": "Point", "coordinates": [ 80.2158675, 12.9786261 ] } },
{ "type": "Feature", "properties": { "node_id": 11768865837, "x": 80.2126363, "y": 12.9793447 }, "geometry": { "type": "Point", "coordinates": [ 80.2126363, 12.9793447 ] } },
{ "type": "Feature", "properties": { "node_id": 11770224835, "x": 80.2191947, "y": 12.9863847 }, "geometry": { "type": "Point", "coordinates": [ 80.2191947, 12.9863847 ] } },
{ "type": "Feature", "properties": { "node_id": 11770224836, "x": 80.2191447, "y": 12.9861922 }, "geometry": { "type": "Point", "coordinates": [ 80.2191447, 12.9861922 ] } },
{ "type": "Feature", "properties": { "node_id": 11770224837, "x": 80.2190284, "y": 12.9864108 }, "geometry": { "type": "Point", "coordinates": [ 80.2190284, 12.9864108 ] } },
{ "type": "Feature", "properties": { "node_id": 11770224838, "x": 80.2189748, "y": 12.9862318 }, "geometry": { "type": "Point", "coordinates": [ 80.2189748, 12.9862318 ] } },
{ "type": "Feature", "properties": { "node_id": 11770224839, "x": 80.2216892, "y": 12.9863605 }, "geometry": { "type": "Point", "coordinates": [ 80.2216892, 12.9863605 ] } },
{ "type": "Feature", "properties": { "node_id": 11770224840, "x": 80.2218139, "y": 12.9863233 }, "geometry": { "type": "Point", "coordinates": [ 80.2218139, 12.9863233 ] } },
{ "type": "Feature", "properties": { "node_id": 11770224841, "x": 80.2221063, "y": 12.9859156 }, "geometry": { "type": "Point", "coordinates": [ 80.2221063, 12.9859156 ] } },
{ "type": "Feature", "properties": { "node_id": 11770224842, "x": 80.221771, "y": 12.9861717 }, "geometry": { "type": "Point", "coordinates": [ 80.221771, 12.9861717 ] } },
{ "type": "Feature", "properties": { "node_id": 11770224843, "x": 80.2218676, "y": 12.9865141 }, "geometry": { "type": "Point", "coordinates": [ 80.2218676, 12.9865141 ] } },
{ "type": "Feature", "properties": { "node_id": 11770224845, "x": 80.2203669, "y": 12.986991 }, "geometry": { "type": "Point", "coordinates": [ 80.2203669, 12.986991 ] } },
{ "type": "Feature", "properties": { "node_id": 11770224846, "x": 80.2205573, "y": 12.9873596 }, "geometry": { "type": "Point", "coordinates": [ 80.2205573, 12.9873596 ] } },
{ "type": "Feature", "properties": { "node_id": 11770224847, "x": 80.2207008, "y": 12.9882207 }, "geometry": { "type": "Point", "coordinates": [ 80.2207008, 12.9882207 ] } },
{ "type": "Feature", "properties": { "node_id": 11770224848, "x": 80.2205954, "y": 12.9879964 }, "geometry": { "type": "Point", "coordinates": [ 80.2205954, 12.9879964 ] } },
{ "type": "Feature", "properties": { "node_id": 11770224849, "x": 80.222389, "y": 12.9886732 }, "geometry": { "type": "Point", "coordinates": [ 80.222389, 12.9886732 ] } },
{ "type": "Feature", "properties": { "node_id": 11770224859, "x": 80.2221745, "y": 12.9888541 }, "geometry": { "type": "Point", "coordinates": [ 80.2221745, 12.9888541 ] } },
{ "type": "Feature", "properties": { "node_id": 11770278873, "x": 80.2203514, "y": 12.9874826 }, "geometry": { "type": "Point", "coordinates": [ 80.2203514, 12.9874826 ] } },
{ "type": "Feature", "properties": { "node_id": 11770278884, "x": 80.220843, "y": 12.9864984 }, "geometry": { "type": "Point", "coordinates": [ 80.220843, 12.9864984 ] } },
{ "type": "Feature", "properties": { "node_id": 11770278885, "x": 80.221307, "y": 12.9861599 }, "geometry": { "type": "Point", "coordinates": [ 80.221307, 12.9861599 ] } },
{ "type": "Feature", "properties": { "node_id": 11770278892, "x": 80.2211273, "y": 12.9864252 }, "geometry": { "type": "Point", "coordinates": [ 80.2211273, 12.9864252 ] } },
{ "type": "Feature", "properties": { "node_id": 11770278927, "x": 80.2172771, "y": 12.9892303 }, "geometry": { "type": "Point", "coordinates": [ 80.2172771, 12.9892303 ] } },
{ "type": "Feature", "properties": { "node_id": 11770278929, "x": 80.217091, "y": 12.9894639 }, "geometry": { "type": "Point", "coordinates": [ 80.217091, 12.9894639 ] } },
{ "type": "Feature", "properties": { "node_id": 11770278933, "x": 80.217002, "y": 12.9894257 }, "geometry": { "type": "Point", "coordinates": [ 80.217002, 12.9894257 ] } },
{ "type": "Feature", "properties": { "node_id": 11770278945, "x": 80.2155027, "y": 12.9928755 }, "geometry": { "type": "Point", "coordinates": [ 80.2155027, 12.9928755 ] } },
{ "type": "Feature", "properties": { "node_id": 11770278946, "x": 80.2145557, "y": 12.9916488 }, "geometry": { "type": "Point", "coordinates": [ 80.2145557, 12.9916488 ] } },
{ "type": "Feature", "properties": { "node_id": 11770278947, "x": 80.214179, "y": 12.9918026 }, "geometry": { "type": "Point", "coordinates": [ 80.214179, 12.9918026 ] } },
{ "type": "Feature", "properties": { "node_id": 11770278948, "x": 80.214229, "y": 12.9919693 }, "geometry": { "type": "Point", "coordinates": [ 80.214229, 12.9919693 ] } },
{ "type": "Feature", "properties": { "node_id": 11770278949, "x": 80.214096, "y": 12.9915852 }, "geometry": { "type": "Point", "coordinates": [ 80.214096, 12.9915852 ] } },
{ "type": "Feature", "properties": { "node_id": 11770278950, "x": 80.2144647, "y": 12.991425 }, "geometry": { "type": "Point", "coordinates": [ 80.2144647, 12.991425 ] } },
{ "type": "Feature", "properties": { "node_id": 11770278951, "x": 80.2147123, "y": 12.992014 }, "geometry": { "type": "Point", "coordinates": [ 80.2147123, 12.992014 ] } },
{ "type": "Feature", "properties": { "node_id": 11770278953, "x": 80.2140941, "y": 12.9922392 }, "geometry": { "type": "Point", "coordinates": [ 80.2140941, 12.9922392 ] } },
{ "type": "Feature", "properties": { "node_id": 11770278954, "x": 80.2142984, "y": 12.9921803 }, "geometry": { "type": "Point", "coordinates": [ 80.2142984, 12.9921803 ] } },
{ "type": "Feature", "properties": { "node_id": 11770278961, "x": 80.2138223, "y": 12.9912237 }, "geometry": { "type": "Point", "coordinates": [ 80.2138223, 12.9912237 ] } },
{ "type": "Feature", "properties": { "node_id": 11770278962, "x": 80.214521, "y": 12.9926716 }, "geometry": { "type": "Point", "coordinates": [ 80.214521, 12.9926716 ] } },
{ "type": "Feature", "properties": { "node_id": 11770278963, "x": 80.2128494, "y": 12.9929709 }, "geometry": { "type": "Point", "coordinates": [ 80.2128494, 12.9929709 ] } },
{ "type": "Feature", "properties": { "node_id": 11770278968, "x": 80.2133824, "y": 12.991868 }, "geometry": { "type": "Point", "coordinates": [ 80.2133824, 12.991868 ] } },
{ "type": "Feature", "properties": { "node_id": 11770278969, "x": 80.2132966, "y": 12.9915923 }, "geometry": { "type": "Point", "coordinates": [ 80.2132966, 12.9915923 ] } },
{ "type": "Feature", "properties": { "node_id": 11770278970, "x": 80.2135031, "y": 12.9922077 }, "geometry": { "type": "Point", "coordinates": [ 80.2135031, 12.9922077 ] } },
{ "type": "Feature", "properties": { "node_id": 11770278971, "x": 80.2135554, "y": 12.9924051 }, "geometry": { "type": "Point", "coordinates": [ 80.2135554, 12.9924051 ] } },
{ "type": "Feature", "properties": { "node_id": 11770291502, "x": 80.2167124, "y": 12.9849903 }, "geometry": { "type": "Point", "coordinates": [ 80.2167124, 12.9849903 ] } },
{ "type": "Feature", "properties": { "node_id": 11770291505, "x": 80.2167016, "y": 12.984792 }, "geometry": { "type": "Point", "coordinates": [ 80.2167016, 12.984792 ] } },
{ "type": "Feature", "properties": { "node_id": 11770291534, "x": 80.2136439, "y": 12.9857195 }, "geometry": { "type": "Point", "coordinates": [ 80.2136439, 12.9857195 ] } },
{ "type": "Feature", "properties": { "node_id": 11770291540, "x": 80.2126501, "y": 12.9832065 }, "geometry": { "type": "Point", "coordinates": [ 80.2126501, 12.9832065 ] } },
{ "type": "Feature", "properties": { "node_id": 11770291561, "x": 80.2137955, "y": 12.9839867 }, "geometry": { "type": "Point", "coordinates": [ 80.2137955, 12.9839867 ] } },
{ "type": "Feature", "properties": { "node_id": 11770378180, "x": 80.2159667, "y": 12.9887827 }, "geometry": { "type": "Point", "coordinates": [ 80.2159667, 12.9887827 ] } },
{ "type": "Feature", "properties": { "node_id": 11770378182, "x": 80.2157568, "y": 12.988738 }, "geometry": { "type": "Point", "coordinates": [ 80.2157568, 12.988738 ] } },
{ "type": "Feature", "properties": { "node_id": 11770378188, "x": 80.2160433, "y": 12.988311 }, "geometry": { "type": "Point", "coordinates": [ 80.2160433, 12.988311 ] } },
{ "type": "Feature", "properties": { "node_id": 11770378194, "x": 80.2167714, "y": 12.986663 }, "geometry": { "type": "Point", "coordinates": [ 80.2167714, 12.986663 ] } },
{ "type": "Feature", "properties": { "node_id": 11770605203, "x": 80.2119246, "y": 12.9988996 }, "geometry": { "type": "Point", "coordinates": [ 80.2119246, 12.9988996 ] } },
{ "type": "Feature", "properties": { "node_id": 11770605249, "x": 80.2113345, "y": 12.9965005 }, "geometry": { "type": "Point", "coordinates": [ 80.2113345, 12.9965005 ] } },
{ "type": "Feature", "properties": { "node_id": 11770605250, "x": 80.2114393, "y": 12.9971497 }, "geometry": { "type": "Point", "coordinates": [ 80.2114393, 12.9971497 ] } },
{ "type": "Feature", "properties": { "node_id": 11786365793, "x": 80.200352, "y": 12.9694298 }, "geometry": { "type": "Point", "coordinates": [ 80.200352, 12.9694298 ] } },
{ "type": "Feature", "properties": { "node_id": 11786365794, "x": 80.2003753, "y": 12.9698185 }, "geometry": { "type": "Point", "coordinates": [ 80.2003753, 12.9698185 ] } },
{ "type": "Feature", "properties": { "node_id": 11789384351, "x": 80.2032959, "y": 12.9697795 }, "geometry": { "type": "Point", "coordinates": [ 80.2032959, 12.9697795 ] } },
{ "type": "Feature", "properties": { "node_id": 11789384352, "x": 80.203662, "y": 12.9697855 }, "geometry": { "type": "Point", "coordinates": [ 80.203662, 12.9697855 ] } },
{ "type": "Feature", "properties": { "node_id": 11789399784, "x": 80.2044757, "y": 12.975553 }, "geometry": { "type": "Point", "coordinates": [ 80.2044757, 12.975553 ] } },
{ "type": "Feature", "properties": { "node_id": 11789974947, "x": 80.2175872, "y": 12.9852798 }, "geometry": { "type": "Point", "coordinates": [ 80.2175872, 12.9852798 ] } },
{ "type": "Feature", "properties": { "node_id": 11789974948, "x": 80.2175781, "y": 12.9850688 }, "geometry": { "type": "Point", "coordinates": [ 80.2175781, 12.9850688 ] } },
{ "type": "Feature", "properties": { "node_id": 11794924262, "x": 80.211158, "y": 12.9832418 }, "geometry": { "type": "Point", "coordinates": [ 80.211158, 12.9832418 ] } },
{ "type": "Feature", "properties": { "node_id": 11794935375, "x": 80.2112633, "y": 12.9837939 }, "geometry": { "type": "Point", "coordinates": [ 80.2112633, 12.9837939 ] } },
{ "type": "Feature", "properties": { "node_id": 11794935382, "x": 80.211434, "y": 12.983051 }, "geometry": { "type": "Point", "coordinates": [ 80.211434, 12.983051 ] } },
{ "type": "Feature", "properties": { "node_id": 11794953391, "x": 80.2123848, "y": 12.9804612 }, "geometry": { "type": "Point", "coordinates": [ 80.2123848, 12.9804612 ] } },
{ "type": "Feature", "properties": { "node_id": 11794953392, "x": 80.2123939, "y": 12.9800937 }, "geometry": { "type": "Point", "coordinates": [ 80.2123939, 12.9800937 ] } },
{ "type": "Feature", "properties": { "node_id": 11794957072, "x": 80.2110493, "y": 12.98312 }, "geometry": { "type": "Point", "coordinates": [ 80.2110493, 12.98312 ] } },
{ "type": "Feature", "properties": { "node_id": 11794957073, "x": 80.2114167, "y": 12.983135 }, "geometry": { "type": "Point", "coordinates": [ 80.2114167, 12.983135 ] } },
{ "type": "Feature", "properties": { "node_id": 11794964049, "x": 80.2138254, "y": 12.986429 }, "geometry": { "type": "Point", "coordinates": [ 80.2138254, 12.986429 ] } },
{ "type": "Feature", "properties": { "node_id": 11794989078, "x": 80.2151919, "y": 12.9837098 }, "geometry": { "type": "Point", "coordinates": [ 80.2151919, 12.9837098 ] } },
{ "type": "Feature", "properties": { "node_id": 11794989079, "x": 80.2151631, "y": 12.9841906 }, "geometry": { "type": "Point", "coordinates": [ 80.2151631, 12.9841906 ] } },
{ "type": "Feature", "properties": { "node_id": 11795012983, "x": 80.2185526, "y": 12.9846238 }, "geometry": { "type": "Point", "coordinates": [ 80.2185526, 12.9846238 ] } },
{ "type": "Feature", "properties": { "node_id": 11801132749, "x": 80.2064329, "y": 12.9896 }, "geometry": { "type": "Point", "coordinates": [ 80.2064329, 12.9896 ] } },
{ "type": "Feature", "properties": { "node_id": 11801132750, "x": 80.2068349, "y": 12.9894908 }, "geometry": { "type": "Point", "coordinates": [ 80.2068349, 12.9894908 ] } },
{ "type": "Feature", "properties": { "node_id": 11801245726, "x": 80.2109396, "y": 12.9914112 }, "geometry": { "type": "Point", "coordinates": [ 80.2109396, 12.9914112 ] } },
{ "type": "Feature", "properties": { "node_id": 11801245727, "x": 80.2108374, "y": 12.9909857 }, "geometry": { "type": "Point", "coordinates": [ 80.2108374, 12.9909857 ] } },
{ "type": "Feature", "properties": { "node_id": 11801247504, "x": 80.2363498, "y": 12.9694399 }, "geometry": { "type": "Point", "coordinates": [ 80.2363498, 12.9694399 ] } },
{ "type": "Feature", "properties": { "node_id": 11801247505, "x": 80.2362395, "y": 12.9694882 }, "geometry": { "type": "Point", "coordinates": [ 80.2362395, 12.9694882 ] } },
{ "type": "Feature", "properties": { "node_id": 11801251152, "x": 80.2364293, "y": 12.9696579 }, "geometry": { "type": "Point", "coordinates": [ 80.2364293, 12.9696579 ] } },
{ "type": "Feature", "properties": { "node_id": 11801251153, "x": 80.2367319, "y": 12.9702758 }, "geometry": { "type": "Point", "coordinates": [ 80.2367319, 12.9702758 ] } },
{ "type": "Feature", "properties": { "node_id": 11801272291, "x": 80.2106911, "y": 12.9914776 }, "geometry": { "type": "Point", "coordinates": [ 80.2106911, 12.9914776 ] } },
{ "type": "Feature", "properties": { "node_id": 11801272292, "x": 80.2105986, "y": 12.99109 }, "geometry": { "type": "Point", "coordinates": [ 80.2105986, 12.99109 ] } },
{ "type": "Feature", "properties": { "node_id": 11801351212, "x": 80.2349517, "y": 12.968027 }, "geometry": { "type": "Point", "coordinates": [ 80.2349517, 12.968027 ] } },
{ "type": "Feature", "properties": { "node_id": 11801377581, "x": 80.21074, "y": 12.9990591 }, "geometry": { "type": "Point", "coordinates": [ 80.21074, 12.9990591 ] } },
{ "type": "Feature", "properties": { "node_id": 11801625127, "x": 80.2330323, "y": 12.9774763 }, "geometry": { "type": "Point", "coordinates": [ 80.2330323, 12.9774763 ] } },
{ "type": "Feature", "properties": { "node_id": 11801625128, "x": 80.2334473, "y": 12.9774391 }, "geometry": { "type": "Point", "coordinates": [ 80.2334473, 12.9774391 ] } },
{ "type": "Feature", "properties": { "node_id": 11806316594, "x": 80.2156911, "y": 12.9782768 }, "geometry": { "type": "Point", "coordinates": [ 80.2156911, 12.9782768 ] } },
{ "type": "Feature", "properties": { "node_id": 11806341579, "x": 80.2168983, "y": 12.9799654 }, "geometry": { "type": "Point", "coordinates": [ 80.2168983, 12.9799654 ] } },
{ "type": "Feature", "properties": { "node_id": 11806341580, "x": 80.2167783, "y": 12.9800775 }, "geometry": { "type": "Point", "coordinates": [ 80.2167783, 12.9800775 ] } },
{ "type": "Feature", "properties": { "node_id": 11806414077, "x": 80.2359181, "y": 12.9828457 }, "geometry": { "type": "Point", "coordinates": [ 80.2359181, 12.9828457 ] } },
{ "type": "Feature", "properties": { "node_id": 11806414078, "x": 80.2358431, "y": 12.9825315 }, "geometry": { "type": "Point", "coordinates": [ 80.2358431, 12.9825315 ] } },
{ "type": "Feature", "properties": { "node_id": 11806418890, "x": 80.2361469, "y": 12.9831392 }, "geometry": { "type": "Point", "coordinates": [ 80.2361469, 12.9831392 ] } },
{ "type": "Feature", "properties": { "node_id": 11806433640, "x": 80.2352056, "y": 12.9822418 }, "geometry": { "type": "Point", "coordinates": [ 80.2352056, 12.9822418 ] } },
{ "type": "Feature", "properties": { "node_id": 11806433641, "x": 80.2353444, "y": 12.982178 }, "geometry": { "type": "Point", "coordinates": [ 80.2353444, 12.982178 ] } },
{ "type": "Feature", "properties": { "node_id": 11818280950, "x": 80.2069669, "y": 12.975378 }, "geometry": { "type": "Point", "coordinates": [ 80.2069669, 12.975378 ] } },
{ "type": "Feature", "properties": { "node_id": 11818280951, "x": 80.206927, "y": 12.9750061 }, "geometry": { "type": "Point", "coordinates": [ 80.206927, 12.9750061 ] } },
{ "type": "Feature", "properties": { "node_id": 11818282228, "x": 80.2060825, "y": 12.9673537 }, "geometry": { "type": "Point", "coordinates": [ 80.2060825, 12.9673537 ] } },
{ "type": "Feature", "properties": { "node_id": 11818282229, "x": 80.2061222, "y": 12.9675539 }, "geometry": { "type": "Point", "coordinates": [ 80.2061222, 12.9675539 ] } },
{ "type": "Feature", "properties": { "node_id": 11818282230, "x": 80.2055856, "y": 12.9676383 }, "geometry": { "type": "Point", "coordinates": [ 80.2055856, 12.9676383 ] } },
{ "type": "Feature", "properties": { "node_id": 11818282231, "x": 80.2055206, "y": 12.9672823 }, "geometry": { "type": "Point", "coordinates": [ 80.2055206, 12.9672823 ] } },
{ "type": "Feature", "properties": { "node_id": 11818282232, "x": 80.2058313, "y": 12.9674021 }, "geometry": { "type": "Point", "coordinates": [ 80.2058313, 12.9674021 ] } },
{ "type": "Feature", "properties": { "node_id": 11818282233, "x": 80.2058647, "y": 12.9675582 }, "geometry": { "type": "Point", "coordinates": [ 80.2058647, 12.9675582 ] } },
{ "type": "Feature", "properties": { "node_id": 11818305801, "x": 80.2059947, "y": 12.9697415 }, "geometry": { "type": "Point", "coordinates": [ 80.2059947, 12.9697415 ] } },
{ "type": "Feature", "properties": { "node_id": 11818333497, "x": 80.2065451, "y": 12.964769 }, "geometry": { "type": "Point", "coordinates": [ 80.2065451, 12.964769 ] } },
{ "type": "Feature", "properties": { "node_id": 11818333498, "x": 80.2066221, "y": 12.9651409 }, "geometry": { "type": "Point", "coordinates": [ 80.2066221, 12.9651409 ] } },
{ "type": "Feature", "properties": { "node_id": 11818417011, "x": 80.2086617, "y": 12.998188 }, "geometry": { "type": "Point", "coordinates": [ 80.2086617, 12.998188 ] } },
{ "type": "Feature", "properties": { "node_id": 11818417012, "x": 80.2086016, "y": 12.9977901 }, "geometry": { "type": "Point", "coordinates": [ 80.2086016, 12.9977901 ] } },
{ "type": "Feature", "properties": { "node_id": 11818432757, "x": 80.2078368, "y": 12.9983135 }, "geometry": { "type": "Point", "coordinates": [ 80.2078368, 12.9983135 ] } },
{ "type": "Feature", "properties": { "node_id": 11818432758, "x": 80.2079422, "y": 12.9987324 }, "geometry": { "type": "Point", "coordinates": [ 80.2079422, 12.9987324 ] } },
{ "type": "Feature", "properties": { "node_id": 11827561034, "x": 80.2009099, "y": 12.9693866 }, "geometry": { "type": "Point", "coordinates": [ 80.2009099, 12.9693866 ] } },
{ "type": "Feature", "properties": { "node_id": 11827561038, "x": 80.2008527, "y": 12.9697974 }, "geometry": { "type": "Point", "coordinates": [ 80.2008527, 12.9697974 ] } },
{ "type": "Feature", "properties": { "node_id": 11827577186, "x": 80.1997066, "y": 12.9712552 }, "geometry": { "type": "Point", "coordinates": [ 80.1997066, 12.9712552 ] } },
{ "type": "Feature", "properties": { "node_id": 11832488583, "x": 80.2191825, "y": 12.9779737 }, "geometry": { "type": "Point", "coordinates": [ 80.2191825, 12.9779737 ] } },
{ "type": "Feature", "properties": { "node_id": 11832488587, "x": 80.2190806, "y": 12.9775489 }, "geometry": { "type": "Point", "coordinates": [ 80.2190806, 12.9775489 ] } },
{ "type": "Feature", "properties": { "node_id": 11832653247, "x": 80.2254156, "y": 12.9863507 }, "geometry": { "type": "Point", "coordinates": [ 80.2254156, 12.9863507 ] } },
{ "type": "Feature", "properties": { "node_id": 11832653248, "x": 80.2254939, "y": 12.9866322 }, "geometry": { "type": "Point", "coordinates": [ 80.2254939, 12.9866322 ] } },
{ "type": "Feature", "properties": { "node_id": 11832653249, "x": 80.225368, "y": 12.9863616 }, "geometry": { "type": "Point", "coordinates": [ 80.225368, 12.9863616 ] } },
{ "type": "Feature", "properties": { "node_id": 11832685263, "x": 80.2281808, "y": 12.9847775 }, "geometry": { "type": "Point", "coordinates": [ 80.2281808, 12.9847775 ] } },
{ "type": "Feature", "properties": { "node_id": 11832685264, "x": 80.2281917, "y": 12.9851312 }, "geometry": { "type": "Point", "coordinates": [ 80.2281917, 12.9851312 ] } },
{ "type": "Feature", "properties": { "node_id": 11832685265, "x": 80.2280354, "y": 12.9847862 }, "geometry": { "type": "Point", "coordinates": [ 80.2280354, 12.9847862 ] } },
{ "type": "Feature", "properties": { "node_id": 11832685266, "x": 80.2280312, "y": 12.9850728 }, "geometry": { "type": "Point", "coordinates": [ 80.2280312, 12.9850728 ] } },
{ "type": "Feature", "properties": { "node_id": 11847094892, "x": 80.2315417, "y": 12.9868914 }, "geometry": { "type": "Point", "coordinates": [ 80.2315417, 12.9868914 ] } },
{ "type": "Feature", "properties": { "node_id": 11898243862, "x": 80.2055544, "y": 12.9814925 }, "geometry": { "type": "Point", "coordinates": [ 80.2055544, 12.9814925 ] } },
{ "type": "Feature", "properties": { "node_id": 11938949875, "x": 80.2207226, "y": 12.9901027 }, "geometry": { "type": "Point", "coordinates": [ 80.2207226, 12.9901027 ] } },
{ "type": "Feature", "properties": { "node_id": 11941450632, "x": 80.2129219, "y": 12.9766287 }, "geometry": { "type": "Point", "coordinates": [ 80.2129219, 12.9766287 ] } },
{ "type": "Feature", "properties": { "node_id": 11941450633, "x": 80.2129148, "y": 12.9767053 }, "geometry": { "type": "Point", "coordinates": [ 80.2129148, 12.9767053 ] } },
{ "type": "Feature", "properties": { "node_id": 12027822370, "x": 80.1999328, "y": 12.9754841 }, "geometry": { "type": "Point", "coordinates": [ 80.1999328, 12.9754841 ] } },
{ "type": "Feature", "properties": { "node_id": 12027822375, "x": 80.2001078, "y": 12.9760303 }, "geometry": { "type": "Point", "coordinates": [ 80.2001078, 12.9760303 ] } },
{ "type": "Feature", "properties": { "node_id": 12027873720, "x": 80.208545, "y": 12.975874 }, "geometry": { "type": "Point", "coordinates": [ 80.208545, 12.975874 ] } },
{ "type": "Feature", "properties": { "node_id": 12030550704, "x": 80.2040145, "y": 12.9683917 }, "geometry": { "type": "Point", "coordinates": [ 80.2040145, 12.9683917 ] } },
{ "type": "Feature", "properties": { "node_id": 12030550711, "x": 80.2038304, "y": 12.9684059 }, "geometry": { "type": "Point", "coordinates": [ 80.2038304, 12.9684059 ] } },
{ "type": "Feature", "properties": { "node_id": 12030550712, "x": 80.2038023, "y": 12.9680424 }, "geometry": { "type": "Point", "coordinates": [ 80.2038023, 12.9680424 ] } },
{ "type": "Feature", "properties": { "node_id": 12030565392, "x": 80.2063186, "y": 12.9689534 }, "geometry": { "type": "Point", "coordinates": [ 80.2063186, 12.9689534 ] } },
{ "type": "Feature", "properties": { "node_id": 12030565393, "x": 80.206673, "y": 12.9689036 }, "geometry": { "type": "Point", "coordinates": [ 80.206673, 12.9689036 ] } },
{ "type": "Feature", "properties": { "node_id": 12030565394, "x": 80.2065923, "y": 12.9684608 }, "geometry": { "type": "Point", "coordinates": [ 80.2065923, 12.9684608 ] } },
{ "type": "Feature", "properties": { "node_id": 12033352013, "x": 80.2263764, "y": 12.9835555 }, "geometry": { "type": "Point", "coordinates": [ 80.2263764, 12.9835555 ] } },
{ "type": "Feature", "properties": { "node_id": 12033352014, "x": 80.2263427, "y": 12.9830802 }, "geometry": { "type": "Point", "coordinates": [ 80.2263427, 12.9830802 ] } },
{ "type": "Feature", "properties": { "node_id": 12040953841, "x": 80.2161063, "y": 12.9782315 }, "geometry": { "type": "Point", "coordinates": [ 80.2161063, 12.9782315 ] } },
{ "type": "Feature", "properties": { "node_id": 12040970369, "x": 80.2181389, "y": 12.9785948 }, "geometry": { "type": "Point", "coordinates": [ 80.2181389, 12.9785948 ] } },
{ "type": "Feature", "properties": { "node_id": 12046121533, "x": 80.2120966, "y": 12.9643086 }, "geometry": { "type": "Point", "coordinates": [ 80.2120966, 12.9643086 ] } },
{ "type": "Feature", "properties": { "node_id": 12046121534, "x": 80.2121306, "y": 12.9644411 }, "geometry": { "type": "Point", "coordinates": [ 80.2121306, 12.9644411 ] } },
{ "type": "Feature", "properties": { "node_id": 12046121535, "x": 80.2122325, "y": 12.9644185 }, "geometry": { "type": "Point", "coordinates": [ 80.2122325, 12.9644185 ] } },
{ "type": "Feature", "properties": { "node_id": 12046121536, "x": 80.2119375, "y": 12.9644812 }, "geometry": { "type": "Point", "coordinates": [ 80.2119375, 12.9644812 ] } },
{ "type": "Feature", "properties": { "node_id": 12055235104, "x": 80.1988554, "y": 12.9900051 }, "geometry": { "type": "Point", "coordinates": [ 80.1988554, 12.9900051 ] } },
{ "type": "Feature", "properties": { "node_id": 12055235106, "x": 80.1987953, "y": 12.9897818 }, "geometry": { "type": "Point", "coordinates": [ 80.1987953, 12.9897818 ] } },
{ "type": "Feature", "properties": { "node_id": 12055235107, "x": 80.1990086, "y": 12.9899833 }, "geometry": { "type": "Point", "coordinates": [ 80.1990086, 12.9899833 ] } },
{ "type": "Feature", "properties": { "node_id": 12067413872, "x": 80.2071723, "y": 12.9932618 }, "geometry": { "type": "Point", "coordinates": [ 80.2071723, 12.9932618 ] } },
{ "type": "Feature", "properties": { "node_id": 12067413873, "x": 80.2070388, "y": 12.9927415 }, "geometry": { "type": "Point", "coordinates": [ 80.2070388, 12.9927415 ] } },
{ "type": "Feature", "properties": { "node_id": 12071016128, "x": 80.2342739, "y": 12.991004 }, "geometry": { "type": "Point", "coordinates": [ 80.2342739, 12.991004 ] } },
{ "type": "Feature", "properties": { "node_id": 12071016129, "x": 80.2350614, "y": 12.9916166 }, "geometry": { "type": "Point", "coordinates": [ 80.2350614, 12.9916166 ] } },
{ "type": "Feature", "properties": { "node_id": 12156990400, "x": 80.225212, "y": 12.9784681 }, "geometry": { "type": "Point", "coordinates": [ 80.225212, 12.9784681 ] } },
{ "type": "Feature", "properties": { "node_id": 12157030704, "x": 80.2194508, "y": 12.9720987 }, "geometry": { "type": "Point", "coordinates": [ 80.2194508, 12.9720987 ] } },
{ "type": "Feature", "properties": { "node_id": 12157056339, "x": 80.2164817, "y": 12.9645798 }, "geometry": { "type": "Point", "coordinates": [ 80.2164817, 12.9645798 ] } },
{ "type": "Feature", "properties": { "node_id": 12157056340, "x": 80.2163422, "y": 12.964664 }, "geometry": { "type": "Point", "coordinates": [ 80.2163422, 12.964664 ] } },
{ "type": "Feature", "properties": { "node_id": 12181490301, "x": 80.2346574, "y": 12.9920603 }, "geometry": { "type": "Point", "coordinates": [ 80.2346574, 12.9920603 ] } },
{ "type": "Feature", "properties": { "node_id": 12181493717, "x": 80.2346966, "y": 12.9913386 }, "geometry": { "type": "Point", "coordinates": [ 80.2346966, 12.9913386 ] } },
{ "type": "Feature", "properties": { "node_id": 12183394019, "x": 80.2189424, "y": 12.9707377 }, "geometry": { "type": "Point", "coordinates": [ 80.2189424, 12.9707377 ] } },
{ "type": "Feature", "properties": { "node_id": 12183394020, "x": 80.2193554, "y": 12.9706495 }, "geometry": { "type": "Point", "coordinates": [ 80.2193554, 12.9706495 ] } },
{ "type": "Feature", "properties": { "node_id": 12184253341, "x": 80.1983509, "y": 12.9978272 }, "geometry": { "type": "Point", "coordinates": [ 80.1983509, 12.9978272 ] } },
{ "type": "Feature", "properties": { "node_id": 12204815383, "x": 80.2109289, "y": 12.9931094 }, "geometry": { "type": "Point", "coordinates": [ 80.2109289, 12.9931094 ] } },
{ "type": "Feature", "properties": { "node_id": 12204815385, "x": 80.2111172, "y": 12.9928789 }, "geometry": { "type": "Point", "coordinates": [ 80.2111172, 12.9928789 ] } },
{ "type": "Feature", "properties": { "node_id": 12239526654, "x": 80.2376245, "y": 12.9821404 }, "geometry": { "type": "Point", "coordinates": [ 80.2376245, 12.9821404 ] } },
{ "type": "Feature", "properties": { "node_id": 12244063246, "x": 80.2210859, "y": 12.981247 }, "geometry": { "type": "Point", "coordinates": [ 80.2210859, 12.981247 ] } },
{ "type": "Feature", "properties": { "node_id": 12244063247, "x": 80.2206863, "y": 12.9813188 }, "geometry": { "type": "Point", "coordinates": [ 80.2206863, 12.9813188 ] } },
{ "type": "Feature", "properties": { "node_id": 12259245173, "x": 80.2009626, "y": 12.9969247 }, "geometry": { "type": "Point", "coordinates": [ 80.2009626, 12.9969247 ] } },
{ "type": "Feature", "properties": { "node_id": 12272541598, "x": 80.2032213, "y": 12.9801305 }, "geometry": { "type": "Point", "coordinates": [ 80.2032213, 12.9801305 ] } },
{ "type": "Feature", "properties": { "node_id": 12294623164, "x": 80.2204375, "y": 12.9757042 }, "geometry": { "type": "Point", "coordinates": [ 80.2204375, 12.9757042 ] } },
{ "type": "Feature", "properties": { "node_id": 12294623165, "x": 80.2202557, "y": 12.9756216 }, "geometry": { "type": "Point", "coordinates": [ 80.2202557, 12.9756216 ] } },
{ "type": "Feature", "properties": { "node_id": 12333559380, "x": 80.2377828, "y": 12.9657615 }, "geometry": { "type": "Point", "coordinates": [ 80.2377828, 12.9657615 ] } },
{ "type": "Feature", "properties": { "node_id": 12333559381, "x": 80.2379075, "y": 12.9660277 }, "geometry": { "type": "Point", "coordinates": [ 80.2379075, 12.9660277 ] } },
{ "type": "Feature", "properties": { "node_id": 12415838560, "x": 80.2095132, "y": 12.9837905 }, "geometry": { "type": "Point", "coordinates": [ 80.2095132, 12.9837905 ] } },
{ "type": "Feature", "properties": { "node_id": 12483820299, "x": 80.2022837, "y": 12.9658755 }, "geometry": { "type": "Point", "coordinates": [ 80.2022837, 12.9658755 ] } },
{ "type": "Feature", "properties": { "node_id": 12483820630, "x": 80.2186821, "y": 12.969783 }, "geometry": { "type": "Point", "coordinates": [ 80.2186821, 12.969783 ] } },
{ "type": "Feature", "properties": { "node_id": 12483820631, "x": 80.2186395, "y": 12.9697393 }, "geometry": { "type": "Point", "coordinates": [ 80.2186395, 12.9697393 ] } },
{ "type": "Feature", "properties": { "node_id": 12497489526, "x": 80.2207545, "y": 12.9748014 }, "geometry": { "type": "Point", "coordinates": [ 80.2207545, 12.9748014 ] } },
{ "type": "Feature", "properties": { "node_id": 12497489527, "x": 80.2206684, "y": 12.9750127 }, "geometry": { "type": "Point", "coordinates": [ 80.2206684, 12.9750127 ] } },
{ "type": "Feature", "properties": { "node_id": 12603585538, "x": 80.2330725, "y": 12.9766115 }, "geometry": { "type": "Point", "coordinates": [ 80.2330725, 12.9766115 ] } },
{ "type": "Feature", "properties": { "node_id": 12645383311, "x": 80.2016549, "y": 12.9867257 }, "geometry": { "type": "Point", "coordinates": [ 80.2016549, 12.9867257 ] } },
{ "type": "Feature", "properties": { "node_id": 12645383312, "x": 80.2016856, "y": 12.9869385 }, "geometry": { "type": "Point", "coordinates": [ 80.2016856, 12.9869385 ] } },
{ "type": "Feature", "properties": { "node_id": 12702176405, "x": 80.2184435, "y": 12.9879886 }, "geometry": { "type": "Point", "coordinates": [ 80.2184435, 12.9879886 ] } },
{ "type": "Feature", "properties": { "node_id": 12702176406, "x": 80.2188371, "y": 12.9879175 }, "geometry": { "type": "Point", "coordinates": [ 80.2188371, 12.9879175 ] } },
{ "type": "Feature", "properties": { "node_id": 12725165090, "x": 80.2165066, "y": 12.9685244 }, "geometry": { "type": "Point", "coordinates": [ 80.2165066, 12.9685244 ] } },
{ "type": "Feature", "properties": { "node_id": 12725165091, "x": 80.2165419, "y": 12.9685832 }, "geometry": { "type": "Point", "coordinates": [ 80.2165419, 12.9685832 ] } },
{ "type": "Feature", "properties": { "node_id": 12756684689, "x": 80.2180831, "y": 12.9683524 }, "geometry": { "type": "Point", "coordinates": [ 80.2180831, 12.9683524 ] } },
{ "type": "Feature", "properties": { "node_id": 12953637296, "x": 80.1987644, "y": 12.9821243 }, "geometry": { "type": "Point", "coordinates": [ 80.1987644, 12.9821243 ] } },
{ "type": "Feature", "properties": { "node_id": 12989031023, "x": 80.2162883, "y": 12.9886611 }, "geometry": { "type": "Point", "coordinates": [ 80.2162883, 12.9886611 ] } },
{ "type": "Feature", "properties": { "node_id": 13019074034, "x": 80.2268903, "y": 12.9780291 }, "geometry": { "type": "Point", "coordinates": [ 80.2268903, 12.9780291 ] } },
{ "type": "Feature", "properties": { "node_id": 13251686554, "x": 80.2288171, "y": 12.9918563 }, "geometry": { "type": "Point", "coordinates": [ 80.2288171, 12.9918563 ] } },
{ "type": "Feature", "properties": { "node_id": 13251686555, "x": 80.228828, "y": 12.9915678 }, "geometry": { "type": "Point", "coordinates": [ 80.228828, 12.9915678 ] } },
{ "type": "Feature", "properties": { "node_id": 13367154503, "x": 80.2374235, "y": 12.9659392 }, "geometry": { "type": "Point", "coordinates": [ 80.2374235, 12.9659392 ] } },
{ "type": "Feature", "properties": { "node_id": 13367154504, "x": 80.2375722, "y": 12.9662415 }, "geometry": { "type": "Point", "coordinates": [ 80.2375722, 12.9662415 ] } },
{ "type": "Feature", "properties": { "node_id": 13747462079, "x": 80.2181825, "y": 12.9665981 }, "geometry": { "type": "Point", "coordinates": [ 80.2181825, 12.9665981 ] } },
{ "type": "Feature", "properties": { "node_id": 13747462082, "x": 80.217289, "y": 12.966314 }, "geometry": { "type": "Point", "coordinates": [ 80.217289, 12.966314 ] } },
{ "type": "Feature", "properties": { "node_id": 13793703061, "x": 80.2180718, "y": 12.9865688 }, "geometry": { "type": "Point", "coordinates": [ 80.2180718, 12.9865688 ] } },
{ "type": "Feature", "properties": { "node_id": 13816805235, "x": 80.208472, "y": 12.9704187 }, "geometry": { "type": "Point", "coordinates": [ 80.208472, 12.9704187 ] } },
{ "type": "Feature", "properties": { "node_id": 13820964334, "x": 80.2127012, "y": 12.9708453 }, "geometry": { "type": "Point", "coordinates": [ 80.2127012, 12.9708453 ] } },
{ "type": "Feature", "properties": { "node_id": 13820964335, "x": 80.2129776, "y": 12.9709104 }, "geometry": { "type": "Point", "coordinates": [ 80.2129776, 12.9709104 ] } },
{ "type": "Feature", "properties": { "node_id": 13922289682, "x": 80.200476, "y": 12.9994494 }, "geometry": { "type": "Point", "coordinates": [ 80.200476, 12.9994494 ] } },
{ "type": "Feature", "properties": { "node_id": 13995027323, "x": 80.2091812, "y": 12.980704 }, "geometry": { "type": "Point", "coordinates": [ 80.2091812, 12.980704 ] } },
{ "type": "Feature", "properties": { "node_id": 14014630763, "x": 80.2230224, "y": 12.9744364 }, "geometry": { "type": "Point", "coordinates": [ 80.2230224, 12.9744364 ] } },
{ "type": "Feature", "properties": { "node_id": 14014630764, "x": 80.2230143, "y": 12.9741116 }, "geometry": { "type": "Point", "coordinates": [ 80.2230143, 12.9741116 ] } },
{ "type": "Feature", "properties": { "node_id": 14049890124, "x": 80.2095996, "y": 12.9906324 }, "geometry": { "type": "Point", "coordinates": [ 80.2095996, 12.9906324 ] } },
{ "type": "Feature", "properties": { "node_id": 14091487575, "x": 80.2070951, "y": 12.9652204 }, "geometry": { "type": "Point", "coordinates": [ 80.2070951, 12.9652204 ] } },
{ "type": "Feature", "properties": { "node_id": 14104708476, "x": 80.2229913, "y": 12.9681789 }, "geometry": { "type": "Point", "coordinates": [ 80.2229913, 12.9681789 ] } },
{ "type": "Feature", "properties": { "node_id": 14136671924, "x": 80.2212239, "y": 12.9686929 }, "geometry": { "type": "Point", "coordinates": [ 80.2212239, 12.9686929 ] } },
{ "type": "Feature", "properties": { "node_id": 14137325193, "x": 80.2322202, "y": 12.9768081 }, "geometry": { "type": "Point", "coordinates": [ 80.2322202, 12.9768081 ] } },
{ "type": "Feature", "properties": { "node_id": 14141791475, "x": 80.2298393, "y": 12.9731896 }, "geometry": { "type": "Point", "coordinates": [ 80.2298393, 12.9731896 ] } },
{ "type": "Feature", "properties": { "node_id": 14141791480, "x": 80.2291396, "y": 12.9737278 }, "geometry": { "type": "Point", "coordinates": [ 80.2291396, 12.9737278 ] } },
{ "type": "Feature", "properties": { "node_id": 14141791481, "x": 80.2292551, "y": 12.9736546 }, "geometry": { "type": "Point", "coordinates": [ 80.2292551, 12.9736546 ] } },
{ "type": "Feature", "properties": { "node_id": 14141791482, "x": 80.2292033, "y": 12.9738073 }, "geometry": { "type": "Point", "coordinates": [ 80.2292033, 12.9738073 ] } },
{ "type": "Feature", "properties": { "node_id": 14141791485, "x": 80.2296447, "y": 12.9733614 }, "geometry": { "type": "Point", "coordinates": [ 80.2296447, 12.9733614 ] } },
{ "type": "Feature", "properties": { "node_id": 14141791488, "x": 80.2291992, "y": 12.97369 }, "geometry": { "type": "Point", "coordinates": [ 80.2291992, 12.97369 ] } },
{ "type": "Feature", "properties": { "node_id": 14141791489, "x": 80.2290684, "y": 12.9734636 }, "geometry": { "type": "Point", "coordinates": [ 80.2290684, 12.9734636 ] } },
{ "type": "Feature", "properties": { "node_id": 14141791490, "x": 80.2291297, "y": 12.9734289 }, "geometry": { "type": "Point", "coordinates": [ 80.2291297, 12.9734289 ] } },
{ "type": "Feature", "properties": { "node_id": 14152948067, "x": 80.2076048, "y": 12.9912566 }, "geometry": { "type": "Point", "coordinates": [ 80.2076048, 12.9912566 ] } },
{ "type": "Feature", "properties": { "node_id": 14152948068, "x": 80.2073727, "y": 12.9904771 }, "geometry": { "type": "Point", "coordinates": [ 80.2073727, 12.9904771 ] } },
{ "type": "Feature", "properties": { "node_id": 14152948069, "x": 80.2077772, "y": 12.9910362 }, "geometry": { "type": "Point", "coordinates": [ 80.2077772, 12.9910362 ] } },
{ "type": "Feature", "properties": { "node_id": 14152948070, "x": 80.2075601, "y": 12.9911109 }, "geometry": { "type": "Point", "coordinates": [ 80.2075601, 12.9911109 ] } },
{ "type": "Feature", "properties": { "node_id": 14152948071, "x": 80.2073233, "y": 12.9911938 }, "geometry": { "type": "Point", "coordinates": [ 80.2073233, 12.9911938 ] } },
{ "type": "Feature", "properties": { "node_id": 14209315070, "x": 80.1995625, "y": 12.9916239 }, "geometry": { "type": "Point", "coordinates": [ 80.1995625, 12.9916239 ] } },
{ "type": "Feature", "properties": { "node_id": 14209315080, "x": 80.1998627, "y": 12.9909408 }, "geometry": { "type": "Point", "coordinates": [ 80.1998627, 12.9909408 ] } },
{ "type": "Feature", "properties": { "node_id": 14230268783, "x": 80.2091216, "y": 12.9851976 }, "geometry": { "type": "Point", "coordinates": [ 80.2091216, 12.9851976 ] } }
]
}
